match_id,team,form_win_share
487653,Monte,1.0
487653,Team Falcons,0.3333333333333333
487656,B8 Esports,0.3333333333333333
487656,Monte,0.6666666666666666
557551,Rare Atom,0.5
557551,The Mongolz,0.5
557623,IKLA,0.3333333333333333
557623,Movistar Riders,0.3333333333333333
557625,1win Team,1.0
557625,9INE,0.3333333333333333
557626,IKLA,0.0
557626,ORKS,0.3333333333333333
557632,SAW,0.3333333333333333
557632,Team Spirit,0.6666666666666666
557633,Pompa Team,0.3333333333333333
557633,RUBIK,0.0
557637,Sinners Esports,0.6666666666666666
557637,The Prodigies,1.0
557638,Sangal Esports,0.0
557638,Sprout,0.0
557639,Apeks,0.6666666666666666
557639,Aurora Gaming,1.0
557642,Apeks,0.3333333333333333
557642,Sinners Esports,0.6666666666666666
557645,PARIVISION,0.6666666666666666
557645,Team Space,0.3333333333333333
557647,FORZE,0.6666666666666666
557647,Monte,1.0
557650,Monte,0.6666666666666666
557650,Team Space,0.6666666666666666
566812,Fnatic,0.3333333333333333
566812,Ninjas in Pyjamas,0.5
566813,Monte,0.6666666666666666
566813,OG,0.0
566814,Apeks,0.6666666666666666
566814,BIG,1.0
566815,9INE,0.3333333333333333
566815,Astralis,0.5
580027,FORZE,0.6666666666666666
580027,Preasy Esport,0.5
585168,ECSTATIC,1.0
585168,Virtus.pro,1.0
588338,1win Team,1.0
588338,Bad News Eagles,0.5
589042,BIG,0.6666666666666666
589042,FURIA Esports,1.0
589043,Heroic,0.3333333333333333
589043,Nouns Esports,1.0
589045,M80,0.5
589045,MOUZ,0.6666666666666666
589046,FaZe Clan,1.0
589046,SAW,0.3333333333333333
589047,Monte,0.6666666666666666
589047,Wildcard Gaming,0.0
589048,Ninjas in Pyjamas,1.0
589048,Virtus.pro,0.6666666666666666
589049,Cloud9,0.3333333333333333
589049,Fnatic,0.0
589226,9Pandas,1.0
589226,Preasy Esport,1.0
589725,Looking4Org,0.6666666666666666
589725,Team Falcons,0.3333333333333333
589731,9z Team,0.0
589731,Team Spirit,0.3333333333333333
589732,Movistar Riders,0.6666666666666666
589732,Virtus.pro,0.6666666666666666
589733,Aurora Gaming,0.3333333333333333
589733,Eternal Fire,0.0
589734,FURIA Esports,1.0
589734,Heroic,1.0
592593,1win Team,1.0
592593,Preasy Esport,1.0
593236,Apeks,0.3333333333333333
593236,Astralis,0.0
593237,9INE,0.3333333333333333
593237,BIG,1.0
593331,Fnatic,0.3333333333333333
593331,OG,0.0
593332,Monte,1.0
593332,Ninjas in Pyjamas,0.3333333333333333
593763,ECSTATIC,1.0
593763,Looking4Org,0.6666666666666666
597060,Cloud9,0.6666666666666666
597060,Virtus.pro,0.6666666666666666
597061,Fnatic,0.0
597061,Ninjas in Pyjamas,0.5
597261,9z Team,0.3333333333333333
597261,Movistar Riders,0.6666666666666666
597457,FaZe Clan,1.0
597457,Monte,1.0
597458,SAW,0.3333333333333333
597458,Wildcard Gaming,0.0
597459,Aurora Gaming,0.6666666666666666
597459,Heroic,0.5
601210,Fnatic,0.3333333333333333
601210,Virtus.pro,0.6666666666666666
601536,Rare Atom,0.5
601536,The Mongolz,0.5
602150,Monte,0.6666666666666666
602150,SAW,0.3333333333333333
602151,Ninjas in Pyjamas,0.0
602151,OG,0.3333333333333333
602567,9INE,0.3333333333333333
602567,Apeks,0.6666666666666666
606591,MOUZ,0.6666666666666666
606591,Team Spirit,0.3333333333333333
606592,Complexity,0.3333333333333333
606592,M80,0.0
607260,Monte,0.6666666666666666
607260,Movistar Riders,0.6666666666666666
607261,Aurora Gaming,0.6666666666666666
607261,BIG,1.0
607262,OG,0.6666666666666666
607262,Virtus.pro,0.6666666666666666
607263,Apeks,1.0
607263,FURIA Esports,0.6666666666666666
609844,BIG,0.6666666666666666
609844,Heroic,0.3333333333333333
609845,FURIA Esports,0.6666666666666666
609845,Nouns Esports,0.6666666666666666
609846,Aurora Gaming,1.0
609846,Monte,1.0
610310,Complexity,0.3333333333333333
610310,MOUZ,0.3333333333333333
611948,FaZe Clan,1.0
611948,Ninjas in Pyjamas,0.0
611949,MOUZ,0.3333333333333333
611949,Wings Up Gaming,0.0
611950,Astralis,0.0
611950,Lynn Vision Gaming,0.6666666666666666
613289,BIG,0.3333333333333333
613289,FURIA Esports,0.6666666666666666
613791,FURIA Esports,0.6666666666666666
613791,Virtus.pro,0.6666666666666666
614388,FaZe Clan,1.0
614388,MOUZ,0.6666666666666666
614389,BIG,0.6666666666666666
614389,Cloud9,0.6666666666666666
614390,Heroic,0.6666666666666666
614390,Virtus.pro,1.0
614391,Monte,0.6666666666666666
614391,Team Spirit,1.0
618020,Monte,1.0
618020,Virtus.pro,1.0
624609,Cloud9,1.0
624609,FaZe Clan,1.0
625803,Aurora Gaming,0.6666666666666666
625803,EYEBALLERS,0.6666666666666666
625805,SAW,0.0
625805,The Prodigies,0.6666666666666666
625806,FORZE,0.3333333333333333
625806,Movistar Riders,0.6666666666666666
625809,9INE,0.3333333333333333
625809,Sinners Esports,0.6666666666666666
625810,Looking4Org,0.6666666666666666
625810,Monte,0.3333333333333333
625956,B8 Esports,0.6666666666666666
625956,Pompa Team,0.0
625957,IKLA,0.3333333333333333
625957,Sangal Esports,0.0
625959,ORKS,0.0
625959,Sprout,0.3333333333333333
626378,Monte,0.6666666666666666
626378,Virtus.pro,1.0
627533,FaZe Clan,1.0
627533,Virtus.pro,1.0
630728,ARCRED,0.6666666666666666
630728,OG,0.6666666666666666
630731,BetBoom Team,0.0
630731,EYEBALLERS,0.6666666666666666
632664,Apeks,0.6666666666666666
632664,BIG,0.3333333333333333
632665,Aurora Gaming,0.0
632665,Eternal Fire,0.0
634158,ECSTATIC,0.6666666666666666
634158,Sinners Esports,0.3333333333333333
637062,ARCRED,0.6666666666666666
637062,Bad News Eagles,0.6666666666666666
637705,9Pandas,0.6666666666666666
637705,Aurora Gaming,0.3333333333333333
638216,Monte,0.3333333333333333
638216,Sinners Esports,0.6666666666666666
638217,9INE,0.6666666666666666
638217,Looking4Org,0.6666666666666666
638380,Aurora Gaming,0.3333333333333333
638380,PARIVISION,0.3333333333333333
638381,Movistar Riders,0.3333333333333333
638381,The Prodigies,0.3333333333333333
638387,FORZE,0.3333333333333333
638387,SAW,0.3333333333333333
638391,B8 Esports,0.6666666666666666
638391,BetBoom Team,0.3333333333333333
638557,Apeks,0.6666666666666666
638557,Team Spirit,0.6666666666666666
640014,Lynn Vision Gaming,0.6666666666666666
640014,TYLOO,0.3333333333333333
640016,Astralis,0.3333333333333333
640016,ENCE,0.3333333333333333
641382,9Pandas,0.6666666666666666
641382,Sinners Esports,0.6666666666666666
642313,PARIVISION,0.3333333333333333
642313,SAW,0.3333333333333333
642322,EYEBALLERS,0.6666666666666666
642322,FORZE,0.6666666666666666
642324,ARCRED,0.6666666666666666
642324,BetBoom Team,0.6666666666666666
644046,Ninjas in Pyjamas,0.0
644046,Wings Up Gaming,0.0
644047,FaZe Clan,1.0
644047,MOUZ,0.6666666666666666
644618,Heroic,0.6666666666666666
644618,Team Vitality,0.0
644619,Cloud9,0.6666666666666666
644619,Natus Vincere,0.3333333333333333
644620,FaZe Clan,1.0
644620,Ninjas in Pyjamas,0.3333333333333333
644787,Astralis,0.6666666666666666
644787,Complexity,0.3333333333333333
645503,ENCE,0.3333333333333333
645503,Ninjas in Pyjamas,0.3333333333333333
645504,Lynn Vision Gaming,0.6666666666666666
645504,MOUZ,0.3333333333333333
645591,BetBoom Team,1.0
645591,Sinners Esports,1.0
650639,Astralis,0.6666666666666666
650639,MOUZ,0.6666666666666666
651309,ENCE,0.6666666666666666
651309,FaZe Clan,1.0
651393,ALTERNATE aTTaX,0.3333333333333333
651393,IKLA,0.3333333333333333
651395,Anonymo Esports,0.6666666666666666
651395,Preasy Esport,0.3333333333333333
651396,Espionage,0.5
651396,Sprout,0.3333333333333333
651398,EYEBALLERS,1.0
651398,Guild Eagles,1.0
651399,ECSTATIC,0.3333333333333333
651399,FORZE,0.6666666666666666
651568,BIG,0.3333333333333333
651568,TSM,0.5
651569,00Nation,0.0
651569,Sprout,0.6666666666666666
651570,ALTERNATE aTTaX,0.0
651570,Sinners Esports,0.6666666666666666
651571,Anonymo Esports,0.6666666666666666
651571,MOUZ NXT,0.0
653253,Movistar Riders,0.6666666666666666
653253,SAW,0.6666666666666666
655887,FaZe Clan,1.0
655887,MOUZ,0.6666666666666666
656430,00Nation,0.3333333333333333
656430,BIG,0.6666666666666666
656852,BIG,0.3333333333333333
656852,Eternal Fire,0.0
656853,Apeks,0.6666666666666666
656853,Aurora Gaming,0.3333333333333333
657209,B8 Esports,0.6666666666666666
657209,Sangal Esports,0.3333333333333333
657380,RUBIK,0.6666666666666666
657380,Sprout,0.3333333333333333
657483,Guild Eagles,1.0
657483,Preasy Esport,0.6666666666666666
660879,Sinners Esports,0.6666666666666666
660879,paiN Gaming,1.0
661959,Anonymo Esports,0.3333333333333333
661959,Looking4Org,1.0
662108,Into The Breach,0.0
662108,MOUZ NXT,0.0
662109,ALTERNATE aTTaX,0.0
662109,Aurora Gaming,0.6666666666666666
662110,Legacy,0.0
662110,Team EndPoint,0.3333333333333333
662111,Sprout,0.3333333333333333
662111,TSM,0.0
664712,Aurora Gaming,0.6666666666666666
664712,FURIA Esports,0.3333333333333333
664713,Eternal Fire,0.0
664713,PARIVISION,0.3333333333333333
664714,9Pandas,0.6666666666666666
664714,BetBoom Team,1.0
664715,MIBR,1.0
664715,Movistar Riders,1.0
665456,FORZE,0.3333333333333333
665456,Movistar Riders,0.3333333333333333
665459,9INE,0.6666666666666666
665459,Sinners Esports,0.6666666666666666
669660,Legacy,0.5
669660,Sinners Esports,0.3333333333333333
669835,00Nation,0.3333333333333333
669835,Into The Breach,0.3333333333333333
670009,BIG,1.0
670009,Preasy Esport,1.0
670522,Anonymo Esports,0.3333333333333333
670522,paiN Gaming,1.0
670527,Looking4Org,0.6666666666666666
670527,TSM,0.5
671591,M80,0.3333333333333333
671591,Party Astronauts,0.5
673506,Sinners Esports,0.6666666666666666
673506,TSM,0.6666666666666666
673566,BetBoom Team,0.6666666666666666
673566,Movistar Riders,0.3333333333333333
673567,9Pandas,0.6666666666666666
673567,MIBR,1.0
673619,FORZE,0.3333333333333333
673619,Pera Esports,1.0
674022,ATOX Esports,0.5
674022,TYLOO,0.0
674023,New Happy,0.5
674023,The Mongolz,0.3333333333333333
674356,ALTERNATE aTTaX,1.0
674356,Into The Breach,0.6666666666666666
674377,Aurora Gaming,0.3333333333333333
674377,Movistar Riders,0.3333333333333333
674486,Aurora Gaming,0.0
674486,PARIVISION,0.3333333333333333
674487,Eternal Fire,0.3333333333333333
674487,FURIA Esports,0.3333333333333333
674833,Apeks,0.3333333333333333
674833,Pera Esports,0.5
676197,GamerLegion,0.3333333333333333
676197,MIBR,0.6666666666666666
676198,Team 3DMAX,0.5
676198,Virtus.pro,0.6666666666666666
676199,Eternal Fire,0.6666666666666666
676199,Nouns Esports,0.3333333333333333
676200,Monte,0.0
676200,TYLOO,0.3333333333333333
676201,Fluxo,0.5
676201,Imperial Esports,0.6666666666666666
676202,Meta Gaming,0.5
676202,Sharks Esports,0.6666666666666666
676204,9z Team,0.3333333333333333
676204,RED Canids,0.0
676206,TYLOO,0.3333333333333333
676206,The Mongolz,0.6666666666666666
677273,New Happy,0.5
677273,TYLOO,0.3333333333333333
677665,Apeks,0.6666666666666666
677665,Movistar Riders,0.6666666666666666
678163,BIG,0.6666666666666666
678163,MIBR,0.6666666666666666
678440,Aurora Gaming,0.3333333333333333
678440,FURIA Esports,0.3333333333333333
679891,Espionage,1.0
679891,SAW,0.6666666666666666
679892,ECSTATIC,0.6666666666666666
679892,Preasy Esport,1.0
679893,GODSENT,1.0
679893,Guild Eagles,0.3333333333333333
679894,9Pandas,1.0
679894,ALTERNATE aTTaX,0.6666666666666666
679896,Anonymo Esports,0.3333333333333333
679896,FORZE,0.0
679898,Entropiq,0.0
679898,Sprout,0.0
681265,Apeks,1.0
681265,FORZE,0.6666666666666666
682152,BIG,0.6666666666666666
682152,paiN Gaming,0.6666666666666666
682582,9Pandas,1.0
682582,FURIA Esports,0.6666666666666666
684490,BESTIA,1.0
684490,Case Esports,0.5
684959,Preasy Esport,1.0
684959,paiN Gaming,0.6666666666666666
685210,9Pandas,1.0
685210,Eternal Fire,1.0
685242,9INE,0.3333333333333333
685242,Apeks,1.0
686697,Complexity,0.3333333333333333
686697,FURIA Esports,0.3333333333333333
686698,Apeks,0.6666666666666666
686698,MOUZ,0.6666666666666666
686699,Fnatic,0.3333333333333333
686699,GamerLegion,0.3333333333333333
686700,ENCE,0.3333333333333333
686700,HAVU Gaming,0.5
688032,Aurora Gaming,0.3333333333333333
688032,MIBR,0.6666666666666666
688340,9INE,0.6666666666666666
688340,Team Spirit,1.0
694316,Cloud9,0.6666666666666666
694316,FaZe Clan,1.0
694317,Natus Vincere,0.0
694317,Ninjas in Pyjamas,0.3333333333333333
695006,Complexity,0.6666666666666666
695006,Team Vitality,0.3333333333333333
695007,Astralis,0.3333333333333333
695007,Heroic,0.3333333333333333
697699,Cloud9,0.3333333333333333
697699,Heroic,0.3333333333333333
698004,Complexity,0.3333333333333333
698004,Natus Vincere,0.3333333333333333
698192,Case Esports,0.0
698192,RED Canids,0.0
698193,9z Team,0.6666666666666666
698193,BESTIA,1.0
698604,Fluxo,0.0
698604,Meta Gaming,0.0
698605,Imperial Esports,0.6666666666666666
698605,Sharks Esports,0.6666666666666666
699512,Eternal Fire,0.3333333333333333
699512,TYLOO,0.3333333333333333
699513,Monte,0.3333333333333333
699513,Nouns Esports,0.3333333333333333
699859,GamerLegion,0.3333333333333333
699859,Team 3DMAX,0.0
699860,MIBR,1.0
699860,Virtus.pro,0.6666666666666666
700053,9Pandas,1.0
700053,SAW,0.6666666666666666
700054,Alliance,0.5
700054,Espionage,0.5
700055,ALTERNATE aTTaX,0.3333333333333333
700055,Sprout,0.6666666666666666
700056,EYEBALLERS,0.6666666666666666
700056,Preasy Esport,0.6666666666666666
700057,FORZE,0.3333333333333333
700057,GODSENT,0.5
700058,Entropiq,0.0
700058,IKLA,0.0
700107,Cloud9,0.6666666666666666
700107,Team Vitality,0.6666666666666666
700568,Complexity,0.6666666666666666
700568,FaZe Clan,1.0
700790,GamerLegion,0.3333333333333333
700790,Virtus.pro,0.3333333333333333
701026,Fluxo,0.5
701026,Sharks Esports,0.3333333333333333
701381,9z Team,0.3333333333333333
701381,Case Esports,0.5
702291,Eternal Fire,0.3333333333333333
702291,Nouns Esports,0.3333333333333333
702945,Eternal Fire,0.6666666666666666
702945,MIBR,1.0
702946,Monte,0.6666666666666666
702946,Virtus.pro,0.6666666666666666
703259,BESTIA,1.0
703259,Fluxo,0.6666666666666666
703471,Case Esports,0.6666666666666666
703471,Imperial Esports,0.6666666666666666
703484,FaZe Clan,1.0
703484,Team Vitality,1.0
703893,Fluxo,1.0
703893,Imperial Esports,1.0
705442,Guild Eagles,0.6666666666666666
705442,VERTEX,0.0
705443,BIG,0.3333333333333333
705443,Zero Tenacity,0.5
705445,SAW,1.0
705445,Team Space,0.3333333333333333
705446,Anonymo Esports,0.3333333333333333
705446,Sprout,1.0
705447,Fluxo,0.6666666666666666
705447,G2 Esports,0.6666666666666666
710107,Alliance,0.6666666666666666
710107,Prodigies Sweden,0.5
710108,GODSENT,0.3333333333333333
710108,Metizport,0.0
712803,ALTERNATE aTTaX,0.0
712803,Aurora Gaming,0.3333333333333333
713238,ENCE,0.3333333333333333
713238,Fnatic,0.0
713239,GamerLegion,0.6666666666666666
713239,HAVU Gaming,1.0
714117,ENCE,0.3333333333333333
714117,GamerLegion,0.3333333333333333
714455,FURIA Esports,1.0
714455,Team Spirit,1.0
714456,Astralis,0.0
714456,Virtus.pro,0.3333333333333333
714457,BetBoom Team,0.3333333333333333
714457,MIBR,0.6666666666666666
714458,Cloud9,0.3333333333333333
714458,GamerLegion,0.3333333333333333
715730,Complexity,0.3333333333333333
715730,MOUZ,0.3333333333333333
715731,Apeks,0.6666666666666666
715731,FURIA Esports,0.6666666666666666
716310,Legacy,0.3333333333333333
716310,RED Canids,0.0
716311,9Pandas,0.6666666666666666
716311,Into The Breach,0.6666666666666666
716325,FURIA Esports,0.3333333333333333
716325,MOUZ,0.3333333333333333
717650,VERTEX,0.0
717650,Zero Tenacity,0.0
717652,BIG,0.3333333333333333
717652,Guild Eagles,1.0
717826,G2 Esports,0.6666666666666666
717826,Sprout,1.0
718161,9Pandas,0.6666666666666666
718161,ECSTATIC,0.6666666666666666
718163,FORZE,0.6666666666666666
718163,Preasy Esport,0.6666666666666666
718164,EYEBALLERS,1.0
718164,Espionage,0.3333333333333333
718165,Anonymo Esports,0.6666666666666666
718165,GODSENT,0.6666666666666666
718166,ALTERNATE aTTaX,0.3333333333333333
718166,Entropiq,0.3333333333333333
718273,Apeks,0.6666666666666666
718273,ENCE,0.6666666666666666
718274,FURIA Esports,0.6666666666666666
718274,HAVU Gaming,1.0
718350,ALTERNATE aTTaX,0.0
718350,Team Space,0.0
718354,Aurora Gaming,0.3333333333333333
718354,SAW,1.0
718508,G2 Esports,0.3333333333333333
718508,MOUZ,0.3333333333333333
718509,FaZe Clan,0.6666666666666666
718509,Heroic,0.3333333333333333
718510,Natus Vincere,0.3333333333333333
718510,Team Vitality,1.0
718511,Cloud9,0.3333333333333333
718511,ENCE,0.6666666666666666
720310,Apeks,1.0
720310,FURIA Esports,0.6666666666666666
721561,NAVI Javelins,0.5
721561,Shimmer,0.5
721563,Fluxo Demons,0.5
721563,FlyQuest RED,0.5
722034,RED Canids,0.3333333333333333
722034,Sprout,0.6666666666666666
722282,Aurora Gaming,0.6666666666666666
722282,G2 Esports,0.6666666666666666
722284,SAW,0.6666666666666666
722284,Zero Tenacity,0.5
722448,ALTERNATE aTTaX,0.3333333333333333
722448,Guild Eagles,0.6666666666666666
722695,9Pandas,0.6666666666666666
722695,BIG,0.6666666666666666
722700,Anonymo Esports,0.6666666666666666
722700,Into The Breach,0.3333333333333333
724305,RED Canids,0.6666666666666666
724305,SAW,0.6666666666666666
724676,Anonymo Esports,0.6666666666666666
724676,Guild Eagles,0.6666666666666666
726504,Cloud9,0.6666666666666666
726504,MIBR,0.6666666666666666
726727,G2 Esports,0.6666666666666666
726727,Guild Eagles,0.6666666666666666
726930,Apeks,0.6666666666666666
726930,Team 3DMAX,0.0
727021,Aurora Gaming,1.0
727021,BIG,1.0
727022,9Pandas,0.6666666666666666
727022,SAW,0.6666666666666666
727033,Sinners Esports,0.6666666666666666
727033,Team Spirit,1.0
727282,9INE,0.3333333333333333
727282,EYEBALLERS,1.0
729099,Astralis,0.0
729099,FURIA Esports,0.6666666666666666
729100,Team Spirit,0.6666666666666666
729100,Virtus.pro,0.6666666666666666
729298,M80,1.0
729298,Virtus.pro,0.6666666666666666
729299,BESTIA,0.6666666666666666
729299,Monte,0.6666666666666666
729300,Apeks,0.3333333333333333
729300,GamerLegion,0.0
729301,Complexity,0.0
729301,The Mongolz,1.0
729553,ECSTATIC,0.3333333333333333
729553,Sprout,0.3333333333333333
729554,ALTERNATE aTTaX,0.6666666666666666
729554,Anonymo Esports,0.6666666666666666
729555,EYEBALLERS,1.0
729555,FORZE,0.6666666666666666
729673,FORZE,1.0
729673,Team Spirit,0.3333333333333333
729674,Apeks,0.3333333333333333
729674,EYEBALLERS,0.6666666666666666
729675,Sinners Esports,0.6666666666666666
729675,Team 3DMAX,0.3333333333333333
729783,Aurora Gaming,0.6666666666666666
729783,Guild Eagles,1.0
731974,FURIA Esports,0.6666666666666666
731974,Team Spirit,0.0
732062,Apeks,0.6666666666666666
732062,FORZE,1.0
733242,Preasy Esport,0.6666666666666666
733242,Team EndPoint,0.3333333333333333
733305,Fluxo Demons,1.0
733305,Nigma Galaxy Female,1.0
733533,FURIA Esports Female,0.0
733533,Shimmer,0.0
733782,MIBR,0.6666666666666666
733782,Team Spirit,0.3333333333333333
733929,FURIA Esports Female,0.5
733929,NAVI Javelins,0.5
734026,FORZE,1.0
734026,Sinners Esports,0.6666666666666666
734771,9Pandas,0.6666666666666666
734771,Preasy Esport,1.0
734773,FORZE,0.6666666666666666
734773,SAW,0.6666666666666666
735354,Preasy Esport,0.6666666666666666
735354,TSM,0.6666666666666666
735426,Team Spirit,0.6666666666666666
735426,Virtus.pro,1.0
735864,FORZE,1.0
735864,Team 3DMAX,0.6666666666666666
738803,Aurora Gaming,0.3333333333333333
738803,Guild Eagles,0.6666666666666666
738902,ALTERNATE aTTaX,0.6666666666666666
738902,Preasy Esport,0.6666666666666666
739218,9INE,0.0
739218,FORZE,0.6666666666666666
739488,BIG,1.0
739488,Sprout,0.3333333333333333
741744,Aurora Gaming,0.6666666666666666
741744,BIG,1.0
743205,Cloud9,0.3333333333333333
743205,Team Vitality,1.0
743206,ENCE,0.3333333333333333
743206,Natus Vincere,0.3333333333333333
743697,FaZe Clan,0.6666666666666666
743697,G2 Esports,0.3333333333333333
743698,Heroic,0.3333333333333333
743698,MOUZ,0.3333333333333333
745398,Cloud9,0.3333333333333333
745398,MOUZ,0.3333333333333333
745730,G2 Esports,0.3333333333333333
745730,Natus Vincere,0.3333333333333333
746971,FaZe Clan,0.6666666666666666
746971,MOUZ,0.6666666666666666
747276,Natus Vincere,0.6666666666666666
747276,Team Vitality,1.0
747511,BESTIA,0.3333333333333333
747511,M80,0.6666666666666666
747512,Monte,0.6666666666666666
747512,Virtus.pro,0.6666666666666666
748298,Complexity,0.3333333333333333
748298,The Mongolz,0.6666666666666666
749339,FaZe Clan,1.0
749339,Team Vitality,1.0
749416,BESTIA,0.3333333333333333
749416,Monte,0.3333333333333333
749769,Apeks,0.6666666666666666
749769,Monte,0.6666666666666666
749770,The Mongolz,0.6666666666666666
749770,Virtus.pro,0.6666666666666666
751439,Apeks,1.0
751439,Virtus.pro,1.0
759391,FTW,0.3333333333333333
759391,The Witchers,0.5
759392,Aurora Young Blood,0.0
759392,Metizport,0.0
759393,Illuminar,0.5
759393,Rhyno Esports,0.5
762276,Illuminar,1.0
762276,VP.Prodigy,1.0
762527,FTW,0.0
762527,Metizport,0.0
762528,Aurora Young Blood,0.5
762528,The Witchers,1.0
763322,Alliance,0.3333333333333333
763322,Illuminar,0.5
764514,Metizport,0.6666666666666666
764514,VP.Prodigy,1.0
765392,Metizport,1.0
765392,The Witchers,1.0
778713,Pera Esports,0.3333333333333333
778713,Permitta Esports,0.0
778715,Sinners Esports,0.3333333333333333
778715,V1dar Gaming,0.5
778716,00Nation,0.3333333333333333
778716,IKLA,0.3333333333333333
778717,PrizyvaNet,0.5
778717,sYnck,0.0
778766,HAVU Gaming,0.3333333333333333
778766,Heroic,0.6666666666666666
780410,Wildcard Gaming,0.0
780410,vagrants,0.3333333333333333
780411,Carpe Diem,0.5
780411,Los Grandes,0.6666666666666666
780412,Party Astronauts,0.3333333333333333
780412,my life be like,0.6666666666666666
780413,BOSS,0.5
780413,Cloud 10,0.6666666666666666
780414,Badass Gaming,0.5
780414,NRG Esports,0.6666666666666666
780415,Nouns Esports,0.3333333333333333
780415,Team Liquid,1.0
780416,M80,0.3333333333333333
780416,Rocket,1.0
780417,Complexity,0.3333333333333333
780417,FLUFFY AIMERS,0.3333333333333333
781003,00Nation,0.3333333333333333
781003,sYnck,0.3333333333333333
781057,500,0.5
781057,Team Space,0.6666666666666666
781060,Infinite Gaming,0.5
781060,Permitta Esports,0.0
781520,New Happy,0.3333333333333333
781520,Rare Atom,0.3333333333333333
781521,Steel Helmet,0.0
781521,Wings Up Gaming,0.0
787187,Fluxo,0.0
787187,adalYamigos,0.0
787188,Sharks Esports,0.3333333333333333
787188,TIMACETA,0.0
787190,BESTIA,0.3333333333333333
787190,Flamengo Esports,0.5
787191,Case Esports,0.3333333333333333
787191,RED Canids,0.3333333333333333
787192,paiN Gaming,0.3333333333333333
787192,w7m esports,0.3333333333333333
787377,Cloud9,1.0
787377,Heroic,0.6666666666666666
787378,BIG,0.0
787378,Virtus.pro,0.6666666666666666
787379,Team Liquid,0.6666666666666666
787379,Team Spirit,1.0
787380,FaZe Clan,0.6666666666666666
787380,GamerLegion,0.0
787381,Complexity,1.0
787381,Natus Vincere,1.0
787382,G2 Esports,0.3333333333333333
787382,Ninjas in Pyjamas,0.3333333333333333
787383,Astralis,0.6666666666666666
787383,Team Falcons,0.0
787384,OG,0.6666666666666666
787384,Team Vitality,1.0
790966,FORZE,0.3333333333333333
790966,Heroic,1.0
790976,JANO Esports,0.6666666666666666
790976,Team 3DMAX,1.0
792766,Badass Gaming,0.6666666666666666
792766,NRG Esports,0.3333333333333333
792767,MIGHT,0.0
792767,Wildcard Gaming,0.6666666666666666
792768,Carpe Diem,0.3333333333333333
792768,Rocket,0.6666666666666666
792769,Nouns Esports,0.6666666666666666
792769,Zomblers,0.5
794080,Fnatic,0.3333333333333333
794080,Sinners Esports,0.3333333333333333
794081,JANO Esports,0.6666666666666666
794081,OG,0.6666666666666666
794083,Permitta Esports,0.3333333333333333
794083,Zero Tenacity,0.6666666666666666
794088,Aurora Gaming,0.3333333333333333
794088,ex-ThunderFlash,0.6666666666666666
794089,Entropiq,0.3333333333333333
794089,Team Spirit,0.6666666666666666
794090,EYEBALLERS,0.6666666666666666
794090,Pera Esports,0.0
794092,FORZE,0.3333333333333333
794092,sYnck,0.0
794633,Aurora Gaming,0.0
794633,FORZE,0.0
794634,EYEBALLERS,0.3333333333333333
794634,Entropiq,0.0
794635,AMKAL Esports,1.0
794635,Astralis,1.0
794636,Eternal Fire,0.6666666666666666
794636,MOUZ,0.6666666666666666
794637,JANO Esports,0.3333333333333333
794637,Permitta Esports,0.0
794638,Nexus Gaming,0.3333333333333333
794638,Sinners Esports,0.0
794639,Natus Vincere,0.6666666666666666
794639,Virtus.pro,1.0
794641,BIG,0.6666666666666666
794641,Fnatic,0.3333333333333333
794642,OG,0.6666666666666666
794642,Team 3DMAX,0.6666666666666666
794644,SAW,0.3333333333333333
794644,Zero Tenacity,0.6666666666666666
794645,ex-ThunderFlash,0.6666666666666666
794645,sYnck,0.3333333333333333
794647,Preasy Esport,0.6666666666666666
794647,Team Spirit,0.6666666666666666
795943,Rare Atom,0.3333333333333333
795943,SHPL,0.0
795995,DXA Esports,0.0
795995,RKON,0.0
796253,Bad News Kangaroos,1.0
796253,Rooster,1.0
796336,Lynn Vision Gaming,0.6666666666666666
796336,TYLOO,0.6666666666666666
796377,Drippy Lab,0.0
796377,Troublemakers,0.0
796378,2ez Gaming,0.0
796378,RESILIENCE,0.0
796381,Eruption,0.0
796381,Fort Arena,0.0
796508,Team NKT,0.0
796508,The Huns Esports,0.0
797870,MOUZ,0.6666666666666666
797870,Team Spirit,0.6666666666666666
797872,Astralis,0.6666666666666666
797872,Pera Esports,0.6666666666666666
797873,FORZE,0.3333333333333333
797873,Preasy Esport,0.3333333333333333
797874,Heroic,0.3333333333333333
797874,IKLA,0.3333333333333333
797875,Entropiq,0.3333333333333333
797875,sYnck,0.3333333333333333
797876,9Pandas,0.6666666666666666
797876,SAW,0.6666666666666666
797878,Fnatic,0.6666666666666666
797878,Virtus.pro,0.6666666666666666
797879,Team 3DMAX,0.3333333333333333
797879,Zero Tenacity,0.3333333333333333
797880,BIG,0.3333333333333333
797880,Nexus Gaming,0.3333333333333333
797881,ECSTATIC,0.3333333333333333
797881,Permitta Esports,0.3333333333333333
798969,DXA Esports,0.5
798969,Mindfreak,0.5
799131,Flamengo Esports,0.0
799131,Galorys,0.0
799132,Case Esports,0.0
799132,adalYamigos,0.0
799363,Grayhound Gaming,0.6666666666666666
799363,Mindfreak,0.6666666666666666
799496,GR Gaming,0.5
799496,The Huns Esports,0.5
799585,New Happy,0.6666666666666666
799585,Rare Atom,0.6666666666666666
800021,Rooster,0.3333333333333333
800021,Virtus.pro,1.0
800022,GamerLegion,0.3333333333333333
800022,M80,1.0
800023,Apeks,0.6666666666666666
800023,Team Spirit,0.3333333333333333
800024,FURIA Esports,0.3333333333333333
800024,The Mongolz,0.6666666666666666
800025,BIG,0.3333333333333333
800025,ENCE,0.0
800026,Astralis,0.6666666666666666
800026,Heroic,0.3333333333333333
800038,Eruption,0.6666666666666666
800038,The Huns Esports,0.6666666666666666
800315,9Pandas,0.3333333333333333
800315,Team 3DMAX,0.3333333333333333
800316,ECSTATIC,0.6666666666666666
800316,Fnatic,0.6666666666666666
800317,Nexus Gaming,0.6666666666666666
800317,OG,0.6666666666666666
801291,Preasy Esport,0.3333333333333333
801291,Team 3DMAX,0.3333333333333333
801292,Nexus Gaming,0.6666666666666666
801292,sYnck,0.3333333333333333
802131,Bad News Kangaroos,1.0
802131,Grayhound Gaming,1.0
802162,9z Team,0.6666666666666666
802162,w7m esports,0.6666666666666666
802163,Imperial Esports,0.6666666666666666
802163,paiN Gaming,0.6666666666666666
802164,ODDIK,0.6666666666666666
802164,RED Canids,0.6666666666666666
802166,Flamengo Esports,0.3333333333333333
802166,TIMACETA,0.3333333333333333
802329,Rare Atom,1.0
802329,TYLOO,0.6666666666666666
805127,Bad News Kangaroos,0.3333333333333333
805127,Rooster,0.0
805128,Grayhound Gaming,1.0
805128,Mindfreak,0.6666666666666666
805765,Mindfreak,0.3333333333333333
805765,Rooster,0.3333333333333333
806177,Complexity,0.6666666666666666
806177,Ninjas in Pyjamas,0.0
806178,G2 Esports,0.3333333333333333
806178,Natus Vincere,1.0
806777,OG,0.3333333333333333
806777,Team Falcons,0.0
806778,Astralis,0.6666666666666666
806778,Team Vitality,1.0
809464,G2 Esports,0.3333333333333333
809464,Ninjas in Pyjamas,0.3333333333333333
810096,Team Falcons,0.3333333333333333
810096,Team Vitality,0.6666666666666666
812849,FaZe Clan,0.3333333333333333
812849,Team Spirit,0.6666666666666666
812850,GamerLegion,0.3333333333333333
812850,Team Liquid,0.6666666666666666
813405,BIG,0.0
813405,Heroic,0.6666666666666666
813406,Cloud9,1.0
813406,Virtus.pro,0.6666666666666666
815409,FaZe Clan,0.3333333333333333
815409,GamerLegion,0.3333333333333333
816384,BIG,0.3333333333333333
816384,Cloud9,0.6666666666666666
818252,Astralis,1.0
818252,Team Vitality,0.6666666666666666
818472,G2 Esports,0.6666666666666666
818472,Natus Vincere,1.0
818886,FaZe Clan,0.6666666666666666
818886,Team Liquid,0.6666666666666666
819092,BIG,0.6666666666666666
819092,Virtus.pro,1.0
821095,G2 Esports,0.3333333333333333
821095,Team Liquid,0.6666666666666666
821411,Astralis,0.6666666666666666
821411,BIG,0.6666666666666666
822503,Metizport,0.6666666666666666
822503,Team Sampi,0.0
822504,ALTERNATE aTTaX,0.0
822504,Sangal Esports,0.3333333333333333
822505,Espionage,1.0
822505,Permitta Esports,0.3333333333333333
822506,9INE,0.3333333333333333
822506,Bleed Esports,0.0
822507,Entropiq,0.3333333333333333
822507,Team EndPoint,0.3333333333333333
822508,500,0.3333333333333333
822508,GODSENT,0.0
822509,Alliance,0.3333333333333333
822509,Passion UA,0.6666666666666666
826771,RUBY,0.5
826771,THE SUSPECT,0.5
831943,Astralis,0.3333333333333333
831943,ENCE,0.0
831944,BIG,0.3333333333333333
831944,Heroic,0.3333333333333333
832377,M80,0.6666666666666666
832377,Rooster,0.3333333333333333
832378,Apeks,0.3333333333333333
832378,FURIA Esports,0.3333333333333333
832380,GamerLegion,0.3333333333333333
832380,Virtus.pro,1.0
832381,Team Spirit,0.3333333333333333
832381,The Mongolz,0.6666666666666666
835097,Cloud9,0.3333333333333333
835097,Virtus.pro,0.6666666666666666
835282,Apeks,0.3333333333333333
835282,BIG,0.3333333333333333
835283,ENCE,0.3333333333333333
835283,The Mongolz,0.3333333333333333
837313,GamerLegion,0.6666666666666666
837313,Monte,0.3333333333333333
837314,G2 Esports,0.6666666666666666
837314,Heroic,0.6666666666666666
837315,Natus Vincere,1.0
837315,Team Spirit,0.6666666666666666
837316,Eternal Fire,1.0
837316,Team Falcons,0.3333333333333333
837659,Cloud9,0.6666666666666666
837659,MOUZ,0.3333333333333333
837660,ENCE,0.6666666666666666
837660,Team Vitality,0.6666666666666666
837661,Apeks,0.6666666666666666
837661,Complexity,0.3333333333333333
837891,GODSENT,0.3333333333333333
837891,Sangal Esports,0.3333333333333333
837892,Bleed Esports,0.3333333333333333
837892,Passion UA,0.6666666666666666
837893,Metizport,0.6666666666666666
837893,Sprout,0.6666666666666666
837894,Permitta Esports,0.6666666666666666
837894,Team EndPoint,0.6666666666666666
837895,500,0.0
837895,ALTERNATE aTTaX,0.0
837898,Entropiq,0.3333333333333333
837898,Espionage,0.6666666666666666
839270,Eternal Fire,1.0
839270,FaZe Clan,1.0
839541,Apeks,0.6666666666666666
839541,Natus Vincere,0.6666666666666666
839543,Complexity,0.3333333333333333
839543,Team Spirit,1.0
839722,ENCE,1.0
839722,G2 Esports,0.6666666666666666
839723,Heroic,0.6666666666666666
839723,Team Vitality,0.6666666666666666
841469,GamerLegion,1.0
841469,MOUZ,0.6666666666666666
841470,Cloud9,0.6666666666666666
841470,Monte,0.3333333333333333
841734,Eternal Fire,0.6666666666666666
841734,Natus Vincere,0.6666666666666666
841904,Complexity,0.3333333333333333
841904,Team Falcons,0.3333333333333333
842070,FaZe Clan,1.0
842070,Team Spirit,1.0
844176,GamerLegion,0.6666666666666666
844176,Heroic,0.6666666666666666
844328,ENCE,1.0
844328,MOUZ,1.0
844329,G2 Esports,0.6666666666666666
844329,Monte,0.3333333333333333
844897,Natus Vincere,0.6666666666666666
844897,Team Falcons,0.6666666666666666
847132,G2 Esports,0.6666666666666666
847132,Heroic,0.6666666666666666
847918,FaZe Clan,0.6666666666666666
847918,G2 Esports,0.6666666666666666
847919,ENCE,0.6666666666666666
847919,Team Falcons,1.0
849272,Apeks,0.3333333333333333
849272,ex-Anonymo Esports,0.5
849274,Fnatic,0.6666666666666666
849274,Team EndPoint,0.6666666666666666
849615,Team 3DMAX,0.6666666666666666
849615,Team Falcons,0.6666666666666666
849617,AMKAL Esports,0.3333333333333333
849617,ENTERPRISE esports,0.5
849618,Eternal Fire,0.3333333333333333
849618,Ninjas in Pyjamas,0.3333333333333333
849619,G2 Esports,0.6666666666666666
849619,Into The Breach,0.3333333333333333
849621,SAW,0.6666666666666666
849621,Virtus.pro,0.3333333333333333
849622,9Pandas,0.3333333333333333
849622,FaZe Clan,0.6666666666666666
851025,AMKAL Esports,1.0
851025,Insilio,0.6666666666666666
851026,Guild Eagles,1.0
851026,RUBY,0.6666666666666666
851027,Espionage,0.6666666666666666
851027,FORZE,0.3333333333333333
853197,Heroic,0.6666666666666666
853197,Preasy Esport,0.6666666666666666
853198,Astralis,0.3333333333333333
853198,Nexus Gaming,0.6666666666666666
853199,Apeks,0.6666666666666666
853199,OG,0.3333333333333333
853200,Cloud9,0.3333333333333333
853200,Pera Esports,0.3333333333333333
853201,ECSTATIC,0.6666666666666666
853201,Monte,1.0
853202,ENCE,0.3333333333333333
853202,Team Spirit,1.0
853203,Guild Eagles,0.3333333333333333
853203,MOUZ,0.6666666666666666
853204,GamerLegion,0.3333333333333333
853204,Team Vitality,0.3333333333333333
854449,Guild Eagles,0.6666666666666666
854449,Insilio,0.3333333333333333
854451,AMKAL Esports,1.0
854451,RUBY,0.6666666666666666
854452,Espionage,0.6666666666666666
854452,Nemiga Gaming,1.0
855147,FORZE,0.3333333333333333
855147,RUBY,0.3333333333333333
855148,AMKAL Esports,1.0
855148,Nemiga Gaming,1.0
857715,Espionage,0.6666666666666666
857715,FORZE,0.6666666666666666
857776,FaZe Clan,0.6666666666666666
857776,MOUZ,1.0
858102,AMKAL Esports,0.6666666666666666
858102,Espionage,0.6666666666666666
858291,Team Falcons,1.0
858291,Team Spirit,1.0
858548,Metizport,1.0
858548,Team EndPoint,0.0
858549,Bleed Esports,0.6666666666666666
858549,GODSENT,0.6666666666666666
858550,Espionage,0.6666666666666666
858550,Team Sampi,0.3333333333333333
858553,Permitta Esports,0.3333333333333333
858553,Sprout,0.6666666666666666
858554,9INE,0.0
858554,Entropiq,0.0
858555,500,0.3333333333333333
858555,Nigma Galaxy Female,0.3333333333333333
861321,Espionage,1.0
861321,Nemiga Gaming,1.0
861529,FaZe Clan,0.6666666666666666
861529,Team Spirit,1.0
862188,Apeks,0.6666666666666666
862188,Team 3DMAX,0.6666666666666666
862189,Metizport,0.6666666666666666
862189,Sprout,0.6666666666666666
864737,Apeks,1.0
864737,Metizport,0.6666666666666666
877139,Eternal Fire,0.3333333333333333
877139,G2 Esports,0.6666666666666666
877140,ENTERPRISE esports,0.6666666666666666
877140,Natus Vincere,0.6666666666666666
877141,Fnatic,0.3333333333333333
877141,Virtus.pro,0.3333333333333333
877142,FaZe Clan,0.6666666666666666
877142,Team Falcons,0.6666666666666666
877145,9Pandas,0.3333333333333333
877145,SAW,0.6666666666666666
877146,AMKAL Esports,0.0
877146,Ninjas in Pyjamas,0.3333333333333333
878392,Into The Breach,0.0
878392,Team 3DMAX,0.0
878393,Natus Vincere,0.6666666666666666
878393,Virtus.pro,0.6666666666666666
878394,Ninjas in Pyjamas,0.0
878394,SAW,0.3333333333333333
878395,FaZe Clan,0.6666666666666666
878395,G2 Esports,0.6666666666666666
878396,AMKAL Esports,0.3333333333333333
878396,Fnatic,0.3333333333333333
878398,Eternal Fire,0.3333333333333333
878398,Team Falcons,0.3333333333333333
882157,ENTERPRISE esports,0.3333333333333333
882157,SAW,0.3333333333333333
882159,Eternal Fire,0.6666666666666666
882159,FaZe Clan,0.6666666666666666
882160,9Pandas,0.3333333333333333
882160,Team 3DMAX,0.3333333333333333
882161,AMKAL Esports,0.3333333333333333
882161,Team Falcons,0.3333333333333333
885877,Fnatic,0.3333333333333333
885877,SAW,0.6666666666666666
885878,9Pandas,0.6666666666666666
885878,AMKAL Esports,0.6666666666666666
889068,Monte,0.6666666666666666
889068,Sinners Esports,0.6666666666666666
889069,Aurora Gaming,0.6666666666666666
889069,B8 Esports,0.6666666666666666
894033,Astralis,0.3333333333333333
894033,Team Spirit,1.0
894034,Apeks,0.6666666666666666
894034,Cloud9,0.3333333333333333
894206,ECSTATIC,0.6666666666666666
894206,MOUZ,0.6666666666666666
894207,Monte,0.6666666666666666
894207,Nexus Gaming,0.3333333333333333
894208,OG,0.0
894208,Preasy Esport,0.3333333333333333
894987,MOUZ,0.6666666666666666
894987,Team Spirit,1.0
894988,Pera Esports,0.0
894988,Preasy Esport,0.3333333333333333
894989,Cloud9,0.6666666666666666
894989,Team Vitality,0.6666666666666666
894990,Guild Eagles,0.0
894990,Nexus Gaming,0.3333333333333333
894991,Astralis,0.3333333333333333
894991,Heroic,0.3333333333333333
894992,ENCE,0.3333333333333333
894992,GamerLegion,0.3333333333333333
894993,Apeks,0.3333333333333333
894993,Monte,0.6666666666666666
894994,ECSTATIC,0.6666666666666666
894994,OG,0.3333333333333333
898155,Guild Eagles,0.3333333333333333
898155,Preasy Esport,0.3333333333333333
898156,Heroic,0.6666666666666666
898156,Team Spirit,0.6666666666666666
898157,ENCE,0.6666666666666666
898157,Team Vitality,0.6666666666666666
898158,GamerLegion,0.3333333333333333
898158,OG,0.3333333333333333
898159,Apeks,0.6666666666666666
898159,ECSTATIC,0.6666666666666666
898160,Astralis,0.3333333333333333
898160,Monte,0.3333333333333333
901928,GamerLegion,0.6666666666666666
901928,Heroic,0.3333333333333333
901929,Astralis,0.3333333333333333
901929,ENCE,0.6666666666666666
904915,Fnatic,0.3333333333333333
904915,GamerLegion,0.3333333333333333
904916,BetBoom Team,0.3333333333333333
904916,Guild Eagles,0.6666666666666666
904917,9Pandas,0.3333333333333333
904917,Astralis,0.3333333333333333
907488,ECSTATIC,0.6666666666666666
907488,Team 3DMAX,0.3333333333333333
907489,Monte,0.3333333333333333
907489,PARIVISION,0.3333333333333333
907490,Rebels Gaming,0.3333333333333333
907490,Sangal Esports,0.3333333333333333
907491,Aurora Gaming,0.3333333333333333
907491,HAVU Gaming,0.3333333333333333
908100,GamerLegion,0.6666666666666666
908100,Guild Eagles,0.6666666666666666
908532,9z Team,0.6666666666666666
908532,FURIA Esports,0.6666666666666666
910831,9Pandas,0.6666666666666666
910831,GamerLegion,0.6666666666666666
916250,ATOX Esports,0.3333333333333333
916250,Myth Avenue Gaming,0.3333333333333333
916645,JiJieHao,0.6666666666666666
916645,Twisted Minds,0.3333333333333333
916982,Lynn Vision Gaming,1.0
916982,The Mongolz,0.6666666666666666
917096,Imperial Esports,0.3333333333333333
917096,NRG Esports,0.3333333333333333
917097,BESTIA,0.3333333333333333
917097,Team Liquid,1.0
917098,RED Canids,0.3333333333333333
917098,Wildcard Gaming,0.0
917099,Legacy,0.6666666666666666
917099,paiN Gaming,0.6666666666666666
917100,BOSS,0.3333333333333333
917100,MIBR,0.6666666666666666
917101,M80,0.3333333333333333
917101,ODDIK,1.0
917102,Complexity,0.3333333333333333
917102,Elevate,0.5
917103,FURIA Esports,0.6666666666666666
917103,Nouns Esports,0.6666666666666666
917104,9INE,0.0
917104,Sangal Esports,0.3333333333333333
917106,RUSH B,0.0
917106,SAW,1.0
920689,Grayhound Gaming,0.6666666666666666
920689,JiJieHao,0.6666666666666666
921537,ATOX Esports,0.6666666666666666
921537,Grayhound Gaming,0.6666666666666666
922888,BIG,0.3333333333333333
922888,GamerLegion,0.6666666666666666
922889,Elevate,0.0
922889,Team Spirit,0.6666666666666666
922890,Imperial Esports,1.0
922890,Monte,0.0
922891,Metizport,1.0
922891,Team Falcons,0.0
922892,Complexity,0.6666666666666666
922892,OG,0.3333333333333333
922893,SAW,1.0
922893,Team Liquid,0.3333333333333333
922894,Heroic,0.6666666666666666
922894,Ninjas in Pyjamas,0.0
922895,Cloud9,1.0
922895,Rare Atom,0.0
923736,AMKAL Esports,0.6666666666666666
923736,Young Ninjas,0.5
924485,Grayhound Gaming,0.6666666666666666
924485,Lynn Vision Gaming,0.6666666666666666
926163,Aurora Gaming,0.3333333333333333
926163,ex-ENEIDA,0.0
926359,Bleed Esports,0.6666666666666666
926359,Young Ninjas,0.5
926360,AMKAL Esports,0.6666666666666666
926360,BIG,0.0
926740,9Pandas,1.0
926740,FORZE,0.6666666666666666
926742,Aurora Gaming,0.6666666666666666
926742,Team Spirit Academy,0.5
929389,HAVU Gaming,0.3333333333333333
929389,Sangal Esports,0.3333333333333333
929390,Aurora Gaming,0.6666666666666666
929390,Rebels Gaming,0.3333333333333333
929683,9Pandas,0.6666666666666666
929683,Aurora Gaming,1.0
929696,ECSTATIC,0.3333333333333333
929696,PARIVISION,0.0
931781,Aurora Gaming,1.0
931781,FORZE,1.0
931893,BIG,0.3333333333333333
931893,Young Ninjas,0.3333333333333333
932256,Fnatic,0.3333333333333333
932256,Preasy Esport,0.3333333333333333
932754,Legacy,0.6666666666666666
932754,Nouns Esports,0.3333333333333333
932755,Elevate,0.0
932755,ODDIK,0.6666666666666666
932756,BESTIA,0.3333333333333333
932756,Wildcard Gaming,0.0
932757,MIBR,0.6666666666666666
932757,NRG Esports,0.3333333333333333
932758,Imperial Esports,0.3333333333333333
932758,M80,0.6666666666666666
932759,FURIA Esports,0.6666666666666666
932759,Team Liquid,1.0
932760,RED Canids,0.6666666666666666
932760,paiN Gaming,0.6666666666666666
932761,BOSS,0.3333333333333333
932761,Complexity,0.3333333333333333
933167,Passion UA,0.6666666666666666
933167,Permitta Esports,0.3333333333333333
933168,Alliance,0.6666666666666666
933168,Espionage,0.3333333333333333
933169,GODSENT,0.0
933169,Team EndPoint,0.3333333333333333
933170,500,0.3333333333333333
933170,Entropiq,0.3333333333333333
933171,Sangal Esports,0.3333333333333333
933171,Team Sampi,0.3333333333333333
934079,Rebels Gaming,0.3333333333333333
934079,Sangal Esports,0.3333333333333333
934251,ECSTATIC,0.6666666666666666
934251,Monte,0.3333333333333333
934500,Legacy,0.6666666666666666
934500,MIBR,0.6666666666666666
934501,ODDIK,0.6666666666666666
934501,RED Canids,0.6666666666666666
934502,Complexity,0.6666666666666666
934502,FURIA Esports,0.6666666666666666
934503,Imperial Esports,0.6666666666666666
934503,paiN Gaming,1.0
934504,M80,0.3333333333333333
934504,Wildcard Gaming,0.3333333333333333
934505,BOSS,0.3333333333333333
934505,Team Liquid,0.6666666666666666
934855,Metizport,0.6666666666666666
934855,RUSH B,0.0
934857,Nexus Gaming,0.0
934857,TSM,0.3333333333333333
934859,ECSTATIC,0.6666666666666666
934859,Sinners Esports,0.6666666666666666
934860,Fnatic,0.6666666666666666
934860,GODSENT,0.3333333333333333
935361,Sangal Esports,0.6666666666666666
935361,TSM,0.3333333333333333
935362,9INE,0.0
935362,EYEBALLERS,0.0
935364,Sinners Esports,0.3333333333333333
935364,Sprout,0.0
935368,Monte,0.3333333333333333
935368,SAW,1.0
937140,Fnatic,0.6666666666666666
937140,Team 3DMAX,0.6666666666666666
937141,Aurora Gaming,1.0
937141,Young Ninjas,0.3333333333333333
937370,Complexity,0.6666666666666666
937370,Team Liquid,0.6666666666666666
937371,Legacy,0.6666666666666666
937371,M80,0.6666666666666666
937372,ODDIK,0.6666666666666666
937372,paiN Gaming,0.6666666666666666
939136,ALTERNATE aTTaX,0.3333333333333333
939136,brazylijski luz,0.5
939518,Fnatic,0.6666666666666666
939518,Young Ninjas,0.6666666666666666
939991,BetBoom Team,0.6666666666666666
939991,Bleed Esports,1.0
940693,FORZE,0.6666666666666666
940693,Team 3DMAX,0.6666666666666666
941772,FURIA Esports,1.0
941772,Legacy,1.0
941775,Heroic,0.6666666666666666
941775,Lynn Vision Gaming,0.6666666666666666
941776,Apeks,0.3333333333333333
941776,paiN Gaming,0.6666666666666666
941777,ENCE,0.3333333333333333
941777,Imperial Esports,0.6666666666666666
941778,Eternal Fire,0.6666666666666666
941778,The Mongolz,1.0
941779,Cloud9,0.6666666666666666
941779,ECSTATIC,0.3333333333333333
942893,AMKAL Esports,0.3333333333333333
942893,Zero Tenacity,1.0
944724,Bleed Esports,1.0
944724,Fnatic,0.6666666666666666
948418,Sinners Esports,0.3333333333333333
948418,brazylijski luz,0.0
948419,Apeks,0.6666666666666666
948419,PARIVISION,0.0
950455,Cloud9,1.0
950455,SAW,1.0
950495,GODSENT,0.0
950495,Passion UA,0.3333333333333333
950496,500,0.6666666666666666
950496,Sangal Esports,0.6666666666666666
955933,Metizport,1.0
955933,Monte,0.3333333333333333
956501,ENCE,0.6666666666666666
956501,Metizport,0.6666666666666666
956502,Heroic,0.6666666666666666
956502,Preasy Esport,1.0
956504,B8 Esports,0.6666666666666666
956504,Virtus.pro,1.0
959458,BIG,0.6666666666666666
959458,Team Spirit,0.6666666666666666
963330,9INE,0.0
963330,9Pandas,0.3333333333333333
963331,EYEBALLERS,0.3333333333333333
963331,TSM,0.3333333333333333
963332,ALTERNATE aTTaX,0.6666666666666666
963332,Sinners Esports,0.0
963334,B8 Esports,1.0
963334,Team Space,0.0
963335,PARIVISION,0.6666666666666666
963335,Team 3DMAX,0.3333333333333333
963337,SAW,1.0
963337,System5,1.0
963338,Monte,0.3333333333333333
963338,Pera Esports,0.0
963502,OG,0.6666666666666666
963502,SAW,1.0
964523,Metizport,1.0
964523,Team Spirit,1.0
973537,Metizport,0.3333333333333333
973537,Preasy Esport,0.6666666666666666
973538,ENCE,0.6666666666666666
973538,Heroic,0.6666666666666666
973749,Apeks,0.6666666666666666
973749,Virtus.pro,1.0
974357,B8 Esports,0.3333333333333333
974357,ENCE,0.6666666666666666
974560,Heroic,0.6666666666666666
974560,Virtus.pro,1.0
974561,Apeks,0.6666666666666666
974561,Metizport,0.3333333333333333
979450,Heroic,0.6666666666666666
979450,Metizport,1.0
988040,Aurora Gaming,0.6666666666666666
988040,Sprout,0.0
988041,FORZE,0.6666666666666666
988041,PARIVISION,1.0
988042,FORZE,0.6666666666666666
988042,Team Space,0.0
996596,9Pandas,1.0
996596,TSM,0.3333333333333333
996598,9INE,0.0
996598,TSM,0.3333333333333333
996599,9Pandas,0.0
996599,Sangal Esports,0.3333333333333333
996600,EYEBALLERS,0.3333333333333333
996600,Sangal Esports,0.0
996601,Aurora Gaming,1.0
996601,Sinners Esports,0.6666666666666666
996603,ALTERNATE aTTaX,0.3333333333333333
996603,Rebels Gaming,0.3333333333333333
996604,ALTERNATE aTTaX,0.3333333333333333
996604,Sprout,0.0
996605,Aurora Gaming,1.0
996605,brazylijski luz,0.6666666666666666
996606,Rebels Gaming,0.6666666666666666
996606,Sinners Esports,1.0
996608,PARIVISION,0.3333333333333333
996608,Team Space,0.3333333333333333
996609,Apeks,0.0
996609,B8 Esports,0.6666666666666666
996610,Team 3DMAX,1.0
996610,Team Space,0.3333333333333333
996611,B8 Esports,0.3333333333333333
996611,FORZE,1.0
996612,Pera Esports,0.3333333333333333
996612,SAW,0.0
996614,Monte,0.6666666666666666
996614,RUSH B,0.6666666666666666
996616,Pera Esports,0.0
996616,RUSH B,1.0
996617,Monte,0.6666666666666666
996617,System5,0.5
1001022,ECSTATIC,0.0
1001022,The Mongolz,0.6666666666666666
1001023,FURIA Esports,0.6666666666666666
1001023,Lynn Vision Gaming,0.3333333333333333
1001025,AMKAL Esports,0.3333333333333333
1001025,Apeks,0.0
1001026,GamerLegion,0.3333333333333333
1001026,SAW,1.0
1001027,Heroic,0.6666666666666666
1001027,Imperial Esports,0.6666666666666666
1001028,Cloud9,0.6666666666666666
1001028,Legacy,1.0
1001029,Eternal Fire,0.6666666666666666
1001029,paiN Gaming,0.6666666666666666
1001792,Cloud9,0.6666666666666666
1001792,SAW,1.0
1001794,Eternal Fire,1.0
1001794,Heroic,1.0
1001795,AMKAL Esports,0.0
1001795,The Mongolz,0.3333333333333333
1001796,ECSTATIC,0.3333333333333333
1001796,Lynn Vision Gaming,0.6666666666666666
1001797,GamerLegion,0.3333333333333333
1001797,Legacy,0.6666666666666666
1001798,ENCE,0.3333333333333333
1001798,paiN Gaming,0.6666666666666666
1001799,Apeks,0.3333333333333333
1001799,Imperial Esports,0.3333333333333333
1005002,ENCE,0.3333333333333333
1005002,FURIA Esports,0.3333333333333333
1005003,ECSTATIC,0.6666666666666666
1005003,Imperial Esports,0.6666666666666666
1005004,Apeks,0.3333333333333333
1005004,Legacy,0.3333333333333333
1005005,SAW,0.6666666666666666
1005005,paiN Gaming,0.6666666666666666
1005006,Eternal Fire,0.6666666666666666
1005006,GamerLegion,0.6666666666666666
1005007,Lynn Vision Gaming,0.3333333333333333
1005007,The Mongolz,0.3333333333333333
1008273,Fnatic,0.6666666666666666
1008273,Team 3DMAX,0.6666666666666666
1008948,FURIA Esports,0.6666666666666666
1008948,SAW,0.3333333333333333
1008949,GamerLegion,0.3333333333333333
1008949,Imperial Esports,0.3333333333333333
1011804,Guild Eagles,0.3333333333333333
1011804,VP.Prodigy,0.6666666666666666
1012431,FORZE,0.3333333333333333
1012431,Preasy Esport,0.3333333333333333
1012603,FURIA Esports,1.0
1012603,G2 Esports,1.0
1012604,Imperial Esports,0.6666666666666666
1012604,Virtus.pro,1.0
1012605,Natus Vincere,0.6666666666666666
1012605,The Mongolz,1.0
1012606,Complexity,0.3333333333333333
1012606,paiN Gaming,0.6666666666666666
1012607,Eternal Fire,0.6666666666666666
1012607,Team Vitality,0.6666666666666666
1012683,ECSTATIC,1.0
1012683,MOUZ,1.0
1012684,FaZe Clan,0.6666666666666666
1012684,Heroic,1.0
1012685,Cloud9,1.0
1012685,Team Spirit,1.0
1015689,FURIA Esports,0.6666666666666666
1015689,FaZe Clan,0.3333333333333333
1015690,Imperial Esports,0.6666666666666666
1015690,Team Spirit,1.0
1015691,Cloud9,0.6666666666666666
1015691,ECSTATIC,0.6666666666666666
1015692,G2 Esports,1.0
1015692,Natus Vincere,0.6666666666666666
1015693,Virtus.pro,0.6666666666666666
1015693,paiN Gaming,0.6666666666666666
1015694,Complexity,0.6666666666666666
1015694,Heroic,1.0
1015695,Team Vitality,0.3333333333333333
1015695,The Mongolz,0.6666666666666666
1015696,Eternal Fire,0.6666666666666666
1015696,MOUZ,1.0
1016571,Natus Vincere,1.0
1016571,Team Spirit,1.0
1016572,ECSTATIC,0.3333333333333333
1016572,FURIA Esports,0.3333333333333333
1016573,Complexity,0.6666666666666666
1016573,MOUZ,1.0
1016574,The Mongolz,0.3333333333333333
1016574,paiN Gaming,0.3333333333333333
1016575,Eternal Fire,0.6666666666666666
1016575,FaZe Clan,0.6666666666666666
1016576,Imperial Esports,0.6666666666666666
1016576,Team Vitality,0.6666666666666666
1016577,Heroic,0.6666666666666666
1016577,Virtus.pro,0.6666666666666666
1016578,Cloud9,0.6666666666666666
1016578,G2 Esports,0.6666666666666666
1018923,FORZE,0.6666666666666666
1018923,VP.Prodigy,0.6666666666666666
1019855,Heroic,0.3333333333333333
1019855,paiN Gaming,0.3333333333333333
1019856,Cloud9,0.6666666666666666
1019856,Natus Vincere,0.6666666666666666
1019857,ECSTATIC,0.3333333333333333
1019857,G2 Esports,0.3333333333333333
1019858,Complexity,0.6666666666666666
1019858,Team Vitality,0.6666666666666666
1019859,FaZe Clan,0.3333333333333333
1019859,Imperial Esports,0.3333333333333333
1019860,Eternal Fire,0.6666666666666666
1019860,Virtus.pro,0.6666666666666666
1021778,MIBR,1.0
1021778,OG,0.6666666666666666
1021780,Imperial Esports,0.3333333333333333
1021780,Metizport,0.3333333333333333
1021781,9z Team,0.0
1021781,FURIA Esports,0.3333333333333333
1022702,RUSH B,0.3333333333333333
1022702,System5,0.3333333333333333
1023008,Natus Vincere,0.3333333333333333
1023008,paiN Gaming,0.6666666666666666
1023009,G2 Esports,0.3333333333333333
1023009,Virtus.pro,0.6666666666666666
1023010,Complexity,0.3333333333333333
1023010,FaZe Clan,0.6666666666666666
1024294,ATOX Esports,0.6666666666666666
1024294,Lynn Vision Gaming,0.3333333333333333
1024296,Nouns Esports,0.0
1024296,Party Astronauts,0.0
1024297,BOSS,0.3333333333333333
1024297,Take Flyte,0.5
1024298,BESTIA,0.0
1024298,Fluxo,0.0
1024299,MIBR,0.3333333333333333
1024299,Sharks Esports,0.3333333333333333
1026920,G2 Esports,0.6666666666666666
1026920,MOUZ,1.0
1026921,Eternal Fire,0.6666666666666666
1026921,Natus Vincere,0.3333333333333333
1026922,FaZe Clan,0.6666666666666666
1026922,Team Spirit,1.0
1026923,Cloud9,1.0
1026923,Team Vitality,1.0
1030251,Apeks,0.0
1030251,Team 3DMAX,0.3333333333333333
1030252,Apeks,0.3333333333333333
1030252,FORZE,0.6666666666666666
1034839,Virtus.pro,0.3333333333333333
1034839,Wildcard Gaming,0.3333333333333333
1034840,Cloud9,0.6666666666666666
1034840,FlyQuest,0.5
1034842,FaZe Clan,0.6666666666666666
1034842,Nemiga Gaming,0.6666666666666666
1034843,MOUZ,0.6666666666666666
1034843,TYLOO,0.3333333333333333
1034844,FURIA Esports,0.0
1034844,Lynn Vision Gaming,0.6666666666666666
1034845,Heroic,0.0
1034845,Team Liquid,0.3333333333333333
1035035,9z Team,0.6666666666666666
1035035,G2 Esports,0.6666666666666666
1038176,Aurora Gaming,0.6666666666666666
1038176,OG,0.6666666666666666
1038177,ENCE,0.3333333333333333
1038177,FORZE,0.3333333333333333
1038333,Bleed Esports,0.3333333333333333
1038333,Passion UA,0.3333333333333333
1038335,Ninjas in Pyjamas,1.0
1038335,Team Sampi,0.3333333333333333
1038336,SAW,0.6666666666666666
1038336,Turow Zgorzelec Esport,0.0
1038338,BIG,0.3333333333333333
1038338,EYEBALLERS,0.6666666666666666
1038339,MOUZ NXT,1.0
1038339,PARIVISION,0.3333333333333333
1038342,9Pandas,1.0
1038342,Team Secret,0.0
1038343,Nexus Gaming,0.3333333333333333
1038343,Sinners Esports,1.0
1038344,ECSTATIC,0.0
1038344,JANO Esports,0.3333333333333333
1038347,ENTERPRISE esports,0.3333333333333333
1038347,Permitta Esports,0.6666666666666666
1038348,Aurora Young Blood,0.3333333333333333
1038348,ENCE,0.3333333333333333
1038684,Aurora Gaming,1.0
1038684,Metizport,0.6666666666666666
1041667,BLESSED,1.0
1041667,GamerLegion,0.3333333333333333
1041668,Monte,0.3333333333333333
1041668,Ninjas in Pyjamas,1.0
1041669,Aurora Gaming,0.6666666666666666
1041669,Metizport,0.3333333333333333
1041670,Apeks,0.0
1041670,B8 Esports,0.6666666666666666
1042496,FaZe Clan,1.0
1042496,Team Vitality,1.0
1045502,G2 Esports,1.0
1045502,Natus Vincere,0.6666666666666666
1048414,FaZe Clan,1.0
1048414,Natus Vincere,1.0
1050005,9Pandas,0.6666666666666666
1050005,EYEBALLERS,0.3333333333333333
1050856,HAVU Gaming,0.0
1050856,Passion UA,0.3333333333333333
1050859,Permitta Esports,1.0
1050859,Team 3DMAX,0.3333333333333333
1050860,500,0.3333333333333333
1050860,Guild Eagles,0.6666666666666666
1050891,Gods Reign,0.3333333333333333
1050891,Ninjas in Pyjamas,0.3333333333333333
1055087,9Pandas,0.6666666666666666
1055087,Metizport,0.6666666666666666
1055090,BetBoom Team,0.3333333333333333
1055090,Bleed Esports,0.3333333333333333
1056786,LYG Gaming,1.0
1056786,Lynn Vision Gaming,0.3333333333333333
1057598,Guild Eagles,0.6666666666666666
1057598,Insilio,0.6666666666666666
1057896,B8 Esports,0.3333333333333333
1057896,Metizport,0.0
1057897,Apeks,0.3333333333333333
1057897,Aurora Gaming,0.6666666666666666
1058170,GamerLegion,0.3333333333333333
1058170,Monte,0.0
1058171,BLESSED,1.0
1058171,Ninjas in Pyjamas,1.0
1058983,Aurora Gaming,0.6666666666666666
1058983,Ninjas in Pyjamas,0.6666666666666666
1058984,BLESSED,0.6666666666666666
1058984,Metizport,0.3333333333333333
1059240,AMKAL Esports,0.6666666666666666
1059240,Guild Eagles,0.3333333333333333
1059257,Apeks,0.3333333333333333
1059257,Monte,0.3333333333333333
1061158,BOSS,0.3333333333333333
1061158,Party Astronauts,0.3333333333333333
1063038,Lynn Vision Gaming,0.6666666666666666
1063038,The Mongolz,0.6666666666666666
1063387,Monte,0.6666666666666666
1063387,paiN Gaming,0.6666666666666666
1064605,Metizport,0.6666666666666666
1064605,Monte,0.6666666666666666
1065362,Metizport,1.0
1065362,Ninjas in Pyjamas,0.3333333333333333
1065683,MIBR,1.0
1065683,ODDIK,0.6666666666666666
1065684,Sharks Esports,0.0
1065684,paiN Gaming,0.6666666666666666
1065685,BESTIA,0.3333333333333333
1065685,Imperial Esports,0.0
1067890,Aurora Gaming,1.0
1067890,Ninjas in Pyjamas,0.3333333333333333
1068537,Alliance,0.3333333333333333
1068537,Bleed Esports,0.6666666666666666
1068634,Imperial Esports,0.3333333333333333
1068634,RED Canids,0.3333333333333333
1068635,BESTIA,0.3333333333333333
1068635,Fluxo,0.3333333333333333
1071994,EYEBALLERS,0.0
1071994,Pera Esports,0.3333333333333333
1071995,ALTERNATE aTTaX,0.3333333333333333
1071995,Team Space,0.3333333333333333
1071996,9INE,0.0
1071996,System5,0.0
1071998,B8 Esports,0.3333333333333333
1071998,Rebels Gaming,0.6666666666666666
1071999,Monte,0.6666666666666666
1071999,Sangal Esports,0.3333333333333333
1072000,FORZE,0.6666666666666666
1072000,brazylijski luz,0.3333333333333333
1072002,SAW,1.0
1072002,Team 3DMAX,1.0
1072003,9Pandas,0.3333333333333333
1072003,Sinners Esports,1.0
1072004,PARIVISION,0.3333333333333333
1072004,RUSH B,0.6666666666666666
1072512,BetBoom Team,0.6666666666666666
1072512,Bleed Esports,0.6666666666666666
1073608,MIBR,1.0
1073608,paiN Gaming,0.6666666666666666
1073609,ODDIK,0.3333333333333333
1073609,Sharks Esports,0.0
1075378,Passion UA,0.3333333333333333
1075378,Team 3DMAX,0.6666666666666666
1075379,500,0.3333333333333333
1075379,PARIVISION,0.0
1075380,B8 Esports,0.3333333333333333
1075380,Nexus Gaming,0.3333333333333333
1075381,AMKAL Esports,1.0
1075381,ENTERPRISE esports,0.6666666666666666
1075382,Alliance,0.3333333333333333
1075382,Bleed Esports,0.6666666666666666
1075384,Guild Eagles,0.3333333333333333
1075384,Metizport,0.0
1075385,HAVU Gaming,0.0
1075385,Permitta Esports,0.3333333333333333
1075787,ENTERPRISE esports,1.0
1075787,Sashi Esport,0.5
1075789,EYEBALLERS,0.0
1075789,Permitta Esports,0.3333333333333333
1075790,Bleed Esports,0.6666666666666666
1075790,HAVU Gaming,0.0
1075791,ECF,0.6666666666666666
1075791,Grannys Knockers,0.5
1077650,Nemiga Gaming,0.6666666666666666
1077650,Team Secret,0.3333333333333333
1077651,AMKAL Esports,0.6666666666666666
1077651,Guild Eagles,0.6666666666666666
1077652,BIG,0.3333333333333333
1077652,LEON,1.0
1077654,ENCE,0.3333333333333333
1077654,ENTERPRISE esports,0.3333333333333333
1077655,Gaimin Gladiators,1.0
1077655,Sinners Esports,0.6666666666666666
1077656,GamerLegion,0.3333333333333333
1077656,MOUZ NXT,1.0
1077657,SAW,0.6666666666666666
1077657,Team Sampi,0.6666666666666666
1084635,BESTIA,0.3333333333333333
1084635,RED Canids,0.3333333333333333
1085711,Sharks Esports,0.3333333333333333
1085711,paiN Gaming,0.3333333333333333
1086378,9z Team,0.3333333333333333
1086378,Heroic,0.0
1086379,G2 Esports,0.6666666666666666
1086379,Team Liquid,0.3333333333333333
1086653,Lynn Vision Gaming,0.3333333333333333
1086653,TYLOO,0.0
1086655,FURIA Esports,0.3333333333333333
1086655,MOUZ,0.6666666666666666
1087197,Cloud9,0.3333333333333333
1087197,Wildcard Gaming,0.3333333333333333
1087198,FlyQuest,1.0
1087198,Virtus.pro,0.3333333333333333
1087466,Nemiga Gaming,0.3333333333333333
1087466,Steel Helmet,0.3333333333333333
1087467,Astralis,0.3333333333333333
1087467,FaZe Clan,0.6666666666666666
1088756,G2 Esports,0.3333333333333333
1088756,Lynn Vision Gaming,0.3333333333333333
1088992,Apeks,0.3333333333333333
1088992,Fnatic,0.6666666666666666
1089003,MOUZ,0.6666666666666666
1089003,Team Liquid,0.6666666666666666
1089004,FURIA Esports,0.3333333333333333
1089004,Heroic,0.3333333333333333
1089234,Aurora Gaming,0.6666666666666666
1089234,Metizport,0.3333333333333333
1089718,ENCE,0.3333333333333333
1089718,OG,0.3333333333333333
1089719,Aurora Gaming,0.3333333333333333
1089719,FORZE,1.0
1090184,9Pandas,0.3333333333333333
1090184,Aurora Gaming,0.6666666666666666
1091490,MIBR,1.0
1091490,RED Canids,0.6666666666666666
1091491,Imperial Esports,0.6666666666666666
1091491,paiN Gaming,0.6666666666666666
1093354,FlyQuest,0.5
1093354,Nemiga Gaming,0.6666666666666666
1093915,Astralis,0.6666666666666666
1093915,Virtus.pro,0.6666666666666666
1093916,Cloud9,0.3333333333333333
1093916,FaZe Clan,0.3333333333333333
1094736,G2 Esports,0.6666666666666666
1094736,Heroic,0.6666666666666666
1095538,Apeks,0.6666666666666666
1095538,Fnatic,0.6666666666666666
1095811,BIG,0.3333333333333333
1095811,Gods Reign,0.0
1096404,FORZE,0.6666666666666666
1096404,TSM,0.3333333333333333
1096405,9Pandas,0.0
1096405,SAW,0.6666666666666666
1096406,Aurora Gaming,0.3333333333333333
1096406,PARIVISION,0.3333333333333333
1096407,Sinners Esports,1.0
1096407,Team 3DMAX,1.0
1096519,RED Canids,0.3333333333333333
1096519,paiN Gaming,0.3333333333333333
1096520,Imperial Esports,1.0
1096520,MIBR,1.0
1096606,AMKAL Esports,0.6666666666666666
1096606,Apeks,0.6666666666666666
1099111,FaZe Clan,0.6666666666666666
1099111,FlyQuest,0.6666666666666666
1100502,FaZe Clan,0.6666666666666666
1100502,Team Liquid,0.6666666666666666
1100503,G2 Esports,0.6666666666666666
1100503,Virtus.pro,0.6666666666666666
1102040,Apeks,0.6666666666666666
1102040,Aurora Gaming,0.6666666666666666
1102175,Imperial Esports,0.6666666666666666
1102175,paiN Gaming,0.6666666666666666
1105287,BIG,0.6666666666666666
1105287,FORZE,0.6666666666666666
1105435,AMKAL Esports,0.6666666666666666
1105435,Aurora Gaming,1.0
1105444,Ninjas in Pyjamas,0.3333333333333333
1105444,OG,0.3333333333333333
1105883,G2 Esports,1.0
1105883,MOUZ,1.0
1106372,B8 Esports,0.0
1106372,Zero Tenacity,0.3333333333333333
1106375,ALTERNATE aTTaX,0.0
1106375,HAVU Gaming,0.0
1106378,EYEBALLERS,0.0
1106378,Team EndPoint,0.0
1106379,Gaimin Gladiators,1.0
1106379,Permitta Esports,0.6666666666666666
1106380,Bleed Esports,0.6666666666666666
1106380,Sinners Esports,1.0
1106381,Grannys Knockers,1.0
1106381,Sashi Esport,0.6666666666666666
1106483,Astralis,1.0
1106483,FaZe Clan,1.0
1107430,BIG,0.6666666666666666
1107430,OG,0.6666666666666666
1109060,B8 Esports,0.0
1109060,Sangal Esports,0.3333333333333333
1110327,FaZe Clan,1.0
1110327,MOUZ,1.0
1111439,Aurora Gaming,1.0
1111439,OG,1.0
1114842,ENTERPRISE esports,0.0
1114842,Nexus Gaming,0.6666666666666666
1114843,Bleed Esports,1.0
1114843,Team 3DMAX,0.3333333333333333
1114844,PARIVISION,0.0
1114844,Permitta Esports,0.6666666666666666
1114845,500,0.6666666666666666
1114845,Passion UA,0.6666666666666666
1114847,AMKAL Esports,0.6666666666666666
1114847,B8 Esports,0.0
1123895,FlyQuest,1.0
1123895,Natus Vincere,1.0
1123896,BIG,0.6666666666666666
1123896,BOSS,0.3333333333333333
1123897,Heroic,0.3333333333333333
1123897,Ninjas in Pyjamas,0.0
1123898,Complexity,0.0
1123898,Pera Esports,0.3333333333333333
1123899,FORZE,0.3333333333333333
1123899,Monte,0.3333333333333333
1123900,FURIA Esports,0.3333333333333333
1123900,Team Liquid,0.6666666666666666
1123901,ENCE,0.3333333333333333
1123901,GamerLegion,0.3333333333333333
1123902,Bad News Kangaroos,0.6666666666666666
1123902,MOUZ,0.6666666666666666
1123903,G2 Esports,0.6666666666666666
1123903,TYLOO,0.3333333333333333
1123906,Sharks Esports,0.3333333333333333
1123906,Team Vitality,0.6666666666666666
1123907,SAW,0.3333333333333333
1123907,Team 3DMAX,0.6666666666666666
1123908,Fnatic,0.3333333333333333
1123908,Virtus.pro,0.3333333333333333
1123909,Astralis,0.6666666666666666
1123909,Eternal Fire,0.6666666666666666
1123910,FaZe Clan,1.0
1123910,Imperial Esports,0.3333333333333333
1125269,Case Esports,0.6666666666666666
1125269,MIBR,1.0
1125270,Fluxo,0.0
1125270,Team Solid,0.5
1125271,ODDIK,0.0
1125271,w7m esports,0.3333333333333333
1126452,Sheer Conquer,1.0
1126452,TYLOO,0.3333333333333333
1127762,Nemiga Gaming,0.6666666666666666
1127762,Sangal Esports,0.6666666666666666
1128361,PARIVISION,0.3333333333333333
1128361,Zero Tenacity,0.3333333333333333
1128362,B8 Esports,0.3333333333333333
1128362,HAVU Gaming,0.3333333333333333
1129083,Aurora Gaming,1.0
1129083,RUBY,0.3333333333333333
1129085,FRAGMATIC,1.0
1129085,Guild Eagles,0.6666666666666666
1129087,AMKAL Esports,0.6666666666666666
1129087,Apeks,0.3333333333333333
1129088,Aloha,1.0
1129088,BetBoom Team,0.0
1129089,Ninjas in Pyjamas,0.3333333333333333
1129089,brazylijski luz,0.6666666666666666
1130929,Legacy,0.3333333333333333
1130929,Team Liquid,0.6666666666666666
1130930,Elevate,0.6666666666666666
1130930,M80,0.3333333333333333
1130931,MIBR,1.0
1130931,paiN Gaming,0.6666666666666666
1130932,Fluxo,0.6666666666666666
1130932,Imperial Esports,0.3333333333333333
1131452,Bad News Kangaroos,0.3333333333333333
1131452,Rooster,0.3333333333333333
1131453,FlyQuest,0.3333333333333333
1131453,Mindfreak,0.3333333333333333
1131800,NoChance,0.5
1131800,VC esport,0.5
1131801,JiJieHao,0.6666666666666666
1131801,Onyx Ravens,0.6666666666666666
1131971,Rare Atom,0.6666666666666666
1131971,TYLOO,0.6666666666666666
1132142,BetBoom Team,0.3333333333333333
1132142,brazylijski luz,1.0
1132355,Bleed Esports,0.6666666666666666
1132355,MOUZ NXT,0.6666666666666666
1132356,ALTERNATE aTTaX,0.0
1132356,ENTERPRISE esports,0.3333333333333333
1132429,Bleed Esports,0.6666666666666666
1132429,Team Sampi,0.6666666666666666
1132432,AMKAL Esports,0.6666666666666666
1132432,ENCE,0.3333333333333333
1132478,JiJieHao,0.6666666666666666
1132478,VC esport,0.6666666666666666
1132774,FURIA Esports,0.0
1132774,Metizport,0.3333333333333333
1132775,9z Team,0.3333333333333333
1132775,Imperial Esports,0.6666666666666666
1132869,Passion UA,0.6666666666666666
1132869,Young Ninjas,0.6666666666666666
1132870,Nexus Gaming,0.3333333333333333
1132870,Permitta Esports,0.3333333333333333
1132987,Monte,0.6666666666666666
1132987,OG,0.3333333333333333
1133122,MIBR,1.0
1133122,paiN Gaming,0.6666666666666666
1134231,Legacy,0.3333333333333333
1134231,M80,0.3333333333333333
1134232,Imperial Esports,0.6666666666666666
1134232,paiN Gaming,0.6666666666666666
1134799,Bad News Kangaroos,0.3333333333333333
1134799,Mindfreak,0.3333333333333333
1134800,FlyQuest,0.6666666666666666
1134800,Rooster,0.6666666666666666
1135543,Bad News Kangaroos,0.3333333333333333
1135543,Rooster,0.3333333333333333
1135898,JiJieHao,0.6666666666666666
1135898,Onyx Ravens,1.0
1136376,Rebels Gaming,0.3333333333333333
1136376,Rooster,0.3333333333333333
1136377,KZG,0.5
1136377,MIBR,0.6666666666666666
1136378,Aurora Gaming,0.6666666666666666
1136378,Party Astronauts,1.0
1136379,Apeks,0.6666666666666666
1136379,sunday school,0.5
1136668,FURIA Esports,0.3333333333333333
1136668,MIBR,0.6666666666666666
1137054,MIBR,0.6666666666666666
1137054,paiN Gaming,1.0
1137159,9z Team,0.3333333333333333
1137159,OG,0.3333333333333333
1137160,Imperial Esports,0.3333333333333333
1137160,paiN Gaming,0.6666666666666666
1137212,Passion UA,0.6666666666666666
1137212,Permitta Esports,0.3333333333333333
1137213,AMKAL Esports,0.3333333333333333
1137213,Nexus Gaming,0.6666666666666666
1137216,Guild Eagles,0.6666666666666666
1137216,Team 3DMAX,0.3333333333333333
1138144,MIBR,0.6666666666666666
1138144,OG,0.6666666666666666
1138344,EYEBALLERS,0.3333333333333333
1138344,Zero Tenacity,0.6666666666666666
1138345,ECF,0.6666666666666666
1138345,HAVU Gaming,0.3333333333333333
1138346,Sinners Esports,0.3333333333333333
1138346,Team EndPoint,0.3333333333333333
1138349,ALTERNATE aTTaX,0.3333333333333333
1138349,ENTERPRISE esports,0.3333333333333333
1138351,Grannys Knockers,0.5
1138351,Permitta Esports,0.3333333333333333
1139060,Bad News Kangaroos,0.6666666666666666
1139060,FlyQuest,0.6666666666666666
1139629,AMKAL Esports,0.6666666666666666
1139629,Gaimin Gladiators,1.0
1140209,BIG,0.6666666666666666
1140209,Bleed Esports,1.0
1140210,MIBR,1.0
1140210,paiN Gaming,0.3333333333333333
1140301,ALTERNATE aTTaX,0.3333333333333333
1140301,MOUZ NXT,0.3333333333333333
1140635,Imperial Esports,0.3333333333333333
1140635,paiN Gaming,0.3333333333333333
1140734,Nexus Gaming,0.3333333333333333
1140734,Young Ninjas,0.3333333333333333
1143694,Bleed Esports,1.0
1143694,Gaimin Gladiators,1.0
1144024,B8 Esports,0.6666666666666666
1144024,Passion UA,0.6666666666666666
1144025,Bleed Esports,1.0
1144025,Sangal Esports,1.0
1144026,MOUZ NXT,0.6666666666666666
1144026,Nemiga Gaming,0.6666666666666666
1144173,Nexus Gaming,0.6666666666666666
1144173,Zero Tenacity,0.6666666666666666
1151268,SAW,0.3333333333333333
1151268,Virtus.pro,0.0
1151269,Fnatic,0.3333333333333333
1151269,Team 3DMAX,1.0
1151746,Bleed Esports,0.3333333333333333
1151746,Nemiga Gaming,0.6666666666666666
1152081,M80,0.6666666666666666
1152081,Sharks Esports,0.3333333333333333
1152084,Eternal Fire,0.3333333333333333
1152084,Imperial Esports,0.3333333333333333
1152085,Astralis,0.6666666666666666
1152085,FaZe Clan,1.0
1155514,TYLOO,0.0
1155514,Team Falcons,0.0
1155515,G2 Esports,0.6666666666666666
1155515,The Mongolz,1.0
1155905,FaZe Clan,0.6666666666666666
1155905,Virtus.pro,0.3333333333333333
1156278,Metizport,0.3333333333333333
1156278,Nexus Gaming,0.3333333333333333
1156279,Guild Eagles,0.3333333333333333
1156279,PARIVISION,0.3333333333333333
1156472,Astralis,0.6666666666666666
1156472,Team 3DMAX,1.0
1156662,Eternal Fire,0.3333333333333333
1156662,Fnatic,0.3333333333333333
1156663,Imperial Esports,0.0
1156663,SAW,0.0
1159882,BetBoom Team,0.3333333333333333
1159882,Team Falcons,0.3333333333333333
1159883,Team Vitality,0.6666666666666666
1159883,The Mongolz,1.0
1160197,Sharks Esports,0.0
1160197,TYLOO,0.0
1160198,G2 Esports,0.3333333333333333
1160198,M80,0.6666666666666666
1160814,Eternal Fire,0.6666666666666666
1160814,FaZe Clan,0.6666666666666666
1161393,Party Astronauts,0.6666666666666666
1161393,sunday school,0.0
1161837,KZG,0.0
1161837,Rooster,0.0
1162745,MIBR,0.3333333333333333
1162745,Rooster,0.3333333333333333
1163204,Fnatic,0.3333333333333333
1163204,Virtus.pro,0.3333333333333333
1163505,B8 Esports,0.3333333333333333
1163505,Sinners Esports,0.0
1163506,EYEBALLERS,0.6666666666666666
1163506,HAVU Gaming,0.3333333333333333
1163507,Bleed Esports,0.3333333333333333
1163507,Permitta Esports,0.6666666666666666
1163508,ECF,0.6666666666666666
1163508,Gaimin Gladiators,0.3333333333333333
1163527,G2 Esports,0.3333333333333333
1163527,Team Falcons,0.3333333333333333
1163998,Eternal Fire,0.6666666666666666
1163998,SAW,0.3333333333333333
1164606,M80,0.6666666666666666
1164606,TYLOO,0.3333333333333333
1165547,Aurora Gaming,0.3333333333333333
1165547,Party Astronauts,0.6666666666666666
1165861,PARIVISION,0.6666666666666666
1165861,Team 3DMAX,0.6666666666666666
1165862,AMKAL Esports,0.6666666666666666
1165862,Permitta Esports,0.6666666666666666
1165864,ENTERPRISE esports,0.0
1165864,Nexus Gaming,0.3333333333333333
1166527,Aurora Gaming,0.6666666666666666
1166527,Rebels Gaming,0.6666666666666666
1167484,G2 Esports,0.3333333333333333
1167484,M80,0.6666666666666666
1167783,SAW,0.6666666666666666
1167783,Virtus.pro,0.6666666666666666
1174437,Fnatic,0.0
1174437,Nexus Gaming,0.6666666666666666
1176213,AMKAL Esports,0.6666666666666666
1176213,Gaimin Gladiators,0.0
1179053,AMKAL Esports,1.0
1179053,Fnatic,0.6666666666666666
1179055,9Pandas,0.0
1179055,MOUZ NXT,0.6666666666666666
1179057,Insilio,0.6666666666666666
1179057,OG,0.3333333333333333
1179060,Metizport,0.3333333333333333
1179060,Sangal Esports,0.3333333333333333
1179061,AMKAL Esports,0.6666666666666666
1179061,Bleed Esports,0.3333333333333333
1179062,Gaimin Gladiators,0.0
1179062,Sinners Esports,0.0
1179247,Bad News Kangaroos,0.3333333333333333
1179247,ENCE,0.0
1179248,GamerLegion,0.3333333333333333
1179248,MOUZ,0.6666666666666666
1179743,Ninjas in Pyjamas,0.0
1179743,Pera Esports,0.0
1179744,Complexity,0.3333333333333333
1179744,Heroic,0.3333333333333333
1180392,FORZE,0.0
1180392,FURIA Esports,0.3333333333333333
1180393,Monte,0.3333333333333333
1180393,Team Liquid,0.6666666666666666
1183798,BOSS,0.0
1183798,FlyQuest,0.6666666666666666
1183799,BIG,0.6666666666666666
1183799,Natus Vincere,1.0
1184407,FORZE,0.3333333333333333
1184407,GamerLegion,0.3333333333333333
1184771,Gaimin Gladiators,0.3333333333333333
1184771,HAVU Gaming,0.3333333333333333
1184773,B8 Esports,0.3333333333333333
1184773,Permitta Esports,0.3333333333333333
1184962,BetBoom Team,0.6666666666666666
1184962,Insilio,0.6666666666666666
1184970,ENCE,0.3333333333333333
1184970,Monte,0.3333333333333333
1184972,MOUZ,0.6666666666666666
1184972,Team Liquid,0.6666666666666666
1185996,Bad News Kangaroos,0.0
1185996,FURIA Esports,0.0
1187208,9Pandas,0.3333333333333333
1187208,Fnatic,0.6666666666666666
1187811,FlyQuest,0.6666666666666666
1187811,Heroic,0.3333333333333333
1188098,Metizport,0.6666666666666666
1188098,Zero Tenacity,0.3333333333333333
1188386,BOSS,0.0
1188386,Ninjas in Pyjamas,0.0
1188388,BIG,0.3333333333333333
1188388,Pera Esports,0.3333333333333333
1188389,Complexity,0.6666666666666666
1188389,Natus Vincere,1.0
1188807,AMKAL Esports,0.6666666666666666
1188807,Gaimin Gladiators,0.6666666666666666
1188811,FORZE,0.3333333333333333
1188811,Monte,0.3333333333333333
1188812,ENCE,0.6666666666666666
1188812,GamerLegion,0.6666666666666666
1190137,Apeks,0.6666666666666666
1190137,System5,0.3333333333333333
1190280,ALTERNATE aTTaX,0.3333333333333333
1190280,Pera Esports,0.3333333333333333
1190282,EYEBALLERS,0.0
1190282,Team Space,0.3333333333333333
1191202,FlyQuest,0.3333333333333333
1191202,Pera Esports,0.3333333333333333
1191203,BIG,0.6666666666666666
1191203,Heroic,0.6666666666666666
1191607,ENCE,0.6666666666666666
1191607,FURIA Esports,0.3333333333333333
1191735,AMKAL Esports,0.6666666666666666
1191735,Metizport,0.6666666666666666
1192128,Heroic,0.3333333333333333
1192128,Ninjas in Pyjamas,0.3333333333333333
1194905,FURIA Esports,0.6666666666666666
1194905,Monte,0.3333333333333333
1195047,FlyQuest,0.6666666666666666
1195047,Ninjas in Pyjamas,0.6666666666666666
1196841,Heroic,0.3333333333333333
1196841,MIBR,1.0
1196842,Aurora Gaming,0.3333333333333333
1196842,Team Spirit,0.6666666666666666
1196844,Team Falcons,0.3333333333333333
1196844,Virtus.pro,0.6666666666666666
1199750,FaZe Clan,0.6666666666666666
1199750,Monte,0.6666666666666666
1199751,BetBoom Team,0.6666666666666666
1199751,FlyQuest,0.6666666666666666
1199752,GamerLegion,0.6666666666666666
1199752,Virtus.pro,0.6666666666666666
1199753,BIG,0.6666666666666666
1199753,G2 Esports,0.6666666666666666
1208435,G2 Esports,1.0
1208435,Team 3DMAX,0.6666666666666666
1208613,FlyQuest,1.0
1208613,Team Liquid,0.6666666666666666
1208961,The Mongolz,0.6666666666666666
1208961,Virtus.pro,1.0
1209149,FaZe Clan,1.0
1209149,Natus Vincere,0.6666666666666666
1213482,Astralis,1.0
1213482,Team Liquid,0.6666666666666666
1213483,G2 Esports,1.0
1213483,MOUZ,1.0
1214107,FaZe Clan,1.0
1214107,Team Vitality,1.0
1214108,Complexity,1.0
1214108,Virtus.pro,1.0
1218144,Complexity,1.0
1218144,MOUZ,1.0
1221621,Astralis,1.0
1221621,Team Vitality,1.0
1223280,Astralis,0.6666666666666666
1223280,BIG,0.6666666666666666
1223281,OG,0.0
1223281,Team Liquid,0.3333333333333333
1223282,AMKAL Esports,1.0
1223282,paiN Gaming,0.6666666666666666
1223283,Gaimin Gladiators,0.3333333333333333
1223283,GamerLegion,0.6666666666666666
1223284,ENCE,0.3333333333333333
1223284,Fnatic,0.3333333333333333
1223285,Eternal Fire,0.3333333333333333
1223285,PARIVISION,0.3333333333333333
1223286,Aurora Gaming,0.0
1223286,SAW,0.6666666666666666
1225352,MOUZ,1.0
1225352,Team Vitality,1.0
1228033,Bleed Esports,0.6666666666666666
1228033,Gaimin Gladiators,0.6666666666666666
1228034,B8 Esports,1.0
1228034,MOUZ NXT,0.6666666666666666
1228036,Alliance,0.6666666666666666
1228036,ECF,1.0
1228883,Ninjas in Pyjamas,0.6666666666666666
1228883,Sangal Esports,0.0
1228884,Metizport,0.3333333333333333
1228884,Rare Atom,0.6666666666666666
1228885,9Pandas,0.6666666666666666
1228885,ALTERNATE aTTaX,0.0
1228887,B8 Esports,1.0
1228887,PARIVISION,0.0
1237946,B8 Esports,0.6666666666666666
1237946,Team Sampi,0.0
1239053,ECF,1.0
1239053,Monte,0.6666666666666666
1240288,BetBoom Team,0.3333333333333333
1240288,Team Falcons,0.0
1240289,MOUZ,1.0
1240289,Virtus.pro,0.6666666666666666
1242635,Apeks,0.3333333333333333
1242635,Pera Esports,0.3333333333333333
1244214,Aurora Gaming,0.0
1244214,MIBR,0.6666666666666666
1244215,Heroic,0.3333333333333333
1244215,Team Spirit,0.6666666666666666
1244230,Gaimin Gladiators,0.6666666666666666
1244230,Rebels Gaming,0.6666666666666666
1244986,PARIVISION,0.3333333333333333
1244986,Zero Tenacity,0.3333333333333333
1244987,B8 Esports,0.6666666666666666
1244987,Team 3DMAX,0.0
1247983,Team Falcons,0.3333333333333333
1247983,Virtus.pro,0.3333333333333333
1248115,Eternal Fire,0.3333333333333333
1248115,SAW,0.6666666666666666
1248116,Aurora Gaming,0.0
1248116,PARIVISION,0.3333333333333333
1248694,Heroic,0.3333333333333333
1248694,MIBR,0.6666666666666666
1248798,Metizport,0.6666666666666666
1248798,Ninjas in Pyjamas,0.6666666666666666
1248799,Rare Atom,0.3333333333333333
1248799,Sangal Esports,0.0
1249250,Aurora Gaming,0.3333333333333333
1249250,SAW,0.3333333333333333
1251498,B8 Esports,0.6666666666666666
1251498,Rebels Gaming,0.6666666666666666
1251700,BIG,0.0
1251700,Natus Vincere,0.3333333333333333
1251701,FlyQuest,0.6666666666666666
1251701,Team Spirit,0.6666666666666666
1251702,Heroic,0.3333333333333333
1251702,Virtus.pro,0.3333333333333333
1251703,FaZe Clan,0.6666666666666666
1251703,M80,1.0
1251704,Monte,0.3333333333333333
1251704,Team Vitality,0.6666666666666666
1251705,G2 Esports,0.6666666666666666
1251705,Team Falcons,0.6666666666666666
1251706,Complexity,0.6666666666666666
1251706,Team Liquid,0.6666666666666666
1251707,9z Team,0.6666666666666666
1251707,MOUZ,1.0
1251945,Bleed Esports,0.3333333333333333
1251945,MOUZ NXT,0.3333333333333333
1252299,Team Falcons,0.6666666666666666
1252299,Team Spirit,0.6666666666666666
1252300,Heroic,0.6666666666666666
1252300,MOUZ,1.0
1252451,Fnatic,0.3333333333333333
1252451,GamerLegion,0.6666666666666666
1252452,ENCE,0.0
1252452,Gaimin Gladiators,0.3333333333333333
1252599,B8 Esports,1.0
1252599,Zero Tenacity,0.3333333333333333
1255833,MOUZ,1.0
1255833,Team Spirit,1.0
1256273,Ninjas in Pyjamas,0.3333333333333333
1256273,Sangal Esports,0.3333333333333333
1256762,AMKAL Esports,1.0
1256762,Team Liquid,0.6666666666666666
1256763,OG,0.0
1256763,paiN Gaming,0.6666666666666666
1259516,AMKAL Esports,0.6666666666666666
1259516,paiN Gaming,0.6666666666666666
1260170,Metizport,0.6666666666666666
1260170,Zero Tenacity,0.6666666666666666
1260662,PARIVISION,0.3333333333333333
1260662,Sangal Esports,0.6666666666666666
1260671,AMKAL Esports,0.6666666666666666
1260671,GamerLegion,0.6666666666666666
1260672,ENCE,0.6666666666666666
1260672,Team Liquid,0.6666666666666666
1263290,BIG,0.3333333333333333
1263290,MIBR,0.3333333333333333
1263575,ATOX Esports,0.0
1263575,OG,0.0
1263577,Gaimin Gladiators,0.0
1263577,The Mongolz,0.3333333333333333
1263578,Aurora Gaming,0.6666666666666666
1263578,Lynn Vision Gaming,0.0
1264579,Monte,0.6666666666666666
1264579,Sangal Esports,1.0
1265246,Bleed Esports,0.6666666666666666
1265246,Zero Tenacity,0.6666666666666666
1266476,Astralis,0.6666666666666666
1266476,Aurora Gaming,0.6666666666666666
1268906,Astralis,1.0
1268906,Team Liquid,1.0
1269278,Sangal Esports,1.0
1269278,Zero Tenacity,0.6666666666666666
1269879,Nexus Gaming,0.6666666666666666
1269879,RUBY,0.6666666666666666
1270056,FURIA Esports,0.6666666666666666
1270056,Passion UA,0.6666666666666666
1270057,9Pandas,0.6666666666666666
1270057,Sinners Esports,0.3333333333333333
1270060,Team 3DMAX,0.0
1270060,Zero Tenacity,0.3333333333333333
1270061,MOUZ NXT,0.0
1270061,Rare Atom,0.0
1270125,Eternal Fire,1.0
1270125,GamerLegion,1.0
1273635,Eternal Fire,1.0
1273635,Team Liquid,1.0
1274673,M80,0.6666666666666666
1274673,Wildcard Gaming,0.6666666666666666
1275005,NRG Esports,0.6666666666666666
1275005,Nouns Esports,0.6666666666666666
1276074,1win Team,0.3333333333333333
1276074,FURIA Esports,0.6666666666666666
1276509,9Pandas,0.6666666666666666
1276509,Team Space,1.0
1276805,B8 Esports,1.0
1276805,RUBY,0.6666666666666666
1276806,Passion UA,0.6666666666666666
1276806,Team Sampi,0.6666666666666666
1276807,Nexus Gaming,0.3333333333333333
1276807,Permitta Esports,0.3333333333333333
1276808,Rhyno Esports,0.3333333333333333
1276808,Zero Tenacity,0.3333333333333333
1277316,MOUZ NXT,0.6666666666666666
1277316,Team 3DMAX,0.3333333333333333
1277422,M80,1.0
1277422,Nouns Esports,1.0
1280228,9Pandas,1.0
1280228,Sangal Esports,0.3333333333333333
1280229,Monte,0.0
1280229,PARIVISION,0.3333333333333333
1280230,RUSH B,0.3333333333333333
1280230,SAW,0.3333333333333333
1280231,Aurora Gaming,0.3333333333333333
1280231,Team 3DMAX,0.3333333333333333
1280449,B8 Esports,1.0
1280449,MOUZ NXT,1.0
1280849,Permitta Esports,0.6666666666666666
1280849,VP.Prodigy,0.6666666666666666
1280850,Rhyno Esports,0.3333333333333333
1280850,Team EndPoint,0.3333333333333333
1280851,MOUZ NXT,0.6666666666666666
1280851,Nexus Gaming,0.3333333333333333
1280852,Sinners Esports,0.3333333333333333
1280852,Team Sampi,0.6666666666666666
1280853,RUBY,0.6666666666666666
1280853,Zero Tenacity,0.3333333333333333
1281528,1win Team,0.6666666666666666
1281528,AMKAL Esports,0.3333333333333333
1281529,Monte,0.0
1281529,Quixal,0.5
1281530,Aurora Gaming,0.6666666666666666
1281530,Pera Esports,1.0
1282145,9Pandas,1.0
1282145,MOUZ NXT,1.0
1282216,Fluxo Demons,0.6666666666666666
1282216,TSM Shimmer,0.5
1284637,Monte,0.3333333333333333
1284637,Team Falcons,0.3333333333333333
1284638,G2 Esports,0.6666666666666666
1284638,Team Vitality,0.6666666666666666
1284730,Complexity,0.3333333333333333
1284730,MOUZ,0.6666666666666666
1284731,9z Team,0.6666666666666666
1284731,Team Liquid,0.6666666666666666
1284816,MOUZ NXT,0.6666666666666666
1284816,RUBY,0.3333333333333333
1284817,Rhyno Esports,0.6666666666666666
1284817,Team Sampi,0.3333333333333333
1284912,BIG,0.0
1284912,FlyQuest,0.3333333333333333
1284913,Heroic,0.3333333333333333
1284913,M80,0.6666666666666666
1284914,Natus Vincere,0.3333333333333333
1284914,Team Spirit,0.6666666666666666
1284915,FaZe Clan,0.6666666666666666
1284915,Virtus.pro,0.3333333333333333
1285089,Team Falcons,0.3333333333333333
1285089,Team Liquid,0.3333333333333333
1285418,G2 Esports,0.3333333333333333
1285418,MOUZ,0.6666666666666666
1285419,9z Team,0.6666666666666666
1285419,Team Vitality,0.6666666666666666
1286088,Aurora Gaming,0.6666666666666666
1286088,The Mongolz,0.3333333333333333
1286089,Gaimin Gladiators,0.0
1286089,Lynn Vision Gaming,0.0
1286649,Heroic,0.3333333333333333
1286649,Natus Vincere,0.3333333333333333
1287065,BIG,0.3333333333333333
1287065,Virtus.pro,0.3333333333333333
1287066,FaZe Clan,0.6666666666666666
1287066,Team Spirit,0.6666666666666666
1287313,G2 Esports,0.6666666666666666
1287313,Team Liquid,0.6666666666666666
1288000,ATOX Esports,0.3333333333333333
1288000,Bleed Esports,0.6666666666666666
1288001,Chinggis Warriors,0.0
1288001,OG,0.0
1289035,BIG,0.6666666666666666
1289035,Heroic,0.6666666666666666
1289612,AMKAL Esports,0.3333333333333333
1289612,Permitta Esports,0.6666666666666666
1290306,FaZe Clan,0.6666666666666666
1290306,G2 Esports,0.6666666666666666
1290307,Heroic,1.0
1290307,Team Vitality,0.6666666666666666
1290433,BIG,0.0
1290433,Fnatic,0.6666666666666666
1290435,Complexity,0.3333333333333333
1290435,FURIA Esports,1.0
1290436,FURIA Esports,0.6666666666666666
1290436,Fnatic,0.6666666666666666
1290437,BIG,0.3333333333333333
1290437,Eternal Fire,0.0
1290439,Complexity,0.6666666666666666
1290439,Fnatic,0.3333333333333333
1290440,Eternal Fire,0.3333333333333333
1290440,FURIA Esports,0.3333333333333333
1290442,Eternal Fire,0.6666666666666666
1290442,Fnatic,0.3333333333333333
1290444,BIG,0.6666666666666666
1290444,Complexity,0.3333333333333333
1290446,BIG,0.6666666666666666
1290446,FURIA Esports,0.6666666666666666
1290447,Complexity,0.0
1290447,Eternal Fire,1.0
1290449,ENCE,0.3333333333333333
1290449,Heroic,0.3333333333333333
1290450,Astralis,0.3333333333333333
1290450,The Mongolz,1.0
1290451,Ninjas in Pyjamas,1.0
1290451,The Mongolz,1.0
1290453,Astralis,0.3333333333333333
1290453,ENCE,0.3333333333333333
1290454,Astralis,0.3333333333333333
1290454,Ninjas in Pyjamas,0.6666666666666666
1290455,Heroic,0.0
1290455,The Mongolz,1.0
1290457,Heroic,0.3333333333333333
1290457,Ninjas in Pyjamas,0.3333333333333333
1290458,ENCE,0.3333333333333333
1290458,The Mongolz,1.0
1290460,ENCE,0.3333333333333333
1290460,Ninjas in Pyjamas,0.3333333333333333
1290462,Astralis,0.6666666666666666
1290462,Heroic,0.6666666666666666
1290683,ATOX Esports,0.3333333333333333
1290683,Lynn Vision Gaming,0.3333333333333333
1291050,Aurora Gaming,0.3333333333333333
1291050,Chinggis Warriors,0.5
1292751,G2 Esports,1.0
1292751,Team Spirit,0.6666666666666666
1292752,Team Vitality,0.6666666666666666
1292752,Virtus.pro,0.3333333333333333
1292753,Astralis,0.6666666666666666
1292753,Natus Vincere,0.3333333333333333
1292754,FaZe Clan,0.3333333333333333
1292754,SAW,0.6666666666666666
1293495,FAVBET Team,0.0
1293495,Sangal Esports,0.3333333333333333
1294179,Team Spirit,1.0
1294179,Team Vitality,0.6666666666666666
1294281,NAVI Javelins,0.3333333333333333
1294281,TSM Shimmer,0.0
1294282,Fluxo Demons,0.6666666666666666
1294282,Let Her Cook,1.0
1294521,9z Team,1.0
1294521,G2 Esports,1.0
1295665,Aurora Gaming,0.3333333333333333
1295665,Lynn Vision Gaming,0.6666666666666666
1296292,Aurora Gaming,0.3333333333333333
1296292,Bleed Esports,0.6666666666666666
1296293,FURIA Esports,0.6666666666666666
1296293,MOUZ NXT,1.0
1296496,Fnatic,0.3333333333333333
1296496,RED Canids,0.3333333333333333
1296497,9z Team,0.6666666666666666
1296497,Ninjas in Pyjamas,0.6666666666666666
1296498,BESTIA,0.3333333333333333
1296498,paiN Gaming,0.3333333333333333
1297143,G2 Esports,1.0
1297143,Team Vitality,0.6666666666666666
1298483,9INE,0.3333333333333333
1298483,Rebels Gaming,0.3333333333333333
1298484,Bleed Esports,0.3333333333333333
1298484,Nexus Gaming,0.0
1298485,Aurora Young Blood,0.3333333333333333
1298485,Zero Tenacity,1.0
1298486,EYEBALLERS,0.3333333333333333
1298486,Passion UA,0.6666666666666666
1298679,CYBERSHOKE Esports,0.0
1298679,Zero Tenacity,1.0
1298682,Aurora Young Blood,0.3333333333333333
1298682,MOUZ NXT,0.6666666666666666
1298683,EYEBALLERS,0.3333333333333333
1298683,Team Space,0.6666666666666666
1298684,HAVU Gaming,0.3333333333333333
1298684,RUBY,0.0
1302997,Nemiga Gaming,0.6666666666666666
1302997,Team Sampi,1.0
1303213,SAW,0.3333333333333333
1303213,Sangal Esports,0.6666666666666666
1303214,RUSH B,0.6666666666666666
1303214,Sinners Esports,0.0
1303270,EYEBALLERS,0.3333333333333333
1303270,Sinners Esports,0.3333333333333333
1303271,Aurora Young Blood,0.0
1303271,Illuminar,0.0
1303307,Aurora Gaming,0.3333333333333333
1303307,PARIVISION,0.6666666666666666
1304153,Team Space,0.6666666666666666
1304153,VP.Prodigy,0.6666666666666666
1304154,Permitta Esports,0.6666666666666666
1304154,Zero Tenacity,1.0
1304155,HAVU Gaming,0.6666666666666666
1304155,Team Sampi,0.6666666666666666
1305262,EYEBALLERS,0.6666666666666666
1305262,Zero Tenacity,0.6666666666666666
1305263,Aurora Young Blood,0.3333333333333333
1305263,Passion UA,0.3333333333333333
1305573,Aurora Gaming,0.3333333333333333
1305573,RUSH B,0.3333333333333333
1305633,9INE,0.3333333333333333
1305633,Nexus Gaming,0.0
1305665,Sangal Esports,0.6666666666666666
1305665,Team 3DMAX,0.3333333333333333
1305882,LAG Gaming,0.6666666666666666
1305882,Wildcard Gaming,0.6666666666666666
1307266,CYBERSHOKE Esports,0.3333333333333333
1307266,Team Sampi,0.6666666666666666
1307493,Aurora Gaming,1.0
1307493,Sangal Esports,1.0
1307536,NRG Esports,0.6666666666666666
1307536,Party Astronauts,0.6666666666666666
1307542,Permitta Esports,0.6666666666666666
1307542,Team Space,0.6666666666666666
1307543,MOUZ NXT,1.0
1307543,Team Sampi,0.3333333333333333
1307544,EYEBALLERS,1.0
1307544,VP.Prodigy,0.3333333333333333
1307547,Passion UA,0.3333333333333333
1307547,Rare Atom,0.3333333333333333
1307548,RUBY,0.0
1307548,Sinners Esports,0.3333333333333333
1307549,CYBERSHOKE Esports,0.3333333333333333
1307549,Illuminar,0.0
1307624,Fnatic,0.6666666666666666
1307624,Ninjas in Pyjamas,0.6666666666666666
1307669,Elevate,0.3333333333333333
1307669,Nouns Esports,0.6666666666666666
1308701,ENCE,0.3333333333333333
1308701,MIBR,0.3333333333333333
1308703,Aurora Gaming,0.6666666666666666
1308703,Team Falcons,0.3333333333333333
1308973,Passion UA,0.6666666666666666
1308973,Zero Tenacity,0.0
1308984,Astralis,1.0
1308984,The Mongolz,0.6666666666666666
1309161,9INE,0.3333333333333333
1309161,Bleed Esports,0.3333333333333333
1309172,FURIA Esports,1.0
1309172,Ninjas in Pyjamas,0.6666666666666666
1309175,Sangal Esports,1.0
1309175,Sinners Esports,0.6666666666666666
1310589,AMKAL Esports,0.6666666666666666
1310589,B8 Esports,0.6666666666666666
1310590,Aurora Gaming,0.3333333333333333
1310590,Monte,0.3333333333333333
1310698,Ninjas in Pyjamas,1.0
1310698,The Mongolz,0.6666666666666666
1310743,Rebels Gaming,0.6666666666666666
1310743,Rhyno Esports,0.6666666666666666
1310744,CYBERSHOKE Esports,0.6666666666666666
1310744,EYEBALLERS,1.0
1310745,Bleed Esports,0.6666666666666666
1310745,MOUZ NXT,1.0
1310746,Nemiga Gaming,0.6666666666666666
1310746,Zero Tenacity,0.3333333333333333
1310767,Monte,0.0
1310767,Team 3DMAX,0.6666666666666666
1310768,SAW,0.6666666666666666
1310768,Sinners Esports,0.6666666666666666
1310769,Aurora Gaming,0.0
1310769,PARIVISION,0.6666666666666666
1310771,9Pandas,0.6666666666666666
1310771,PARIVISION,0.3333333333333333
1310772,Aurora Gaming,0.0
1310772,RUSH B,0.3333333333333333
1310773,Sinners Esports,0.3333333333333333
1310773,Team 3DMAX,0.6666666666666666
1310774,9Pandas,0.6666666666666666
1310774,SAW,0.3333333333333333
1310775,Monte,0.3333333333333333
1310775,PARIVISION,0.3333333333333333
1310776,RUSH B,0.0
1310776,Sinners Esports,0.6666666666666666
1310777,Aurora Gaming,0.3333333333333333
1310777,Team 3DMAX,0.3333333333333333
1310778,PARIVISION,0.3333333333333333
1310778,SAW,0.0
1310779,9Pandas,0.6666666666666666
1310779,Monte,0.6666666666666666
1310780,RUSH B,0.3333333333333333
1310780,Team 3DMAX,0.3333333333333333
1310781,Aurora Gaming,0.6666666666666666
1310781,Sinners Esports,0.3333333333333333
1310976,Legacy,1.0
1310976,Party Astronauts,1.0
1311213,Passion UA,0.6666666666666666
1311213,Team Space,0.6666666666666666
1311215,Rare Atom,0.3333333333333333
1311215,Sinners Esports,0.6666666666666666
1311216,Aurora Young Blood,0.3333333333333333
1311216,Team Sampi,0.0
1311217,HAVU Gaming,0.3333333333333333
1311217,Zero Tenacity,0.3333333333333333
1312032,SAW,0.6666666666666666
1312032,Team 3DMAX,0.6666666666666666
1312033,Monte,0.0
1312033,Sinners Esports,0.3333333333333333
1312034,9Pandas,0.3333333333333333
1312034,Aurora Gaming,0.3333333333333333
1312036,RUSH B,1.0
1312036,SAW,0.6666666666666666
1312037,9Pandas,0.0
1312037,Sinners Esports,0.6666666666666666
1312038,Aurora Gaming,0.3333333333333333
1312038,Monte,0.3333333333333333
1312039,PARIVISION,0.3333333333333333
1312039,Team 3DMAX,0.3333333333333333
1312040,PARIVISION,0.6666666666666666
1312040,Sinners Esports,0.6666666666666666
1312041,Aurora Gaming,0.3333333333333333
1312041,SAW,0.3333333333333333
1312042,9Pandas,0.3333333333333333
1312042,Team 3DMAX,0.3333333333333333
1312043,Monte,0.6666666666666666
1312043,RUSH B,1.0
1312150,Bleed Esports,0.6666666666666666
1312150,Nemiga Gaming,1.0
1312408,CYBERSHOKE Esports,0.6666666666666666
1312408,Rhyno Esports,0.6666666666666666
1313570,Nemiga Gaming,1.0
1313570,Rhyno Esports,1.0
1313768,Rare Atom,0.6666666666666666
1313768,Team Space,0.3333333333333333
1313814,Buhawi,0.5
1313814,Team 3DMAX,1.0
1313815,Sinners Esports,0.3333333333333333
1313815,ex-Guild Eagles,0.5
1314507,5W Gaming,0.5
1314507,Dynamo Eclot,0.0
1314508,9INE,0.3333333333333333
1314508,Team 3DMAX,1.0
1314509,ENTERPRISE esports,0.0
1314509,Illuminar,1.0
1315047,Sashi Esport,0.0
1315047,Team Sampi,0.0
1315048,Team 3DMAX,1.0
1315048,VP.Prodigy,0.0
1315049,B8 Esports,0.6666666666666666
1315049,Bleed Esports,0.6666666666666666
1315173,Sinners Esports,0.3333333333333333
1315173,Team 3DMAX,1.0
1315508,Nexus Gaming,0.0
1315508,Permitta Esports,0.6666666666666666
1315510,FAVBET Team,0.3333333333333333
1315510,Nemiga Gaming,1.0
1315571,BIG,0.0
1315571,Team Space,0.3333333333333333
1315572,PARIVISION,0.3333333333333333
1315572,Permitta Esports,0.3333333333333333
1315573,Passion UA,0.6666666666666666
1315573,Team 3DMAX,1.0
1315575,Monte,0.6666666666666666
1315575,Zero Tenacity,1.0
1315576,Aurora Young Blood,0.6666666666666666
1315576,Bleed Esports,0.6666666666666666
1315577,B8 Esports,0.3333333333333333
1315577,MOUZ NXT,0.6666666666666666
1316992,Bleed Esports,0.6666666666666666
1316992,Monte,1.0
1317125,Astralis,0.3333333333333333
1317125,SAW,0.3333333333333333
1317126,FaZe Clan,0.3333333333333333
1317126,Natus Vincere,0.3333333333333333
1317358,Nemiga Gaming,0.6666666666666666
1317358,Verdant,0.3333333333333333
1317591,G2 Esports,0.6666666666666666
1317591,Team Vitality,0.3333333333333333
1317592,Team Spirit,0.6666666666666666
1317592,Virtus.pro,0.3333333333333333
1318586,Sashi Esport,0.3333333333333333
1318586,Team 3DMAX,1.0
1318671,Bleed Esports,0.6666666666666666
1318671,Monte,0.6666666666666666
1318821,B8 Esports,0.3333333333333333
1318821,Illuminar,0.6666666666666666
1318823,ENTERPRISE esports,0.3333333333333333
1318823,Team 3DMAX,1.0
1318827,FaZe Clan,0.3333333333333333
1318827,Team Vitality,0.3333333333333333
1318898,Nemiga Gaming,0.6666666666666666
1318898,System5,0.3333333333333333
1318899,RUBY,0.3333333333333333
1318899,Zero Tenacity,0.6666666666666666
1318900,ARCRED,0.6666666666666666
1318900,FAVBET Team,0.6666666666666666
1318946,Astralis,0.3333333333333333
1318946,Virtus.pro,0.3333333333333333
1319698,Party Astronauts,0.3333333333333333
1319698,Team Falcons,0.3333333333333333
1319699,Aurora Gaming,1.0
1319699,The Mongolz,1.0
1319869,Complexity,0.3333333333333333
1319869,ENCE,0.3333333333333333
1320009,Bleed Esports,1.0
1320009,Team 3DMAX,1.0
1320042,5W Gaming,1.0
1320042,GamerLegion,0.3333333333333333
1320094,Team Spirit,0.6666666666666666
1320094,Team Vitality,0.6666666666666666
1320108,RUBY,0.6666666666666666
1320108,System5,0.0
1320109,Nemiga Gaming,0.6666666666666666
1320109,Zero Tenacity,0.6666666666666666
1320137,Complexity,0.3333333333333333
1320137,MIBR,0.3333333333333333
1320242,9z Team,0.3333333333333333
1320242,BESTIA,0.3333333333333333
1320243,Ninjas in Pyjamas,0.6666666666666666
1320243,paiN Gaming,0.6666666666666666
1320244,Natus Vincere,0.6666666666666666
1320244,Virtus.pro,0.6666666666666666
1320381,Fnatic,0.3333333333333333
1320381,Imperial Esports,0.6666666666666666
1321114,ENCE,0.6666666666666666
1321114,Team Falcons,0.6666666666666666
1321115,Aurora Gaming,1.0
1321115,Complexity,0.6666666666666666
1321149,B8 Esports,0.6666666666666666
1321149,Monte,0.6666666666666666
1321161,FAVBET Team,0.6666666666666666
1321161,Zero Tenacity,0.3333333333333333
1321195,EYEBALLERS,0.3333333333333333
1321195,System5,0.3333333333333333
1321216,Permitta Esports,0.6666666666666666
1321216,Team 3DMAX,1.0
1321217,Fnatic,0.3333333333333333
1321217,RED Canids,0.3333333333333333
1321251,Natus Vincere,1.0
1321251,Team Spirit,1.0
1321563,Fnatic,0.6666666666666666
1321563,Ninjas in Pyjamas,0.6666666666666666
1321776,5W Gaming,1.0
1321776,Team 3DMAX,0.6666666666666666
1321809,Complexity,0.6666666666666666
1321809,Team Falcons,1.0
1321871,B8 Esports,1.0
1321871,Team 3DMAX,1.0
1333704,G2 Esports,0.3333333333333333
1333704,The Mongolz,0.3333333333333333
1333705,FaZe Clan,0.3333333333333333
1333705,FlyQuest,0.0
1333706,Complexity,1.0
1333706,Virtus.pro,0.3333333333333333
1333707,M80,0.3333333333333333
1333707,Team Vitality,0.6666666666666666
1333708,MIBR,0.3333333333333333
1333708,Team Spirit,1.0
1333709,FURIA Esports,0.6666666666666666
1333709,Natus Vincere,0.6666666666666666
1333710,MOUZ,0.3333333333333333
1333710,Sashi Esport,0.3333333333333333
1349663,Bleed Esports,0.6666666666666666
1349663,PARIVISION,0.6666666666666666
1370915,Team Liquid,0.3333333333333333
1370915,Virtus.pro,0.6666666666666666
1370916,BIG,0.3333333333333333
1370916,Natus Vincere,1.0
1370917,G2 Esports,0.6666666666666666
1370917,Ninjas in Pyjamas,0.3333333333333333
1370918,Cloud9,0.3333333333333333
1370918,FaZe Clan,0.3333333333333333
1370919,Astralis,0.3333333333333333
1370919,Team Falcons,0.6666666666666666
1370920,GamerLegion,0.3333333333333333
1370920,Team Vitality,0.3333333333333333
1370921,Complexity,0.3333333333333333
1370921,Heroic,0.6666666666666666
1370922,OG,0.0
1370922,Team Spirit,0.6666666666666666
1380475,Team Vitality,0.6666666666666666
1380475,Virtus.pro,0.6666666666666666
1380476,G2 Esports,0.3333333333333333
1380476,Team Spirit,1.0
1380477,FaZe Clan,0.3333333333333333
1380477,Natus Vincere,0.6666666666666666
1380479,MIBR,0.3333333333333333
1380479,The Mongolz,0.0
1380480,FURIA Esports,0.3333333333333333
1380480,FlyQuest,0.0
1380481,JiJieHao,0.6666666666666666
1380481,Sashi Esport,0.3333333333333333
1384234,FURIA Esports,0.3333333333333333
1384234,Sashi Esport,0.3333333333333333
1384669,M80,0.3333333333333333
1384669,The Mongolz,0.3333333333333333
1385724,FURIA Esports,1.0
1385724,MOUZ,0.6666666666666666
1389940,G2 Esports,0.6666666666666666
1389940,Virtus.pro,0.6666666666666666
1391226,MOUZ,0.6666666666666666
1391226,Natus Vincere,0.6666666666666666
1395259,G2 Esports,1.0
1395259,Natus Vincere,1.0
1399246,Fnatic,0.6666666666666666
1399246,Passion UA,0.6666666666666666
1423504,SAW,0.6666666666666666
1423504,The Mongolz,0.6666666666666666
1423505,Team Liquid,1.0
1423505,paiN Gaming,1.0
1423506,BIG,0.3333333333333333
1423506,FlyQuest,0.0
1423507,FURIA Esports,0.6666666666666666
1423507,Imperial Esports,0.3333333333333333
1423509,Heroic,0.3333333333333333
1423509,MIBR,0.6666666666666666
1423510,Eternal Fire,0.6666666666666666
1423510,Team Falcons,0.3333333333333333
1423511,ALTERNATE aTTaX,0.0
1423511,Complexity,0.3333333333333333
1427795,9z Team,1.0
1427795,Monte,0.6666666666666666
1428500,Fnatic,1.0
1428500,MOUZ NXT,0.6666666666666666
1429191,B8 Esports,0.6666666666666666
1429191,Sangal Esports,0.6666666666666666
1429772,AMKAL Esports,0.6666666666666666
1429772,The Mongolz,0.6666666666666666
1429773,ENCE,0.6666666666666666
1429773,Team 3DMAX,0.6666666666666666
1429864,Passion UA,0.6666666666666666
1429864,SAW,0.3333333333333333
1433680,Eternal Fire,1.0
1433680,The Mongolz,0.6666666666666666
1434356,Aurora Gaming,0.6666666666666666
1434356,Team 3DMAX,0.6666666666666666
1435170,Cloud9,0.3333333333333333
1435170,Team 3DMAX,1.0
1435171,AMKAL Esports,0.3333333333333333
1435171,Bleed Esports,0.6666666666666666
1435173,G2 Ares,0.5
1435173,Nemiga Gaming,1.0
1435175,Insilio,0.3333333333333333
1435175,Metizport,0.3333333333333333
1435176,1win Team,0.3333333333333333
1435176,TSM,0.3333333333333333
1438111,Dusty Roots,0.5
1438111,ODDIK,0.3333333333333333
1438112,Case Esports,0.0
1438112,paiN Gaming,1.0
1438114,9z Academy,0.5
1438114,MIBR,0.3333333333333333
1440194,1win Team,0.6666666666666666
1440194,NOM eSports,0.5
1440342,Team 3DMAX,0.6666666666666666
1440342,The Mongolz,1.0
1441988,Metizport,0.0
1441988,Team QUAZAR,0.0
1442538,Legacy,1.0
1442538,Team Solid,0.3333333333333333
1443452,BESTIA,1.0
1443452,Intense Game,1.0
1443453,Fluxo,0.3333333333333333
1443453,Vikings KR,0.0
1443819,Imperial Esports,0.3333333333333333
1443819,MIBR,0.3333333333333333
1447813,Complexity,0.0
1447813,OG,0.0
1447814,Heroic,1.0
1447814,Team Spirit,0.6666666666666666
1449800,GamerLegion,0.3333333333333333
1449800,Team Falcons,0.3333333333333333
1449801,Astralis,0.6666666666666666
1449801,Team Vitality,0.6666666666666666
1450654,Imperial Esports,0.6666666666666666
1450654,paiN Gaming,0.6666666666666666
1451234,Fluxo,0.3333333333333333
1451234,Intense Game,0.5
1455438,Complexity,0.3333333333333333
1455438,Heroic,0.6666666666666666
1455873,Insilio,0.3333333333333333
1455873,Metizport,0.3333333333333333
1456350,ODDIK,0.6666666666666666
1456350,paiN Gaming,1.0
1456351,Case Esports,0.0
1456351,Dusty Roots,0.0
1456732,Astralis,0.3333333333333333
1456732,Team Falcons,0.3333333333333333
1457855,MIBR,0.6666666666666666
1457855,Sharks Esports,0.3333333333333333
1460426,Johnny Speeds,0.6666666666666666
1460426,Nemiga Gaming,1.0
1460427,Fnatic,0.6666666666666666
1460427,G2 Ares,0.0
1461760,Cloud9,0.0
1461760,Ninjas in Pyjamas,0.0
1461761,FaZe Clan,0.6666666666666666
1461761,G2 Esports,0.6666666666666666
1462698,BIG,0.3333333333333333
1462698,Virtus.pro,0.3333333333333333
1462699,Natus Vincere,1.0
1462699,Team Liquid,0.6666666666666666
1463088,Bleed Esports,0.6666666666666666
1463088,Team 3DMAX,1.0
1463089,AMKAL Esports,0.3333333333333333
1463089,Cloud9,0.0
1463733,Case Esports,0.3333333333333333
1463733,ODDIK,0.3333333333333333
1466429,ATOX Esports,0.3333333333333333
1466429,Rare Atom,0.3333333333333333
1466696,FaZe Clan,0.3333333333333333
1466696,Ninjas in Pyjamas,0.3333333333333333
1467883,BIG,0.3333333333333333
1467883,Natus Vincere,0.6666666666666666
1469201,Sharks Esports,0.6666666666666666
1469201,paiN Gaming,1.0
1469202,MIBR,0.6666666666666666
1469202,ODDIK,0.6666666666666666
1469203,BESTIA,1.0
1469203,Team Solid,0.6666666666666666
1469204,Fluxo,0.6666666666666666
1469204,Legacy,1.0
1469894,Fnatic,0.6666666666666666
1469894,Nemiga Gaming,0.6666666666666666
1470048,Rare Atom,0.6666666666666666
1470048,TYLOO,0.6666666666666666
1470113,Complexity,0.6666666666666666
1470113,Team Spirit,0.6666666666666666
1470605,Astralis,0.6666666666666666
1470605,Team Vitality,0.6666666666666666
1471071,G2 Esports,0.6666666666666666
1471071,Ninjas in Pyjamas,0.6666666666666666
1471222,Natus Vincere,0.6666666666666666
1471222,Team Liquid,0.6666666666666666
1471480,1win Team,0.6666666666666666
1471480,Insilio,0.6666666666666666
1471631,ODDIK,0.6666666666666666
1471631,paiN Gaming,1.0
1472102,Legacy,1.0
1472102,Team Solid,0.6666666666666666
1472261,Fnatic,0.6666666666666666
1472261,Team 3DMAX,1.0
1472262,Cloud9,0.6666666666666666
1472262,Johnny Speeds,0.6666666666666666
1473025,Johnny Speeds,0.6666666666666666
1473025,Metizport,0.3333333333333333
1473026,Bleed Esports,0.3333333333333333
1473026,HAVU Gaming,0.0
1474921,Legacy,1.0
1474921,paiN Gaming,1.0
1475411,Johnny Speeds,1.0
1475411,Team 3DMAX,1.0
1475585,B8 Esports,0.6666666666666666
1475585,Permitta Esports,0.3333333333333333
1475794,Astralis,0.3333333333333333
1475794,Ninjas in Pyjamas,0.6666666666666666
1475795,Complexity,0.6666666666666666
1475795,Natus Vincere,0.3333333333333333
1480954,EYEBALLERS,0.6666666666666666
1480954,Project G,0.5
1480955,CYBERSHOKE Esports,0.0
1480955,Monte Gen,0.5
1480957,Fluffy Gangsters,0.5
1480957,Permitta Esports,0.6666666666666666
1484245,Aurora Young Blood,1.0
1484245,PARIVISION,0.6666666666666666
1484343,9z Team,0.6666666666666666
1484343,Team 3DMAX,0.6666666666666666
1484718,Permitta Esports,1.0
1484718,Sangal Esports,1.0
1488209,HAVU Gaming,0.0
1488209,Metizport,0.3333333333333333
1488625,Bleed Esports,0.3333333333333333
1488625,Metizport,0.3333333333333333
1488863,PARIVISION,1.0
1488863,Sangal Esports,1.0
1489775,Metizport,0.6666666666666666
1489775,TSM,0.6666666666666666
1491110,Aurora Young Blood,0.6666666666666666
1491110,Illuminar,0.6666666666666666
1491111,Team EndPoint,0.3333333333333333
1491111,Team Space,0.3333333333333333
1491112,CYBERSHOKE Esports,0.3333333333333333
1491112,EYEBALLERS,0.6666666666666666
1491113,Permitta Esports,0.6666666666666666
1491113,Young Ninjas,0.3333333333333333
1491114,Fluffy Gangsters,0.0
1491114,HAVU Gaming,0.0
1491115,Project G,0.0
1491115,Sinners Esports,0.0
1491116,Preasy Esport,0.0
1491116,THE SUSPECT,0.0
1492775,BIG,0.6666666666666666
1492775,SAW,1.0
1493500,Johnny Speeds,1.0
1493500,Metizport,1.0
1494001,ALTERNATE aTTaX,0.0
1494001,Team Falcons,0.3333333333333333
1494002,Complexity,0.3333333333333333
1494002,Eternal Fire,0.6666666666666666
1494307,Imperial Esports,0.3333333333333333
1494307,paiN Gaming,0.6666666666666666
1494308,FURIA Esports,0.6666666666666666
1494308,Team Liquid,1.0
1494464,Heroic,0.0
1494464,Team 3DMAX,0.3333333333333333
1494465,9z Team,0.6666666666666666
1494465,MIBR,0.6666666666666666
1497117,Eternal Fire,0.3333333333333333
1497117,The Mongolz,0.3333333333333333
1497119,BIG,0.3333333333333333
1497119,Team Falcons,0.3333333333333333
1497725,CYBERSHOKE Esports,0.6666666666666666
1497725,Team EndPoint,0.6666666666666666
1499245,MIBR,0.3333333333333333
1499245,paiN Gaming,0.6666666666666666
1499565,FaZe Clan,0.3333333333333333
1499565,Team Liquid,1.0
1499566,Complexity,0.6666666666666666
1499566,Virtus.pro,0.0
1499567,G2 Esports,1.0
1499567,SAW,1.0
1499568,9z Team,0.6666666666666666
1499568,Astralis,0.6666666666666666
1499976,FURIA Esports,0.6666666666666666
1499976,Team Vitality,1.0
1499977,MOUZ,0.6666666666666666
1499977,Team Falcons,0.6666666666666666
1499978,Team Spirit,1.0
1499978,The Mongolz,0.6666666666666666
1499981,Natus Vincere,0.6666666666666666
1499981,paiN Gaming,0.6666666666666666
1500929,ENTERPRISE esports,0.3333333333333333
1500929,Into The Breach,0.0
1500931,ALTERNATE aTTaX,0.0
1500931,TSM,0.6666666666666666
1502358,G2 Esports,0.6666666666666666
1502358,Team Spirit,0.6666666666666666
1502359,9z Team,0.6666666666666666
1502359,paiN Gaming,0.6666666666666666
1502360,SAW,1.0
1502360,The Mongolz,1.0
1502361,Astralis,0.6666666666666666
1502361,Natus Vincere,0.6666666666666666
1502732,Sinners Esports,0.6666666666666666
1502732,Team EndPoint,0.6666666666666666
1502733,Aurora Young Blood,0.3333333333333333
1502733,Permitta Esports,0.3333333333333333
1502734,Project G,0.3333333333333333
1502734,Team Space,0.3333333333333333
1502735,HAVU Gaming,0.3333333333333333
1502735,Illuminar,0.3333333333333333
1504748,FURIA Esports,0.3333333333333333
1504748,Team Liquid,0.6666666666666666
1504749,FaZe Clan,0.3333333333333333
1504749,Team Vitality,1.0
1505049,Team Falcons,0.6666666666666666
1505049,Virtus.pro,0.0
1505050,Complexity,1.0
1505050,MOUZ,0.6666666666666666
1505384,Natus Vincere,1.0
1505384,SAW,1.0
1505719,Astralis,0.6666666666666666
1505719,G2 Esports,0.6666666666666666
1506048,The Mongolz,0.6666666666666666
1506048,paiN Gaming,0.6666666666666666
1507744,Party Astronauts,0.0
1507744,Phoenix,0.5
1509920,FaZe Clan,0.3333333333333333
1509920,Team Falcons,0.6666666666666666
1510095,Complexity,0.6666666666666666
1510095,Team Liquid,0.6666666666666666
1510097,MOUZ,0.6666666666666666
1510097,Team Vitality,1.0
1510630,G2 Esports,0.6666666666666666
1510630,paiN Gaming,0.6666666666666666
1510671,Nexus Gaming,0.0
1510671,Team Space,0.3333333333333333
1510672,Aurora Young Blood,0.6666666666666666
1510672,Revenant Esports,0.0
1510673,CYBERSHOKE Esports,1.0
1510673,Young Ninjas,1.0
1510674,Insilio,0.6666666666666666
1510674,RUBY,0.3333333333333333
1510675,Illuminar,0.3333333333333333
1510675,Permitta Esports,0.6666666666666666
1510676,ECSTATIC,0.6666666666666666
1510676,EYEBALLERS,0.6666666666666666
1510805,Fluffy Gangsters,0.6666666666666666
1510805,Sinners Esports,0.6666666666666666
1510806,Permitta Esports,0.3333333333333333
1510806,Team Space,0.3333333333333333
1513541,FaZe Clan,0.6666666666666666
1513541,Team Liquid,0.6666666666666666
1514409,G2 Esports,1.0
1514409,MOUZ,0.6666666666666666
1514410,FaZe Clan,0.6666666666666666
1514410,SAW,0.6666666666666666
1514734,Rhyno Esports,0.3333333333333333
1514734,Team EndPoint,1.0
1516050,AMKAL Esports,0.0
1516050,Young Ninjas,0.6666666666666666
1516052,EYEBALLERS,0.3333333333333333
1516052,Zero Tenacity,0.3333333333333333
1516053,Sinners Esports,0.3333333333333333
1516053,Team 3DMAX,0.0
1516054,Aurora Young Blood,0.3333333333333333
1516054,GamerLegion,0.0
1516056,CYBERSHOKE Esports,0.6666666666666666
1516056,MOUZ NXT,0.3333333333333333
1517270,RUBY,0.3333333333333333
1517270,Team EndPoint,0.6666666666666666
1517271,Nexus Gaming,0.3333333333333333
1517271,Revenant Esports,0.3333333333333333
1517272,Monte Gen,0.3333333333333333
1517272,Permitta Esports,0.3333333333333333
1517274,EYEBALLERS,0.6666666666666666
1517274,Team Space,0.3333333333333333
1517985,Qiang,0.5
1517985,Sashi Esport,0.6666666666666666
1517986,AMKAL Esports,0.3333333333333333
1517986,Permitta Esports,0.3333333333333333
1517987,Rebels Gaming,0.3333333333333333
1517987,Zero Tenacity,0.3333333333333333
1517988,ARCRED,0.6666666666666666
1517988,Nemiga Gaming,0.3333333333333333
1517989,OG,1.0
1517989,SAW,0.3333333333333333
1517990,BIG,0.3333333333333333
1517990,Passion UA,0.0
1517992,ENTERPRISE esports,0.6666666666666666
1517992,PARIVISION,0.3333333333333333
1517994,GamerLegion,0.6666666666666666
1517994,Rhyno Esports,0.3333333333333333
1517995,B8 Esports,1.0
1517995,Sinners Esports,0.3333333333333333
1517996,Bleed Esports,0.3333333333333333
1517996,TSM,0.6666666666666666
1517997,1win Team,0.3333333333333333
1517997,Sangal Esports,1.0
1518000,ROFLAN SQUAD,1.0
1518000,Team QUAZAR,0.6666666666666666
1518003,B8 Esports,0.6666666666666666
1518003,Bleed Esports,0.6666666666666666
1518105,Virtus.pro,0.0
1518105,Zero Tenacity,0.3333333333333333
1518106,BIG,1.0
1518106,GamerLegion,0.6666666666666666
1518107,Complexity,0.3333333333333333
1518107,Metizport,0.3333333333333333
1518108,M80,0.3333333333333333
1518108,Team Falcons,0.3333333333333333
1518109,AMKAL Esports,0.0
1518109,Ninjas in Pyjamas,0.6666666666666666
1518110,Heroic,0.3333333333333333
1518110,OG,0.6666666666666666
1518111,Cloud9,1.0
1518111,paiN Gaming,0.6666666666666666
1518112,FaZe Clan,0.6666666666666666
1518112,Rare Atom,0.6666666666666666
1518219,Cloud9,1.0
1518219,Johnny Speeds,0.3333333333333333
1518624,E-Xolos LAZER,0.0
1518624,Homyno,0.5
1518629,Mythic,0.3333333333333333
1518629,Wildcard Gaming,0.6666666666666666
1518630,LAG Gaming,0.3333333333333333
1518630,Legacy,0.6666666666666666
1518729,Intense Game,0.3333333333333333
1518729,Team Solid,0.6666666666666666
1518730,Dusty Roots,0.0
1518730,inSanitY Sports,0.0
1518731,BESTIA,0.3333333333333333
1518731,Vikings KR,0.0
1518734,Fluxo,0.6666666666666666
1518734,KRÜ Esports,0.0
1518735,Case Esports,0.3333333333333333
1518735,RED Canids,0.3333333333333333
1518893,CYBERSHOKE Esports,0.6666666666666666
1518893,Sinners Esports,1.0
1519321,GamerLegion,0.6666666666666666
1519321,Zero Tenacity,0.3333333333333333
1520107,Insilio,0.6666666666666666
1520107,Team EndPoint,0.6666666666666666
1520829,SAW,0.6666666666666666
1520829,Team Vitality,1.0
1521063,MOUZ,0.6666666666666666
1521063,Natus Vincere,1.0
1521106,CYBERSHOKE Esports,0.3333333333333333
1521106,Revenant Esports,0.6666666666666666
1521107,Permitta Esports,0.3333333333333333
1521107,Team EndPoint,0.6666666666666666
1521108,ECSTATIC,0.3333333333333333
1521108,Team Space,0.3333333333333333
1521110,Insilio,0.6666666666666666
1521110,Monte Gen,0.3333333333333333
1521111,Nexus Gaming,0.3333333333333333
1521111,RUBY,0.3333333333333333
1521915,Bleed Esports,0.6666666666666666
1521915,Sinners Esports,1.0
1521916,1win Team,0.6666666666666666
1521916,GamerLegion,0.6666666666666666
1521918,MOUZ NXT,0.6666666666666666
1521918,Rustec,1.0
1521919,B8 Esports,0.6666666666666666
1521919,Lazer Cats,0.3333333333333333
1521920,500,0.6666666666666666
1521920,GenOne,0.6666666666666666
1521922,ENTERPRISE esports,0.3333333333333333
1521922,Monte,1.0
1521941,ALTERNATE aTTaX,0.6666666666666666
1521941,Team Sampi,0.0
1521942,DASH,0.0
1521942,Team EndPoint,0.6666666666666666
1521943,FAVBET Team,0.3333333333333333
1521943,Gaimin Gladiators,0.3333333333333333
1521944,Into The Breach,0.3333333333333333
1521944,MOUZ NXT,0.6666666666666666
1521945,Rebels Gaming,0.3333333333333333
1521945,Rhyno Esports,0.3333333333333333
1521946,Metizport,0.6666666666666666
1521946,TSM,0.3333333333333333
1521948,Meteor,0.0
1521948,Zero Tenacity,0.3333333333333333
1522894,GamerLegion,0.6666666666666666
1522894,Sinners Esports,1.0
1523325,Natus Vincere,1.0
1523325,Team Vitality,1.0
1524768,Mindfreak,0.0
1524768,Rooster,0.3333333333333333
1524769,Housebets,0.5
1524769,The Art of War,0.5
1526379,Monte Gen,0.6666666666666666
1526379,Revenant Esports,0.6666666666666666
1526380,RUBY,0.3333333333333333
1526380,Young Ninjas,0.6666666666666666
1526381,ECSTATIC,0.6666666666666666
1526381,Permitta Esports,0.3333333333333333
1526383,Aurora Young Blood,0.3333333333333333
1526383,Nexus Gaming,0.3333333333333333
1526582,Monte,1.0
1526582,NewBALLS,1.0
1526583,AMKAL Esports,0.3333333333333333
1526583,B8 Esports,1.0
1526584,Metizport,1.0
1526584,Sashi Esport,0.3333333333333333
1526585,500,0.6666666666666666
1526585,Team Spirit Academy,0.6666666666666666
1526587,Bleed Esports,0.6666666666666666
1526587,Cloud9,0.6666666666666666
1526588,Ninjas in Pyjamas,0.3333333333333333
1526588,PARIVISION,0.6666666666666666
1526825,ALTERNATE aTTaX,0.3333333333333333
1526825,Insilio,0.0
1529663,Cloud9,0.6666666666666666
1529663,Ninjas in Pyjamas,0.6666666666666666
1529825,B8 Esports,1.0
1529825,Monte,1.0
1530245,9Pandas,0.6666666666666666
1530245,FURIA Esports,0.3333333333333333
1530246,Aurora Gaming,0.3333333333333333
1530246,Eternal Fire,0.3333333333333333
1530248,9z Team,0.3333333333333333
1530248,Team Falcons,0.6666666666666666
1533809,Permitta Esports,0.6666666666666666
1533809,RUBY,0.3333333333333333
1533810,ALTERNATE aTTaX,0.6666666666666666
1533810,Aurora Young Blood,0.6666666666666666
1536159,Mindfreak,0.3333333333333333
1536159,Rooster,0.3333333333333333
1536788,AMKAL Esports,0.3333333333333333
1536788,Insilio,0.0
1536789,9Pandas,1.0
1536789,Cloud9,1.0
1536790,Permitta Esports,1.0
1536790,SAW,0.6666666666666666
1536791,BIG,0.3333333333333333
1536791,Qiang,0.6666666666666666
1536792,OG,0.6666666666666666
1536792,Rebels Gaming,0.6666666666666666
1536793,Nemiga Gaming,0.3333333333333333
1536793,Sashi Esport,0.3333333333333333
1536794,ARCRED,0.3333333333333333
1536794,Passion UA,0.3333333333333333
1536796,ENCE,0.0
1536796,ENTERPRISE esports,0.3333333333333333
1536798,Bleed Esports,0.6666666666666666
1536798,Sangal Esports,1.0
1536800,B8 Esports,0.6666666666666666
1536800,PARIVISION,0.3333333333333333
1536802,Dynamo Eclot,0.3333333333333333
1536802,Monte,0.3333333333333333
1536916,Johnny Speeds,0.0
1536916,Zero Tenacity,0.0
1537195,AMKAL Esports,0.3333333333333333
1537195,OG,0.3333333333333333
1538310,Rooster,0.6666666666666666
1538310,The Art of War,1.0
1539241,Bleed Esports,0.6666666666666666
1539241,Dynamo Eclot,0.6666666666666666
1539243,GamerLegion,0.6666666666666666
1539243,PARIVISION,0.6666666666666666
1539315,ALTERNATE aTTaX,1.0
1539315,Into The Breach,0.3333333333333333
1539316,Rhyno Esports,0.0
1539316,Zero Tenacity,0.3333333333333333
1539317,ENTERPRISE esports,0.0
1539317,Metizport,0.0
1539319,MOUZ NXT,0.3333333333333333
1539319,TSM,0.6666666666666666
1539341,OG,1.0
1539341,Passion UA,0.6666666666666666
1539342,BIG,0.6666666666666666
1539342,Permitta Esports,0.6666666666666666
1539343,9Pandas,0.6666666666666666
1539343,Nemiga Gaming,0.6666666666666666
1539344,ARCRED,0.3333333333333333
1539344,Sashi Esport,0.3333333333333333
1539469,Complexity,0.3333333333333333
1539469,Team Falcons,0.3333333333333333
1541093,B8 Esports,0.6666666666666666
1541093,Monte,0.3333333333333333
1541095,Bleed Esports,0.3333333333333333
1541095,GamerLegion,0.6666666666666666
1541103,CYBERSHOKE Esports,0.6666666666666666
1541103,MOUZ NXT,0.6666666666666666
1541104,Passion UA,0.6666666666666666
1541104,Team EndPoint,0.3333333333333333
1541106,ALTERNATE aTTaX,1.0
1541106,BIG,0.6666666666666666
1541107,Monte Gen,0.6666666666666666
1541107,PARIVISION,0.6666666666666666
1541108,Sinners Esports,1.0
1541108,Young Ninjas,0.6666666666666666
1541109,B8 Esports,0.6666666666666666
1541109,Revenant Esports,0.3333333333333333
1541110,Permitta Esports,0.0
1541110,Zero Tenacity,0.0
1541152,Onyx Ravens,0.6666666666666666
1541152,POGGERZ,0.5
1541154,DRILLAS,0.5
1541154,JiJieHao,0.6666666666666666
1541155,Al-Ittihad,0.5
1541155,NOM eSports,0.0
1541209,FaZe Clan,0.6666666666666666
1541209,paiN Gaming,0.6666666666666666
1541239,Cloud9,0.6666666666666666
1541239,Heroic,0.3333333333333333
1541240,B8 Esports,1.0
1541240,Eternal Fire,0.3333333333333333
1541241,Fnatic,1.0
1541241,Team 3DMAX,0.0
1541242,OG,0.3333333333333333
1541242,Team Falcons,1.0
1541330,Monte,0.6666666666666666
1541330,Sashi Esport,0.6666666666666666
1541331,Aurora Gaming,0.0
1541331,GamerLegion,0.3333333333333333
1541332,GenOne,0.6666666666666666
1541332,SAW,0.6666666666666666
1541333,LAG Gaming,0.0
1541333,Legacy,0.6666666666666666
1541334,FLUFFY AIMERS,1.0
1541334,Team Liquid,0.6666666666666666
1541670,BIG,1.0
1541670,Virtus.pro,0.3333333333333333
1543127,Housebets,0.0
1543127,Talon Esports,0.5
1543128,Arcade Esports,0.5
1543128,Mindfreak,0.3333333333333333
1543129,KZG,0.0
1543129,The Art of War,0.6666666666666666
1543130,Rooster,1.0
1543130,Vantage Esports,0.0
1543378,BetBoom Team,0.6666666666666666
1543378,Team Falcons,0.6666666666666666
1543379,9z Team,0.3333333333333333
1543379,paiN Gaming,0.6666666666666666
1543721,FaZe Clan,0.6666666666666666
1543721,OG,0.3333333333333333
1544067,Team Falcons,0.6666666666666666
1544067,Virtus.pro,0.6666666666666666
1544736,NRG Esports,0.3333333333333333
1544736,Nouns Esports,1.0
1544737,Party Astronauts,0.3333333333333333
1544737,Wildcard Gaming,1.0
1544742,9INE,0.0
1544742,Passion UA,0.6666666666666666
1544743,ENCE,0.3333333333333333
1544743,Young Ninjas,0.6666666666666666
1544744,OG,0.0
1544744,Team EndPoint,0.3333333333333333
1544745,Nexus Gaming,0.0
1544745,Zero Tenacity,0.6666666666666666
1544746,Cloud9,0.3333333333333333
1544746,Insilio,0.6666666666666666
1544747,ECSTATIC,0.6666666666666666
1544747,Fnatic,0.3333333333333333
1544748,B8 Esports,0.6666666666666666
1544748,Revenant Esports,0.6666666666666666
1544751,ALTERNATE aTTaX,1.0
1544751,Nemiga Gaming,0.6666666666666666
1544752,MOUZ NXT,0.6666666666666666
1544752,Monte,0.3333333333333333
1544753,TSM,1.0
1544753,Team Sampi,0.6666666666666666
1544754,Gaimin Gladiators,0.3333333333333333
1544754,PARIVISION,0.6666666666666666
1544755,BetBoom Team,0.3333333333333333
1544755,LEON,0.3333333333333333
1544756,CYBERSHOKE Esports,0.3333333333333333
1544756,Permitta Esports,0.0
1545571,ALTERNATE aTTaX,1.0
1545571,MOUZ NXT,0.6666666666666666
1545739,Copenhagen Wolves,0.5
1545739,Team Sampi,0.6666666666666666
1545740,CYBERSHOKE Esports,0.6666666666666666
1545740,Team Space,0.0
1545741,Revenant Esports,0.3333333333333333
1545741,Team EndPoint,0.6666666666666666
1545742,FAVBET Team,0.3333333333333333
1545742,Insilio,0.6666666666666666
1545744,Aurora Young Blood,0.3333333333333333
1545744,Gaimin Gladiators,0.0
1546009,Into The Breach,0.6666666666666666
1546009,Zero Tenacity,0.6666666666666666
1546010,AMKAL Esports,0.3333333333333333
1546010,PARIVISION,0.3333333333333333
1546011,Bleed Esports,0.0
1546011,EYEBALLERS,0.0
1546012,Metizport,0.3333333333333333
1546012,Nemiga Gaming,0.3333333333333333
1546013,9INE,0.3333333333333333
1546013,B8 Esports,0.3333333333333333
1546014,Monte,0.3333333333333333
1546014,Passion UA,0.3333333333333333
1546015,Sashi Esport,0.6666666666666666
1546015,Team Sampi,0.3333333333333333
1546016,GamerLegion,0.6666666666666666
1546016,Sinners Esports,1.0
1546169,Aurora Gaming,0.0
1546169,FURIA Esports,0.0
1546170,9Pandas,0.6666666666666666
1546170,Eternal Fire,1.0
1546171,Monte Gen,1.0
1546171,TSM,1.0
1546360,Sinners Esports,1.0
1546360,Zero Tenacity,0.3333333333333333
1548739,B8 Esports,0.6666666666666666
1548739,Heroic,0.0
1548740,Cloud9,0.6666666666666666
1548740,Eternal Fire,0.6666666666666666
1548801,Niory Esports,0.5
1548801,True Rippers Esports,0.0
1548802,Alter Ego,0.5
1548802,DEWA United,0.3333333333333333
1548804,Gods Reign,0.0
1548804,Oni CLAN,0.5
1548805,ATOX Esports,0.3333333333333333
1548805,Nomads,0.5
1548806,-72C,0.5
1548806,GR Gaming,0.3333333333333333
1548807,IHC Esports,0.5
1548807,THE,0.5
1548889,Fnatic,0.6666666666666666
1548889,OG,0.3333333333333333
1548890,Team 3DMAX,0.3333333333333333
1548890,Team Falcons,1.0
1549041,B8 Esports,0.0
1549041,Team EndPoint,0.3333333333333333
1549149,Dusty Roots,0.0
1549149,Fluxo,0.3333333333333333
1549152,ODDIK,0.6666666666666666
1549152,Vikings KR,0.0
1549153,Intense Game,0.0
1549153,RED Canids,0.3333333333333333
1549254,Cloud9,0.3333333333333333
1549254,Fnatic,0.6666666666666666
1549376,Heroic,0.3333333333333333
1549376,Team 3DMAX,0.3333333333333333
1549377,Eternal Fire,0.6666666666666666
1549377,Team Falcons,0.6666666666666666
1549394,9Pandas,0.6666666666666666
1549394,FURIA Esports,0.3333333333333333
1549856,Fluxo,0.3333333333333333
1549856,inSanitY Sports,0.3333333333333333
1549857,RED Canids,0.3333333333333333
1549857,Team Solid,0.3333333333333333
1549859,ODDIK,0.6666666666666666
1549859,Sharks Esports,0.3333333333333333
1549861,Case Esports,0.6666666666666666
1549861,w7m esports,0.6666666666666666
1549947,E-Xolos LAZER,0.3333333333333333
1549947,Mythic,0.3333333333333333
1549948,Akimbo Esports,0.5
1549948,Elevate,0.3333333333333333
1549949,FLUFFY AIMERS,0.3333333333333333
1549949,Party Astronauts,0.3333333333333333
1549950,Legacy,0.3333333333333333
1549950,Take Flyte,0.3333333333333333
1549952,BOSS,0.6666666666666666
1549952,Wildcard Gaming,0.6666666666666666
1550282,Bromo,0.0
1550282,Steel Helmet,0.0
1550399,SHPL,0.0
1550399,XNL Gaming,0.0
1550453,Arcade Esports,0.0
1550453,Housebets,0.0
1550454,KZG,0.0
1550454,Vantage Esports,0.0
1550514,Rare Atom,0.6666666666666666
1550514,TYLOO,0.6666666666666666
1550561,Rooster,1.0
1550561,Talon Esports,1.0
1550767,Arcade Esports,0.5
1550767,The Art of War,0.3333333333333333
1550823,Bromo,0.5
1550823,CatEvil,0.3333333333333333
1550824,Teamwork,0.5
1550824,XNL Gaming,0.5
1551135,Fnatic,0.6666666666666666
1551135,Heroic,0.6666666666666666
1551307,ALTERNATE aTTaX,1.0
1551307,Monte Gen,1.0
1551375,Team Falcons,0.3333333333333333
1551375,Team Spirit,0.3333333333333333
1551376,FURIA Esports,1.0
1551376,Virtus.pro,0.6666666666666666
1551377,Heroic,1.0
1551377,paiN Gaming,0.6666666666666666
1551378,Eternal Fire,0.6666666666666666
1551378,MOUZ,0.3333333333333333
1551459,B8 Esports,0.3333333333333333
1551459,Sinners Esports,1.0
1551618,ENCE Athena,0.0
1551618,Spirit Female,0.0
1551619,Astralis Women,0.6666666666666666
1551619,NAVI Javelins,0.6666666666666666
1551623,ENCE Athena,0.0
1551623,Let Her Cook,0.3333333333333333
1551626,ENCE Athena,0.0
1551626,NAVI Javelins,0.3333333333333333
1551628,Let Her Cook,0.3333333333333333
1551628,Spirit Female,1.0
1551631,Let Her Cook,0.6666666666666666
1551631,NAVI Javelins,0.3333333333333333
1551633,Permitta W,0.3333333333333333
1551633,dreamcatchers fe,0.6666666666666666
1551635,Crescent,0.3333333333333333
1551635,Imperial Female,1.0
1551639,BIG EQUIPA,0.3333333333333333
1551639,Permitta W,0.5
1551641,Crescent,0.0
1551641,dreamcatchers fe,0.5
1551643,BIG EQUIPA,0.3333333333333333
1551643,Imperial Female,1.0
1551644,Crescent,0.0
1551644,Permitta W,0.0
1551645,Imperial Female,1.0
1551645,dreamcatchers fe,0.5
1551646,BIG EQUIPA,0.3333333333333333
1551646,Crescent,0.5
1551729,Insilio,0.3333333333333333
1551729,Team Space,0.3333333333333333
1551730,Gaimin Gladiators,0.6666666666666666
1551730,Team Sampi,0.6666666666666666
1551731,Permitta Esports,0.3333333333333333
1551731,Revenant Esports,0.3333333333333333
1551734,Aurora Young Blood,0.3333333333333333
1551734,Copenhagen Wolves,0.0
1551735,EYEBALLERS,0.0
1551735,Team EndPoint,0.0
1551736,CYBERSHOKE Esports,0.3333333333333333
1551736,FAVBET Team,0.3333333333333333
1551741,Heroic,1.0
1551741,Team Falcons,0.0
1552645,E-Xolos LAZER,0.6666666666666666
1552645,FLUFFY AIMERS,0.6666666666666666
1552646,BOSS,0.6666666666666666
1552646,Elevate,0.6666666666666666
1552647,Legacy,0.6666666666666666
1552647,NRG Esports,0.6666666666666666
1553513,Oni CLAN,0.0
1553513,Revenge,0.0
1553514,Forward Gaming,0.6666666666666666
1553514,Gods Reign,0.3333333333333333
1553515,-72C,0.0
1553515,Nomads,0.0
1553516,Glamour,0.0
1553516,IHC Esports,0.0
1553518,Chinggis Warriors,1.0
1553518,THE,1.0
1553555,Arcade Esports,0.6666666666666666
1553555,Mindfreak,0.6666666666666666
1553744,Bromo,0.6666666666666666
1553744,Teamwork,0.6666666666666666
1553963,DEWA United,0.0
1553963,True Rippers Esports,0.0
1554181,Alter Ego,1.0
1554181,Gods Reign,0.6666666666666666
1554182,Chinggis Warriors,1.0
1554182,GR Gaming,0.6666666666666666
1554401,ATOX Esports,0.3333333333333333
1554401,IHC Esports,0.5
1554438,Mindfreak,0.6666666666666666
1554438,Talon Esports,0.6666666666666666
1554620,Niory Esports,0.5
1554620,Oni CLAN,0.5
1554621,-72C,0.5
1554621,THE,0.5
1554625,Rare Atom,0.6666666666666666
1554625,Teamwork,0.6666666666666666
1554837,Forward Gaming,0.3333333333333333
1554837,True Rippers Esports,0.3333333333333333
1554866,Team Falcons,0.0
1554866,Virtus.pro,0.3333333333333333
1554867,FURIA Esports,1.0
1554867,Team Spirit,0.3333333333333333
1555072,NOM eSports,0.6666666666666666
1555072,Onyx Ravens,0.6666666666666666
1555295,ALTERNATE aTTaX,1.0
1555295,B8 Esports,0.6666666666666666
1555484,Bravado Gaming,0.3333333333333333
1555484,DRILLAS,0.5
1556042,Fluxo,1.0
1556042,RED Canids,1.0
1556640,Eternal Fire,0.3333333333333333
1556640,Heroic,0.6666666666666666
1556641,MOUZ,0.6666666666666666
1556641,paiN Gaming,1.0
1558992,B8 Esports,0.6666666666666666
1558992,TSM,0.3333333333333333
1559163,Gods Reign,0.6666666666666666
1559163,True Rippers Esports,1.0
1559344,ATOX Esports,0.6666666666666666
1559344,Chinggis Warriors,0.6666666666666666
1559701,Aurora Gaming,0.0
1559701,GenOne,0.3333333333333333
1559702,GamerLegion,0.6666666666666666
1559702,SAW,0.6666666666666666
1559874,Eternal Fire,0.6666666666666666
1559874,FURIA Esports,0.6666666666666666
1560021,Cloud9,0.3333333333333333
1560021,GamerLegion,0.3333333333333333
1560025,Monte,0.3333333333333333
1560025,Ninjas in Pyjamas,0.0
1560055,RED Canids,1.0
1560055,Virtus.pro,0.3333333333333333
1560056,ENCE,0.3333333333333333
1560056,Team Liquid,0.6666666666666666
1560057,FURIA Esports,0.3333333333333333
1560057,Team Falcons,0.0
1560058,ATOX Esports,0.6666666666666666
1560058,Team Vitality,1.0
1560059,Astralis,0.3333333333333333
1560059,Fnatic,0.3333333333333333
1560060,Complexity,0.3333333333333333
1560060,M80,0.3333333333333333
1560061,BIG,0.3333333333333333
1560061,Imperial Esports,0.0
1560062,MOUZ,0.3333333333333333
1560062,Rooster,0.6666666666666666
1560064,Team 3DMAX,0.3333333333333333
1560064,The Mongolz,0.3333333333333333
1560065,9z Team,0.3333333333333333
1560065,MIBR,0.3333333333333333
1560066,Team Spirit,1.0
1560066,Wildcard Gaming,1.0
1560067,Lynn Vision Gaming,0.6666666666666666
1560067,Natus Vincere,0.6666666666666666
1560068,Heroic,0.3333333333333333
1560068,Ninjas in Pyjamas,0.0
1560069,Eternal Fire,0.6666666666666666
1560069,FlyQuest,0.0
1560070,FaZe Clan,1.0
1560070,Sangal Esports,1.0
1560196,DRILLAS,1.0
1560196,NOM eSports,0.6666666666666666
1560530,Copenhagen Wolves,0.5
1560530,Team EndPoint,0.3333333333333333
1560531,Revenant Esports,0.3333333333333333
1560531,Team Sampi,0.3333333333333333
1560533,Aurora Young Blood,0.0
1560533,FAVBET Team,0.0
1560540,GamerLegion,0.3333333333333333
1560540,Monte,0.6666666666666666
1560541,Aurora Gaming,0.3333333333333333
1560541,Sashi Esport,0.3333333333333333
1560548,Virtus.pro,0.3333333333333333
1560548,paiN Gaming,0.6666666666666666
1560549,MOUZ,0.6666666666666666
1560549,Team Spirit,0.6666666666666666
1560573,ALTERNATE aTTaX,0.6666666666666666
1560573,Meteor,0.3333333333333333
1560574,DASH,0.6666666666666666
1560574,Zero Tenacity,1.0
1560575,ENTERPRISE esports,0.0
1560575,Team Sampi,0.0
1560576,FAVBET Team,0.0
1560576,Metizport,0.6666666666666666
1560577,Into The Breach,0.3333333333333333
1560577,TSM,0.3333333333333333
1560713,Insilio,0.6666666666666666
1560713,Permitta Esports,0.6666666666666666
1560716,9INE,1.0
1560716,Team Space,0.3333333333333333
1562407,NRG Esports,0.3333333333333333
1562407,Nouns Esports,0.6666666666666666
1562682,ATOX Esports,1.0
1562682,GR Gaming,1.0
1562827,9INE,1.0
1562827,Zero Tenacity,1.0
1563232,ALTERNATE aTTaX,0.6666666666666666
1563232,OG,0.3333333333333333
1563365,Aurora Gaming,0.6666666666666666
1563365,Monte,0.6666666666666666
1563736,Eternal Fire,0.6666666666666666
1563736,paiN Gaming,0.6666666666666666
1563841,Gaimin Gladiators,1.0
1563841,Sinners Esports,0.6666666666666666
1563843,AMKAL Esports,0.3333333333333333
1563843,Young Ninjas,0.6666666666666666
1566113,Eternal Fire,1.0
1566113,MOUZ,0.6666666666666666
1566690,Eternal Fire,1.0
1566690,Team Spirit,1.0
1567735,9INE,0.6666666666666666
1567735,Team EndPoint,0.6666666666666666
1567737,Revenant Esports,0.3333333333333333
1567737,Sinners Esports,0.3333333333333333
1567738,Aurora Young Blood,0.3333333333333333
1567738,Team Space,0.3333333333333333
1567739,CYBERSHOKE Esports,0.3333333333333333
1567739,Copenhagen Wolves,0.3333333333333333
1567740,EYEBALLERS,0.6666666666666666
1567740,Team Sampi,0.3333333333333333
1567859,FLUFFY AIMERS,0.6666666666666666
1567859,Team Liquid,0.3333333333333333
1569148,GamerLegion,0.0
1569148,Into The Breach,0.3333333333333333
1569149,Monte,0.3333333333333333
1569149,PARIVISION,0.3333333333333333
1569150,Sinners Esports,0.3333333333333333
1569150,Zero Tenacity,1.0
1569151,Nemiga Gaming,0.3333333333333333
1569151,Sashi Esport,0.3333333333333333
1569152,AMKAL Esports,0.3333333333333333
1569152,Passion UA,0.0
1569153,9INE,0.6666666666666666
1569153,EYEBALLERS,1.0
1569154,B8 Esports,0.6666666666666666
1569154,Bleed Esports,0.0
1569394,ECSTATIC,1.0
1569394,Zero Tenacity,1.0
1569671,FAVBET Team,0.0
1569671,Revenant Esports,0.3333333333333333
1569672,CYBERSHOKE Esports,0.3333333333333333
1569672,Rhyno Esports,0.0
1569673,Aurora Young Blood,0.3333333333333333
1569673,ECSTATIC,0.6666666666666666
1569802,Insilio,0.6666666666666666
1569802,Team Space,0.3333333333333333
1569803,Team Spirit Academy,0.3333333333333333
1569803,Young Ninjas,0.6666666666666666
1569804,EYEBALLERS,0.6666666666666666
1569804,Monte Gen,0.6666666666666666
1572138,ALTERNATE aTTaX,0.6666666666666666
1572138,Cloud9,0.6666666666666666
1573033,9INE,0.3333333333333333
1573033,EYEBALLERS,0.6666666666666666
1575748,TSM,0.6666666666666666
1575748,Young Ninjas,0.6666666666666666
1575811,FaZe Clan,0.6666666666666666
1575811,FlyQuest,0.0
1575812,Eternal Fire,0.6666666666666666
1575812,Sangal Esports,1.0
1575965,Heroic,0.0
1575965,Lynn Vision Gaming,0.3333333333333333
1575967,Natus Vincere,0.6666666666666666
1575967,Ninjas in Pyjamas,0.3333333333333333
1576409,Gaimin Gladiators,1.0
1576409,Revenant Esports,0.3333333333333333
1576410,Insilio,1.0
1576410,Team Spirit Academy,0.6666666666666666
1576413,Aurora Young Blood,0.3333333333333333
1576413,Monte Gen,0.3333333333333333
1576415,FAVBET Team,0.0
1576415,Team Space,0.3333333333333333
1576416,JANO Esports,0.0
1576416,Rhyno Esports,0.0
1579166,9z Team,0.0
1579166,Wildcard Gaming,0.6666666666666666
1579167,G2 Esports,0.6666666666666666
1579167,Team 3DMAX,0.3333333333333333
1579168,MIBR,0.3333333333333333
1579168,Team Spirit,1.0
1579651,Gaimin Gladiators,0.3333333333333333
1579651,Passion UA,0.0
1579652,GamerLegion,0.0
1579652,Team EndPoint,0.6666666666666666
1579653,Bleed Esports,0.0
1579653,Insilio,0.6666666666666666
1579654,BetBoom Team,1.0
1579654,CYBERSHOKE Esports,0.6666666666666666
1579655,9INE,0.6666666666666666
1579655,B8 Esports,0.6666666666666666
1579657,Nemiga Gaming,0.3333333333333333
1579657,Permitta Esports,0.3333333333333333
1580026,FaZe Clan,0.6666666666666666
1580026,Ninjas in Pyjamas,0.3333333333333333
1580027,Eternal Fire,0.6666666666666666
1580027,Natus Vincere,0.6666666666666666
1580380,FlyQuest,0.0
1580380,Lynn Vision Gaming,0.0
1580381,Heroic,0.3333333333333333
1580381,Sangal Esports,0.6666666666666666
1583274,Team Spirit,0.6666666666666666
1583274,The Mongolz,0.3333333333333333
1583684,9z Team,0.3333333333333333
1583684,Team 3DMAX,0.3333333333333333
1583685,G2 Esports,0.6666666666666666
1583685,MIBR,0.6666666666666666
1583934,Gaimin Gladiators,0.0
1583934,Team Spirit Academy,0.6666666666666666
1583935,ECSTATIC,0.6666666666666666
1583935,EYEBALLERS,0.6666666666666666
1583937,Insilio,0.3333333333333333
1583937,Monte Gen,0.3333333333333333
1583938,JANO Esports,0.3333333333333333
1583938,Revenant Esports,0.3333333333333333
1583939,CYBERSHOKE Esports,0.6666666666666666
1583939,FAVBET Team,0.3333333333333333
1583941,Rhyno Esports,0.0
1583941,Team Space,0.0
1584084,Nemiga Gaming,0.6666666666666666
1584084,Zero Tenacity,0.6666666666666666
1584098,FaZe Clan,0.6666666666666666
1584098,Sangal Esports,0.6666666666666666
1586321,Into The Breach,0.6666666666666666
1586321,Rebels Gaming,1.0
1586322,ALTERNATE aTTaX,0.6666666666666666
1586322,TSM,0.6666666666666666
1586323,MOUZ NXT,0.3333333333333333
1586323,Team Sampi,0.3333333333333333
1586598,B8 Esports,0.6666666666666666
1586598,Bleed Esports,0.3333333333333333
1586613,9z Team,0.3333333333333333
1586613,The Mongolz,0.3333333333333333
1586615,Team 3DMAX,0.6666666666666666
1586615,Team Spirit,0.6666666666666666
1587030,GamerLegion,0.3333333333333333
1587030,Monte,0.3333333333333333
1587124,Cloud9,1.0
1587124,Zero Tenacity,1.0
1587313,CYBERSHOKE Esports,0.3333333333333333
1587313,Passion UA,0.3333333333333333
1587327,Team 3DMAX,0.3333333333333333
1587327,Wildcard Gaming,0.3333333333333333
1588539,AMKAL Esports,0.3333333333333333
1588539,B8 Esports,1.0
1588540,EYEBALLERS,0.6666666666666666
1588540,Into The Breach,0.6666666666666666
1588541,9INE,0.3333333333333333
1588541,PARIVISION,0.6666666666666666
1588543,GamerLegion,0.6666666666666666
1588543,Sashi Esport,0.0
1588544,Sinners Esports,0.0
1588544,Team Sampi,0.6666666666666666
1588545,Metizport,0.6666666666666666
1588545,Zero Tenacity,0.6666666666666666
1588683,Monte,0.3333333333333333
1588683,Nemiga Gaming,0.6666666666666666
1589856,GamerLegion,0.6666666666666666
1589856,Passion UA,0.6666666666666666
1590141,Team 3DMAX,0.6666666666666666
1590141,The Mongolz,0.6666666666666666
1590414,Heroic,0.6666666666666666
1590414,Sangal Esports,0.6666666666666666
1590804,EYEBALLERS,0.3333333333333333
1590804,Revenant Esports,0.3333333333333333
1590805,FAVBET Team,0.6666666666666666
1590805,Gaimin Gladiators,0.0
1590807,Insilio,0.0
1590807,Rhyno Esports,0.3333333333333333
1590808,Aurora Young Blood,0.3333333333333333
1590808,JANO Esports,0.3333333333333333
1590809,CYBERSHOKE Esports,0.3333333333333333
1590809,Young Ninjas,0.3333333333333333
1590810,B8 Esports,0.6666666666666666
1590810,Zero Tenacity,0.6666666666666666
1593043,B8 Esports,1.0
1593043,GamerLegion,1.0
1596679,Insilio,0.3333333333333333
1596679,Revenant Esports,0.3333333333333333
1599274,OG,0.3333333333333333
1599274,Team Sampi,0.6666666666666666
1599507,Team Liquid,0.3333333333333333
1599507,Team Spirit,0.6666666666666666
1599508,Astralis,0.3333333333333333
1599508,Team Vitality,0.6666666666666666
1599509,FaZe Clan,0.6666666666666666
1599509,G2 Esports,0.6666666666666666
1599510,Natus Vincere,1.0
1599510,Team Falcons,0.3333333333333333
1599575,Sashi Esport,0.3333333333333333
1599575,TSM,0.6666666666666666
1600014,BIG,0.0
1600014,Rooster,0.3333333333333333
1600015,Imperial Esports,0.3333333333333333
1600015,MOUZ,0.3333333333333333
1600161,Astralis,0.0
1600161,Complexity,0.3333333333333333
1600163,Fnatic,0.3333333333333333
1600163,M80,0.3333333333333333
1600309,ENCE,0.0
1600309,RED Canids,0.6666666666666666
1600310,Team Liquid,1.0
1600310,Virtus.pro,0.6666666666666666
1602822,Bleed Esports,0.6666666666666666
1602822,Team Spirit Academy,1.0
1602823,Cloud9,1.0
1602823,Gaimin Gladiators,0.3333333333333333
1602824,GamerLegion,0.3333333333333333
1602824,Monte Gen,0.6666666666666666
1602826,EYEBALLERS,0.3333333333333333
1602826,Zero Tenacity,0.6666666666666666
1602827,Insilio,0.6666666666666666
1602827,SAW,1.0
1602843,ATOX Esports,0.3333333333333333
1602843,Team Falcons,0.0
1602844,FURIA Esports,0.3333333333333333
1602844,Team Vitality,1.0
1603000,Team 3DMAX,0.3333333333333333
1603000,Zero Tenacity,1.0
1603309,Astralis,0.0
1603309,Rooster,0.0
1603767,Complexity,0.3333333333333333
1603767,MOUZ,0.3333333333333333
1604061,BIG,0.3333333333333333
1604061,Fnatic,0.3333333333333333
1604062,Imperial Esports,0.6666666666666666
1604062,M80,0.6666666666666666
1606105,Team Falcons,0.3333333333333333
1606105,Virtus.pro,0.3333333333333333
1606357,OG,0.6666666666666666
1606357,Sashi Esport,0.6666666666666666
1606486,Team Liquid,1.0
1606486,Team Vitality,1.0
1606612,ATOX Esports,0.0
1606612,ENCE,0.0
1606613,FURIA Esports,0.3333333333333333
1606613,RED Canids,0.6666666666666666
1606859,BIG,0.6666666666666666
1606859,Complexity,0.6666666666666666
1606860,Fnatic,0.3333333333333333
1606860,MOUZ,0.3333333333333333
1608574,GamerLegion,0.3333333333333333
1608574,Zero Tenacity,0.6666666666666666
1609235,Rebels Gaming,1.0
1609235,Zero Tenacity,1.0
1609236,RED Canids,0.3333333333333333
1609236,Team Falcons,0.3333333333333333
1609237,FURIA Esports,0.6666666666666666
1609237,Virtus.pro,0.6666666666666666
1609486,Bleed Esports,0.6666666666666666
1609486,Insilio,1.0
1609621,Astralis,0.3333333333333333
1609621,Complexity,0.6666666666666666
1609868,ECSTATIC,1.0
1609868,Gaimin Gladiators,0.6666666666666666
1609947,EYEBALLERS,0.0
1609947,Monte,0.3333333333333333
1609948,B8 Esports,0.6666666666666666
1609948,Team Sampi,0.3333333333333333
1609949,AMKAL Esports,0.6666666666666666
1609949,Into The Breach,0.6666666666666666
1609950,Nemiga Gaming,0.6666666666666666
1609950,Sinners Esports,1.0
1609951,9INE,0.3333333333333333
1609951,Metizport,0.3333333333333333
1610144,ATOX Esports,0.3333333333333333
1610144,FURIA Esports,0.3333333333333333
1611273,Bleed Esports,0.6666666666666666
1611273,Sashi Esport,0.6666666666666666
1612707,Gaimin Gladiators,1.0
1612707,GamerLegion,0.6666666666666666
1612714,FURIA Esports,0.6666666666666666
1612714,RED Canids,0.6666666666666666
1612865,Complexity,0.6666666666666666
1612865,MOUZ,0.3333333333333333
1613310,Insilio,1.0
1613310,Sinners Esports,1.0
1614828,ECSTATIC,0.6666666666666666
1614828,Zero Tenacity,0.3333333333333333
1614829,9Pandas,0.3333333333333333
1614829,Permitta Esports,0.3333333333333333
1614830,EYEBALLERS,0.3333333333333333
1614830,Passion UA,0.0
1614831,Insilio,0.6666666666666666
1614831,THE SUSPECT,0.0
1614832,CYBERSHOKE Esports,0.3333333333333333
1614832,Copenhagen Wolves,0.3333333333333333
1614833,FAVBET Team,0.6666666666666666
1614833,Lynn Vision Gaming,0.0
1614834,Nexus Gaming,0.0
1614834,Team EndPoint,0.6666666666666666
1614835,ALTERNATE aTTaX,0.3333333333333333
1614835,Monte Gen,0.3333333333333333
1617384,FURIA Esports,0.6666666666666666
1617384,Team Spirit,0.6666666666666666
1617385,Complexity,0.6666666666666666
1617385,FaZe Clan,1.0
1617386,Heroic,0.6666666666666666
1617386,Virtus.pro,0.6666666666666666
1617387,BIG,1.0
1617387,The Mongolz,0.6666666666666666
1621237,Insilio,0.6666666666666666
1621237,Team EndPoint,0.6666666666666666
1621238,CYBERSHOKE Esports,0.6666666666666666
1621238,Permitta Esports,0.6666666666666666
1621239,FAVBET Team,0.6666666666666666
1621239,Passion UA,0.3333333333333333
1621240,Monte Gen,0.6666666666666666
1621240,Zero Tenacity,0.3333333333333333
1621242,ECSTATIC,0.3333333333333333
1621242,EYEBALLERS,0.0
1621243,ALTERNATE aTTaX,0.3333333333333333
1621243,Copenhagen Wolves,0.0
1624027,Heroic,1.0
1624027,MIBR,0.6666666666666666
1624207,Eternal Fire,0.6666666666666666
1624207,The Mongolz,1.0
1625079,Complexity,1.0
1625079,Team Liquid,0.6666666666666666
1628613,M80,1.0
1628613,MIBR,0.6666666666666666
1628614,Eternal Fire,0.6666666666666666
1628614,Team Vitality,1.0
1629180,Natus Vincere,1.0
1629180,Team Spirit,1.0
1629537,Into The Breach,0.3333333333333333
1629537,Team Sampi,0.6666666666666666
1629538,9INE,0.0
1629538,Sinners Esports,0.6666666666666666
1629539,Monte,0.3333333333333333
1629539,Sashi Esport,0.6666666666666666
1629559,G2 Esports,1.0
1629559,Team Liquid,0.6666666666666666
1629903,CYBERSHOKE Esports,0.6666666666666666
1629903,Team EndPoint,0.6666666666666666
1629904,Monte Gen,0.6666666666666666
1629904,Passion UA,0.6666666666666666
1629905,ECSTATIC,0.3333333333333333
1629905,Lynn Vision Gaming,0.3333333333333333
1629906,Insilio,0.3333333333333333
1629906,Permitta Esports,0.3333333333333333
1629908,FAVBET Team,0.3333333333333333
1629908,Zero Tenacity,0.3333333333333333
1629910,EYEBALLERS,0.0
1629910,Nexus Gaming,0.0
1634013,Eternal Fire,0.6666666666666666
1634013,MIBR,0.6666666666666666
1637214,CYBERSHOKE Esports,0.6666666666666666
1637214,Passion UA,0.6666666666666666
1637215,Insilio,0.6666666666666666
1637215,Lynn Vision Gaming,0.6666666666666666
1637216,Copenhagen Wolves,0.6666666666666666
1637216,Zero Tenacity,0.6666666666666666
1637218,ECSTATIC,0.3333333333333333
1637218,Permitta Esports,0.3333333333333333
1637219,ALTERNATE aTTaX,0.0
1637219,FAVBET Team,0.3333333333333333
1637382,G2 Esports,1.0
1637382,Natus Vincere,1.0
1640965,Eternal Fire,1.0
1640965,Natus Vincere,1.0
1642814,Sinners Esports,0.6666666666666666
1642814,Zero Tenacity,0.6666666666666666
1642815,AMKAL Esports,1.0
1642815,Nemiga Gaming,0.6666666666666666
1642816,Monte,0.6666666666666666
1642816,PARIVISION,0.6666666666666666
1642817,Into The Breach,0.6666666666666666
1642817,Metizport,0.3333333333333333
1644421,Lynn Vision Gaming,0.6666666666666666
1644421,Passion UA,0.3333333333333333
1644422,Nexus Gaming,0.6666666666666666
1644422,Zero Tenacity,0.3333333333333333
1644511,Into The Breach,1.0
1644511,Team EndPoint,1.0
1644512,DRILLAS,1.0
1644512,Passion UA,0.3333333333333333
1644513,Monte Gen,1.0
1644513,Rhyno Esports,0.3333333333333333
1647094,Fnatic,0.0
1647094,Into The Breach,0.6666666666666666
1647758,BIG,0.6666666666666666
1647758,Monte,1.0
1648687,AMKAL Esports,1.0
1648687,Aurora Gaming,0.6666666666666666
1649129,Team 3DMAX,0.3333333333333333
1649129,Zero Tenacity,0.6666666666666666
1652742,BetBoom Team,0.3333333333333333
1652742,Monte Gen,0.6666666666666666
1652743,Passion UA,0.6666666666666666
1652743,Sangal Esports,0.3333333333333333
1652744,B8 Esports,0.3333333333333333
1652744,Insilio,0.6666666666666666
1652745,Aurora Gaming,0.6666666666666666
1652745,Team EndPoint,0.3333333333333333
1652746,BIG,0.3333333333333333
1652746,ECSTATIC,1.0
1652747,Team 3DMAX,0.3333333333333333
1652747,Zero Tenacity,0.6666666666666666
1652748,CYBERSHOKE Esports,0.6666666666666666
1652748,Sinners Esports,0.3333333333333333
1653363,Monte,1.0
1653363,Team 3DMAX,0.6666666666666666
1654353,Aurora Gaming,0.6666666666666666
1654353,Into The Breach,1.0
1654706,ECSTATIC,1.0
1654706,Into The Breach,0.6666666666666666
1654708,DRILLAS,1.0
1654708,FAVBET Team,0.6666666666666666
1654709,Monte Gen,1.0
1654709,Team Spirit Academy,0.6666666666666666
1654710,ALTERNATE aTTaX,0.0
1654710,Rhyno Esports,0.3333333333333333
1654711,Permitta Esports,0.0
1654711,Talon Esports,0.6666666666666666
1656175,G2 Esports,1.0
1656175,Heroic,0.6666666666666666
1656176,Astralis,0.0
1656176,Eternal Fire,0.6666666666666666
1656177,The Mongolz,0.6666666666666666
1656177,Virtus.pro,0.6666666666666666
1656178,9z Team,0.3333333333333333
1656178,Team Vitality,0.6666666666666666
1656180,FURIA Esports,0.6666666666666666
1656180,FaZe Clan,0.6666666666666666
1656181,Complexity,0.6666666666666666
1656181,Team Liquid,0.3333333333333333
1657596,G2 Esports,0.6666666666666666
1657596,Natus Vincere,1.0
1657597,FaZe Clan,0.3333333333333333
1657597,Team Falcons,0.0
1658319,Aurora Gaming,0.6666666666666666
1658319,ECSTATIC,1.0
1658335,Team Liquid,0.6666666666666666
1658335,Team Vitality,0.6666666666666666
1658336,Astralis,0.3333333333333333
1658336,Team Spirit,0.3333333333333333
1660327,M80,0.6666666666666666
1660327,Wildcard Gaming,0.6666666666666666
1660328,BIG,0.0
1660328,ODDIK,0.6666666666666666
1660329,Rooster,0.0
1660329,SAW,1.0
1660330,BetBoom Team,1.0
1660330,FlyQuest,0.3333333333333333
1661299,B8 Esports,0.3333333333333333
1661299,GamerLegion,0.6666666666666666
1661567,FaZe Clan,0.3333333333333333
1661567,Team Liquid,0.3333333333333333
1661568,G2 Esports,0.3333333333333333
1661568,Team Spirit,0.3333333333333333
1661913,Team EndPoint,0.0
1661913,WW Team,0.0
1662038,DRILLAS,1.0
1662038,Team Spirit Academy,0.6666666666666666
1662039,Monte Gen,0.3333333333333333
1662039,Permitta Esports,0.3333333333333333
1662040,CYBERSHOKE Esports,0.3333333333333333
1662040,FAVBET Team,0.3333333333333333
1662041,ALTERNATE aTTaX,0.3333333333333333
1662041,Into The Breach,0.3333333333333333
1662042,Copenhagen Wolves,0.3333333333333333
1662042,Passion UA,0.3333333333333333
1662043,Rhyno Esports,0.0
1662043,Talon Esports,0.3333333333333333
1663698,9z Team,0.3333333333333333
1663698,Team 3DMAX,1.0
1663891,G2 Esports,0.6666666666666666
1663891,Team Vitality,0.6666666666666666
1663945,Apogee Esports,0.0
1663945,OG,0.3333333333333333
1664119,Aurora Gaming,0.6666666666666666
1664119,GamerLegion,0.6666666666666666
1664253,FaZe Clan,0.6666666666666666
1664253,Natus Vincere,1.0
1664308,B8 Esports,0.6666666666666666
1664308,Team 3DMAX,0.6666666666666666
1664426,Nemiga Gaming,0.3333333333333333
1664426,SAW,0.3333333333333333
1664427,9z Team,0.3333333333333333
1664427,Apogee Esports,0.3333333333333333
1666553,9z Team,0.6666666666666666
1666553,SAW,0.6666666666666666
1667135,SAW,0.6666666666666666
1667135,Team 3DMAX,0.3333333333333333
1667174,ALTERNATE aTTaX,0.6666666666666666
1667174,DRILLAS,0.3333333333333333
1667175,CYBERSHOKE Esports,0.3333333333333333
1667175,Permitta Esports,0.6666666666666666
1667177,Monte Gen,0.0
1667177,WW Team,0.3333333333333333
1667178,Copenhagen Wolves,0.3333333333333333
1667178,Into The Breach,0.0
1667179,FAVBET Team,0.3333333333333333
1667179,Rhyno Esports,0.3333333333333333
1667340,G2 Esports,0.6666666666666666
1667340,Natus Vincere,1.0
1670823,G2 Ares,0.0
1670823,Metizport,0.3333333333333333
1670824,Passion UA,0.6666666666666666
1670824,RUBY,0.3333333333333333
1670825,FAVBET Team,0.0
1670825,Zero Tenacity,0.3333333333333333
1670826,ALTERNATE aTTaX,0.6666666666666666
1670826,HOTU,0.6666666666666666
1670828,ECSTATIC,0.0
1670828,Monte,0.6666666666666666
1670829,DRILLAS,0.6666666666666666
1670829,TSM,0.3333333333333333
1675523,ALTERNATE aTTaX,0.6666666666666666
1675523,Copenhagen Wolves,0.3333333333333333
1675524,CYBERSHOKE Esports,0.3333333333333333
1675524,Rhyno Esports,0.6666666666666666
1680005,ALTERNATE aTTaX,0.6666666666666666
1680005,TSM,0.6666666666666666
1680006,Monte,0.6666666666666666
1680006,Team Spirit Academy,0.6666666666666666
1680007,Metizport,0.6666666666666666
1680007,Zero Tenacity,0.3333333333333333
1682704,DRILLAS,0.6666666666666666
1682704,GamerLegion,0.6666666666666666
1682706,Aurora Gaming,0.3333333333333333
1682706,Passion UA,1.0
1682707,ECSTATIC,0.6666666666666666
1682707,Ninjas in Pyjamas,0.0
1682708,Permitta Esports,0.3333333333333333
1682708,Sinners Esports,0.3333333333333333
1682709,Rhyno Esports,1.0
1682709,Team 3DMAX,0.0
1682710,ALTERNATE aTTaX,0.6666666666666666
1682710,B8 Esports,1.0
1682711,PARIVISION,0.3333333333333333
1682711,Team Spirit Academy,1.0
1686172,PARIVISION,0.3333333333333333
1686172,Team 3DMAX,0.3333333333333333
1686468,ALTERNATE aTTaX,0.6666666666666666
1686468,Passion UA,1.0
1686469,Team Spirit Academy,0.6666666666666666
1686469,Zero Tenacity,0.6666666666666666
1686473,ECSTATIC,1.0
1686473,TSM,0.3333333333333333
1686474,HOTU,0.3333333333333333
1686474,RUBY,0.0
1688140,Passion UA,1.0
1688140,Permitta Esports,0.3333333333333333
1688348,FlyQuest,0.6666666666666666
1688348,SAW,1.0
1688465,9Pandas,0.3333333333333333
1688465,ECSTATIC,1.0
1688675,ODDIK,0.3333333333333333
1688675,Wildcard Gaming,0.3333333333333333
1688676,BIG,0.3333333333333333
1688676,M80,0.6666666666666666
1688920,B8 Esports,1.0
1688920,GamerLegion,0.6666666666666666
1689361,M80,0.3333333333333333
1689361,Wildcard Gaming,0.3333333333333333
1690905,Passion UA,1.0
1690905,Team 3DMAX,0.6666666666666666
1691440,ECSTATIC,0.6666666666666666
1691440,Zero Tenacity,0.6666666666666666
1691441,Metizport,0.6666666666666666
1691441,Monte,0.6666666666666666
1691442,G2 Ares,0.3333333333333333
1691442,TSM,0.3333333333333333
1691443,DRILLAS,0.3333333333333333
1691443,FAVBET Team,0.3333333333333333
1691444,CYBERSHOKE Esports,0.3333333333333333
1691444,HOTU,0.3333333333333333
1691451,9Pandas,0.6666666666666666
1691451,GamerLegion,0.6666666666666666
1691661,FlyQuest,0.6666666666666666
1691661,Wildcard Gaming,0.6666666666666666
1691876,BIG,0.6666666666666666
1691876,SAW,0.6666666666666666
1693963,GamerLegion,1.0
1693963,Passion UA,1.0
1697750,FaZe Clan,0.3333333333333333
1697750,paiN Gaming,0.6666666666666666
1697751,FURIA Esports,0.6666666666666666
1697751,MOUZ,0.6666666666666666
1697946,Complexity,0.3333333333333333
1697946,Imperial Esports,0.0
1697947,Natus Vincere,0.6666666666666666
1697947,Team Liquid,0.3333333333333333
1698317,Eternal Fire,0.3333333333333333
1698317,G2 Esports,0.6666666666666666
1698318,9z Team,0.3333333333333333
1698318,Virtus.pro,0.3333333333333333
1698319,Astralis,0.3333333333333333
1698319,Heroic,0.6666666666666666
1698320,Team Vitality,0.6666666666666666
1698320,The Mongolz,0.6666666666666666
1698513,FAVBET Team,0.6666666666666666
1698513,TSM,0.3333333333333333
1698515,ALTERNATE aTTaX,0.3333333333333333
1698515,Metizport,0.3333333333333333
1699387,Complexity,0.3333333333333333
1699387,MOUZ,0.3333333333333333
1699538,FaZe Clan,0.3333333333333333
1699538,Team Liquid,0.3333333333333333
1699540,FURIA Esports,0.6666666666666666
1699540,Natus Vincere,0.6666666666666666
1701866,Eternal Fire,0.3333333333333333
1701866,The Mongolz,0.3333333333333333
1701984,Astralis,0.3333333333333333
1701984,Virtus.pro,0.3333333333333333
1701985,Heroic,0.6666666666666666
1701985,Team Vitality,0.6666666666666666
1702323,FaZe Clan,0.6666666666666666
1702323,MOUZ,0.6666666666666666
1704117,Monte,0.6666666666666666
1704117,Sinners Esports,0.0
1704119,BetBoom Team,0.3333333333333333
1704119,FAVBET Team,0.6666666666666666
1704120,Cloud9,0.6666666666666666
1704120,Passion UA,0.6666666666666666
1704121,CYBERSHOKE Esports,0.6666666666666666
1704121,Team 3DMAX,0.6666666666666666
1704122,OG,0.0
1704122,Team Spirit Academy,0.6666666666666666
1704123,Fnatic,0.0
1704123,Metizport,0.6666666666666666
1704124,Aurora Gaming,0.3333333333333333
1704124,Zero Tenacity,0.6666666666666666
1704289,9z Team,0.0
1704289,ENCE,0.0
1704290,Heroic,0.6666666666666666
1704290,Rebels Gaming,0.6666666666666666
1704291,B8 Esports,0.6666666666666666
1704291,Ninjas in Pyjamas,0.0
1704292,JANO Esports,0.3333333333333333
1704292,The Mongolz,0.3333333333333333
1704866,The Mongolz,0.6666666666666666
1704866,Virtus.pro,0.6666666666666666
1705589,Natus Vincere,0.6666666666666666
1705589,Virtus.pro,1.0
1705865,MOUZ,0.6666666666666666
1705865,Team Vitality,0.6666666666666666
1706809,TSM,0.3333333333333333
1706809,Team 3DMAX,0.3333333333333333
1706810,Sangal Esports,0.3333333333333333
1706810,Sashi Esport,0.3333333333333333
1707248,Aurora Gaming,0.3333333333333333
1707248,Metizport,0.6666666666666666
1707966,Team 3DMAX,0.6666666666666666
1707966,Team Spirit Academy,1.0
1710402,PARIVISION,0.6666666666666666
1710402,Team Solid,0.3333333333333333
1710403,Nemiga Gaming,0.3333333333333333
1710403,Sangal Esports,0.6666666666666666
1710404,Aurora Gaming,0.3333333333333333
1710404,Fluxo,0.6666666666666666
1710439,FAVBET Team,1.0
1710439,Passion UA,0.6666666666666666
1710668,Heroic,1.0
1710668,Natus Vincere,0.6666666666666666
1711152,FURIA Esports,1.0
1711152,MOUZ,1.0
1713124,Aurora Gaming,0.6666666666666666
1713124,FAVBET Team,1.0
1713814,Sinners Esports,0.6666666666666666
1713814,Team Spirit Academy,1.0
1713923,MOUZ,1.0
1713923,Natus Vincere,0.6666666666666666
1721330,Monte,0.6666666666666666
1721330,paiN Gaming,0.3333333333333333
1721331,Legacy,0.3333333333333333
1721331,MIBR,0.6666666666666666
1721332,SAW,0.3333333333333333
1721332,Team Falcons,0.0
1721333,B8 Esports,0.3333333333333333
1721333,Eternal Fire,0.3333333333333333
1722925,PARIVISION,0.6666666666666666
1722925,Sashi Esport,0.3333333333333333
1723142,9Pandas,0.6666666666666666
1723142,TSM,0.3333333333333333
1725232,JANO Esports,0.0
1725232,Ninjas in Pyjamas,0.0
1725542,Fluxo,0.6666666666666666
1725542,Sangal Esports,1.0
1725543,Aurora Gaming,0.0
1725543,Nemiga Gaming,0.3333333333333333
1725714,FlyQuest,1.0
1725714,Talon Esports,0.0
1725715,GR Gaming,1.0
1725715,Rare Atom,0.6666666666666666
1725716,DRILLAS,0.0
1725716,Lynn Vision Gaming,0.3333333333333333
1725717,Alter Ego,1.0
1725717,The Mongolz,1.0
1725718,Case Esports,1.0
1725718,Imperial Esports,0.6666666666666666
1725719,KRÜ Esports,0.6666666666666666
1725719,MIBR,0.0
1725720,BOSS,0.6666666666666666
1725720,M80,0.3333333333333333
1725721,9z Team,0.0
1725721,RED Canids,0.0
1725722,Nouns Esports,0.3333333333333333
1725722,paiN Gaming,0.6666666666666666
1725723,BESTIA,0.3333333333333333
1725723,Complexity,0.3333333333333333
1725724,Team Liquid,0.0
1725724,Wildcard Gaming,0.6666666666666666
1725725,FURIA Esports,0.6666666666666666
1725725,Legacy,0.3333333333333333
1725726,TSM,0.0
1725726,Team 3DMAX,0.6666666666666666
1725727,BIG,0.3333333333333333
1725727,Sashi Esport,0.6666666666666666
1725728,9Pandas,0.6666666666666666
1725728,Astralis,0.6666666666666666
1725729,Heroic,0.6666666666666666
1725729,PARIVISION,0.0
1725730,Passion UA,0.0
1725730,Virtus.pro,0.3333333333333333
1725731,Aurora Gaming,0.0
1725731,Eternal Fire,0.3333333333333333
1725732,B8 Esports,0.6666666666666666
1725732,Team Spirit,0.6666666666666666
1725733,G2 Esports,1.0
1725733,Ninjas in Pyjamas,0.3333333333333333
1725734,BetBoom Team,1.0
1725734,UNiTY,1.0
1725735,Rebels Gaming,0.3333333333333333
1725735,Sangal Esports,0.6666666666666666
1725736,Dynamo Eclot,0.3333333333333333
1725736,Team Falcons,0.0
1725737,SAW,1.0
1725737,Sinners Esports,0.3333333333333333
1725738,Cloud9,0.3333333333333333
1725738,FaZe Clan,0.3333333333333333
1725739,MOUZ,0.3333333333333333
1725739,Nemiga Gaming,0.6666666666666666
1725740,GamerLegion,0.6666666666666666
1725740,Team Vitality,0.6666666666666666
1725741,Fnatic,0.3333333333333333
1725741,Natus Vincere,0.3333333333333333
1726127,Fnatic,0.3333333333333333
1726127,PARIVISION,0.6666666666666666
1726128,Team Solid,0.0
1726128,UNPAID,0.0
1726252,Nemiga Gaming,0.6666666666666666
1726252,Sangal Esports,1.0
1726258,B8 Esports,0.3333333333333333
1726258,JANO Esports,0.3333333333333333
1728217,9z Team,0.0
1728217,Rebels Gaming,0.3333333333333333
1728218,ENCE,0.3333333333333333
1728218,Heroic,0.6666666666666666
1728331,Fluxo,0.3333333333333333
1728331,Nemiga Gaming,0.6666666666666666
1728943,9z Team,0.3333333333333333
1728943,ENCE,0.3333333333333333
1728950,PARIVISION,0.3333333333333333
1728950,UNPAID,0.5
1729042,SAW,0.3333333333333333
1729042,Team 3DMAX,0.6666666666666666
1729284,BESTIA,1.0
1729284,M80,0.3333333333333333
1729285,Aurora Gaming,0.0
1729285,BIG,0.6666666666666666
1729286,Imperial Esports,0.0
1729286,Ninjas in Pyjamas,0.0
1729287,Heroic,0.6666666666666666
1729287,Legacy,0.6666666666666666
1729288,9z Team,0.3333333333333333
1729288,Fnatic,0.6666666666666666
1729289,Cloud9,0.3333333333333333
1729289,The Mongolz,0.6666666666666666
1729291,Team 3DMAX,0.6666666666666666
1729291,Team Falcons,0.0
1730186,Team Spirit,0.3333333333333333
1730186,Team Vitality,0.3333333333333333
1730187,G2 Esports,0.3333333333333333
1730187,Team Liquid,0.3333333333333333
1730188,FaZe Clan,0.6666666666666666
1730188,MOUZ,0.6666666666666666
1730189,Astralis,0.3333333333333333
1730189,Natus Vincere,1.0
1730932,Fnatic,0.6666666666666666
1730932,Nemiga Gaming,0.6666666666666666
1730933,Sangal Esports,1.0
1730933,UNPAID,0.6666666666666666
1731081,B8 Esports,0.6666666666666666
1731081,Heroic,0.6666666666666666
1731082,ENCE,0.6666666666666666
1731082,The Mongolz,0.6666666666666666
1731153,Nemiga Gaming,0.6666666666666666
1731153,Team 3DMAX,0.6666666666666666
1731375,NAVI Javelins,1.0
1731375,dreamcatchers fe,0.6666666666666666
1731376,BIG EQUIPA,0.6666666666666666
1731376,Let Her Cook,0.6666666666666666
1732508,Nemiga Gaming,1.0
1732508,UNPAID,1.0
1732730,Nemiga Gaming,1.0
1732730,Sangal Esports,0.6666666666666666
1732883,ENCE,0.6666666666666666
1732883,Heroic,1.0
1733056,Let Her Cook,0.6666666666666666
1733056,NAVI Javelins,0.6666666666666666
1736825,OG,0.3333333333333333
1736825,Team 3DMAX,0.6666666666666666
1736826,Team Falcons,0.0
1736826,Virtus.pro,0.3333333333333333
1737473,OG,0.3333333333333333
1737473,Virtus.pro,0.3333333333333333
1739243,Fnatic,0.6666666666666666
1739243,The Mongolz,0.6666666666666666
1739244,9z Team,0.3333333333333333
1739244,Cloud9,0.0
1739749,Cloud9,0.3333333333333333
1739749,Fnatic,0.3333333333333333
1742297,Heroic,0.6666666666666666
1742297,Ninjas in Pyjamas,0.3333333333333333
1743019,Imperial Esports,0.3333333333333333
1743019,Ninjas in Pyjamas,0.3333333333333333
1744788,BESTIA,1.0
1744788,BIG,0.6666666666666666
1744789,Aurora Gaming,0.0
1744789,M80,0.0
1745439,BESTIA,0.6666666666666666
1745439,M80,0.3333333333333333
1747242,Eternal Fire,0.3333333333333333
1747242,Team Falcons,0.0
1747243,B8 Esports,0.6666666666666666
1747243,SAW,0.6666666666666666
1747382,Imperial Esports,0.6666666666666666
1747382,The Mongolz,0.6666666666666666
1747533,MIBR,0.3333333333333333
1747533,Monte,0.3333333333333333
1747534,Legacy,0.3333333333333333
1747534,paiN Gaming,0.3333333333333333
1748352,Legacy,0.3333333333333333
1748352,Monte,0.3333333333333333
1748620,BESTIA,0.6666666666666666
1748620,Team 3DMAX,0.6666666666666666
1748622,BIG,0.6666666666666666
1748622,OG,0.6666666666666666
1750671,B8 Esports,0.3333333333333333
1750671,Eternal Fire,0.3333333333333333
1751117,Heroic,1.0
1751117,OG,0.3333333333333333
1751715,B8 Esports,0.6666666666666666
1751715,paiN Gaming,0.6666666666666666
1751716,Monte,0.6666666666666666
1751716,SAW,0.6666666666666666
1752170,Team 3DMAX,1.0
1752170,The Mongolz,1.0
1766229,Astralis,0.3333333333333333
1766229,MOUZ,0.6666666666666666
1766230,FaZe Clan,0.3333333333333333
1766230,Natus Vincere,0.6666666666666666
1767165,Team Liquid,0.0
1767165,Team Vitality,0.0
1767166,G2 Esports,0.3333333333333333
1767166,Team Spirit,0.6666666666666666
1770853,MOUZ,0.3333333333333333
1770853,Team Vitality,0.3333333333333333
1771290,FaZe Clan,0.3333333333333333
1771290,Team Spirit,0.3333333333333333
1773453,G2 Esports,0.6666666666666666
1773453,Team Vitality,0.6666666666666666
1773943,Astralis,0.6666666666666666
1773943,Team Spirit,0.6666666666666666
1777707,Into The Breach,0.3333333333333333
1777707,Rebels Gaming,0.6666666666666666
1778057,G2 Esports,1.0
1778057,Team Spirit,0.6666666666666666
1779216,OG,0.0
1779216,Team 3DMAX,0.6666666666666666
1779217,Heroic,1.0
1779217,The Mongolz,1.0
1782410,FAVBET Team,0.6666666666666666
1782410,Monte,0.6666666666666666
1783583,9Pandas,1.0
1783583,Permitta Esports,0.3333333333333333
1783584,Dynamo Eclot,0.6666666666666666
1783584,Sinners Esports,0.6666666666666666
1790467,9INE,0.0
1790467,Into The Breach,0.3333333333333333
1791620,9Pandas,1.0
1791620,Dynamo Eclot,0.6666666666666666
1791622,Permitta Esports,0.3333333333333333
1791622,Sinners Esports,0.6666666666666666
1800504,Permitta Esports,0.3333333333333333
1800504,Rebels Gaming,0.3333333333333333
1800525,Dynamo Eclot,0.6666666666666666
1800525,Into The Breach,0.3333333333333333
1801193,9INE,0.3333333333333333
1801193,AMKAL Esports,0.6666666666666666
1804409,Dynamo Eclot,0.6666666666666666
1804409,Rebels Gaming,0.3333333333333333
1804846,Gaimin Gladiators,0.6666666666666666
1804846,Zero Tenacity,1.0
1804847,Dynamo Eclot,1.0
1804847,Sinners Esports,0.6666666666666666
1804848,500,0.6666666666666666
1804848,9Pandas,1.0
1808260,ENCE,0.6666666666666666
1808260,Zero Tenacity,0.6666666666666666
1811306,500,0.6666666666666666
1811306,ENCE,1.0
1813430,Alter Ego,0.6666666666666666
1813430,Lynn Vision Gaming,0.0
1813431,DRILLAS,0.3333333333333333
1813431,The Mongolz,1.0
1813889,FlyQuest,0.6666666666666666
1813889,GR Gaming,0.6666666666666666
1813890,Rare Atom,1.0
1813890,Talon Esports,0.3333333333333333
1814695,BetBoom Team,0.3333333333333333
1814695,Ninjas in Pyjamas,0.3333333333333333
1816336,Imperial Esports,0.6666666666666666
1816336,MIBR,0.3333333333333333
1816337,KRÜ Esports,0.3333333333333333
1816337,Team Liquid,0.0
1816338,BOSS,0.6666666666666666
1816338,Complexity,0.6666666666666666
1816339,M80,0.3333333333333333
1816339,RED Canids,0.0
1816340,Case Esports,0.6666666666666666
1816340,FURIA Esports,0.3333333333333333
1816341,Wildcard Gaming,0.6666666666666666
1816341,paiN Gaming,0.6666666666666666
1816342,BESTIA,0.3333333333333333
1816342,Nouns Esports,0.3333333333333333
1816343,9z Team,0.3333333333333333
1816343,Legacy,0.3333333333333333
1816595,DRILLAS,0.3333333333333333
1816595,FlyQuest,0.6666666666666666
1817086,Lynn Vision Gaming,0.3333333333333333
1817086,Talon Esports,0.3333333333333333
1817564,Case Esports,0.3333333333333333
1817564,RED Canids,0.0
1817565,Complexity,0.6666666666666666
1817565,MIBR,0.6666666666666666
1817566,KRÜ Esports,0.3333333333333333
1817566,Nouns Esports,0.0
1817567,9z Team,0.6666666666666666
1817567,Wildcard Gaming,0.6666666666666666
1817568,BESTIA,0.3333333333333333
1817568,Team Liquid,0.3333333333333333
1817569,Imperial Esports,0.3333333333333333
1817569,paiN Gaming,0.3333333333333333
1817570,Legacy,0.3333333333333333
1817570,M80,0.3333333333333333
1817571,BOSS,0.6666666666666666
1817571,FURIA Esports,0.3333333333333333
1819677,FlyQuest,0.6666666666666666
1819677,Lynn Vision Gaming,0.6666666666666666
1820216,Legacy,0.3333333333333333
1820216,RED Canids,0.3333333333333333
1820217,FURIA Esports,0.6666666666666666
1820217,Team Liquid,0.6666666666666666
1820218,Imperial Esports,0.3333333333333333
1820218,KRÜ Esports,0.3333333333333333
1820219,Complexity,0.6666666666666666
1820219,M80,0.6666666666666666
1820220,BESTIA,0.3333333333333333
1820220,BOSS,0.3333333333333333
1820221,9z Team,0.6666666666666666
1820221,paiN Gaming,0.6666666666666666
1822887,9z Team,0.3333333333333333
1822887,FURIA Esports,0.6666666666666666
1822888,Imperial Esports,0.3333333333333333
1822888,RED Canids,0.6666666666666666
1822889,BESTIA,0.6666666666666666
1822889,M80,0.6666666666666666
1827317,SAW,0.6666666666666666
1827317,UNiTY,0.6666666666666666
1827318,FaZe Clan,0.6666666666666666
1827318,Team Falcons,0.3333333333333333
1827319,Cloud9,0.3333333333333333
1827319,Nemiga Gaming,0.3333333333333333
1827320,MOUZ,0.3333333333333333
1827320,Sangal Esports,0.6666666666666666
1827321,Fnatic,0.3333333333333333
1827321,Rebels Gaming,0.3333333333333333
1827322,BetBoom Team,1.0
1827322,Team Vitality,0.6666666666666666
1827323,Dynamo Eclot,0.0
1827323,GamerLegion,0.3333333333333333
1827324,Natus Vincere,0.3333333333333333
1827324,Sinners Esports,0.6666666666666666
1827603,GamerLegion,0.0
1827603,UNiTY,0.3333333333333333
1827604,FaZe Clan,0.6666666666666666
1827604,Team Vitality,0.6666666666666666
1827605,MOUZ,0.6666666666666666
1827605,Natus Vincere,0.6666666666666666
1827606,Nemiga Gaming,0.0
1827606,Rebels Gaming,0.0
1827607,SAW,0.6666666666666666
1827607,Team Falcons,0.3333333333333333
1827608,BetBoom Team,0.6666666666666666
1827608,Fnatic,0.3333333333333333
1827609,Cloud9,0.3333333333333333
1827609,Sangal Esports,0.6666666666666666
1827610,Dynamo Eclot,0.3333333333333333
1827610,Sinners Esports,0.3333333333333333
1829679,GamerLegion,0.3333333333333333
1829679,Team Falcons,0.3333333333333333
1829680,FaZe Clan,0.6666666666666666
1829680,Fnatic,0.6666666666666666
1829681,Natus Vincere,0.6666666666666666
1829681,SAW,0.6666666666666666
1829682,BetBoom Team,0.3333333333333333
1829682,Nemiga Gaming,0.3333333333333333
1829683,Cloud9,0.6666666666666666
1829683,Sinners Esports,0.6666666666666666
1829684,Dynamo Eclot,0.3333333333333333
1829684,Sangal Esports,0.3333333333333333
1831609,Cloud9,1.0
1831609,FaZe Clan,0.6666666666666666
1831761,GamerLegion,0.6666666666666666
1831761,Sinners Esports,0.3333333333333333
1831762,Dynamo Eclot,0.6666666666666666
1831762,Fnatic,0.6666666666666666
1831763,BetBoom Team,0.3333333333333333
1831763,SAW,0.6666666666666666
1835768,Eternal Fire,0.6666666666666666
1835768,Team 3DMAX,0.6666666666666666
1835769,Aurora Gaming,0.0
1835769,B8 Esports,0.3333333333333333
1835770,9Pandas,0.6666666666666666
1835770,G2 Esports,1.0
1835771,Ninjas in Pyjamas,0.3333333333333333
1835771,PARIVISION,0.0
1835772,Passion UA,0.3333333333333333
1835772,Team Spirit,0.6666666666666666
1835859,TSM,0.0
1835859,Virtus.pro,0.3333333333333333
1835860,BIG,0.3333333333333333
1835860,Heroic,0.6666666666666666
1835861,Astralis,0.3333333333333333
1835861,Sashi Esport,0.3333333333333333
1836353,G2 Esports,1.0
1836353,Team 3DMAX,1.0
1836354,Astralis,0.0
1836354,B8 Esports,0.0
1836355,PARIVISION,0.0
1836355,TSM,0.0
1836356,BIG,0.6666666666666666
1836356,Passion UA,0.6666666666666666
1836357,Eternal Fire,0.3333333333333333
1836357,Sashi Esport,0.3333333333333333
1836358,Heroic,0.3333333333333333
1836358,Ninjas in Pyjamas,0.3333333333333333
1836359,Aurora Gaming,0.3333333333333333
1836359,Team Spirit,0.3333333333333333
1836360,9Pandas,0.6666666666666666
1836360,Virtus.pro,0.3333333333333333
1837551,FlyQuest RED,0.0
1837551,NAVI Javelins,0.3333333333333333
1837748,G2 Esports,0.6666666666666666
1837748,Team Spirit,0.6666666666666666
1837749,Astralis,0.3333333333333333
1837749,Eternal Fire,0.3333333333333333
1837750,Ninjas in Pyjamas,0.3333333333333333
1837750,TSM,0.3333333333333333
1837751,Heroic,0.6666666666666666
1837751,Passion UA,0.6666666666666666
1837752,Sashi Esport,0.6666666666666666
1837752,Virtus.pro,0.6666666666666666
1837753,9Pandas,0.3333333333333333
1837753,Aurora Gaming,0.3333333333333333
1838851,Fluxo Demons,0.3333333333333333
1838851,NAVI Javelins,0.6666666666666666
1838914,Sashi Esport,0.6666666666666666
1838914,Team Spirit,0.3333333333333333
1838915,Astralis,0.6666666666666666
1838915,Passion UA,0.3333333333333333
1838916,9Pandas,0.3333333333333333
1838916,Ninjas in Pyjamas,0.6666666666666666
1839156,FURIA Esports Female,0.6666666666666666
1839156,NAVI Javelins,0.6666666666666666
1839157,BIG EQUIPA,0.6666666666666666
1839157,Imperial Female,1.0
1839163,ENCE,0.6666666666666666
1839163,Monte,0.6666666666666666
1839767,Ninjas in Pyjamas,0.6666666666666666
1839767,Team Spirit,0.6666666666666666
1839911,FURIA Esports Female,1.0
1839911,Imperial Female,1.0
1840704,Imperial Esports,0.6666666666666666
1840704,paiN Gaming,0.6666666666666666
1840705,Rare Atom,1.0
1840705,The Mongolz,1.0
1840706,Fnatic,0.6666666666666666
1840706,Wildcard Gaming,1.0
1840707,BIG,1.0
1840707,Passion UA,0.3333333333333333
1840708,Complexity,0.6666666666666666
1840708,FlyQuest,1.0
1840709,Cloud9,0.6666666666666666
1840709,Team Liquid,1.0
1840710,MIBR,1.0
1840710,Virtus.pro,1.0
1840711,FURIA Esports,0.6666666666666666
1840711,GamerLegion,1.0
1844935,Fluffy Gangsters,0.0
1844935,Team Sampi,0.3333333333333333
1844937,9INE,0.6666666666666666
1844937,Aurora Young Blood,0.0
1844940,Insilio,0.0
1844940,Team Spirit Academy,1.0
1844941,Into The Breach,0.0
1844941,Metizport,0.6666666666666666
1845120,Fire Flux Esports,0.5
1845120,Team EndPoint,0.3333333333333333
1845156,FURIA Esports,0.6666666666666666
1845156,Imperial Esports,0.6666666666666666
1845157,GamerLegion,1.0
1845157,paiN Gaming,1.0
1845158,Rare Atom,0.6666666666666666
1845158,Virtus.pro,0.6666666666666666
1845159,Cloud9,0.3333333333333333
1845159,Fnatic,0.3333333333333333
1845160,Team Liquid,1.0
1845160,Wildcard Gaming,1.0
1845161,MIBR,1.0
1845161,The Mongolz,1.0
1845162,Complexity,0.3333333333333333
1845162,Passion UA,0.3333333333333333
1845163,BIG,1.0
1845163,FlyQuest,1.0
1845379,Complexity,0.3333333333333333
1845379,Imperial Esports,0.3333333333333333
1845380,GamerLegion,1.0
1845380,The Mongolz,1.0
1845381,Fnatic,0.3333333333333333
1845381,Rare Atom,0.3333333333333333
1845382,FlyQuest,1.0
1845382,Team Liquid,1.0
1845383,Cloud9,0.3333333333333333
1845383,paiN Gaming,0.6666666666666666
1845384,FURIA Esports,0.6666666666666666
1845384,Wildcard Gaming,0.6666666666666666
1845385,BIG,0.6666666666666666
1845385,Virtus.pro,0.6666666666666666
1845386,MIBR,0.6666666666666666
1845386,Passion UA,0.6666666666666666
1846245,GamerLegion,0.6666666666666666
1846245,Passion UA,0.6666666666666666
1846246,Virtus.pro,0.3333333333333333
1846246,Wildcard Gaming,0.3333333333333333
1846247,Cloud9,0.3333333333333333
1846247,Complexity,0.3333333333333333
1846248,FlyQuest,0.6666666666666666
1846248,paiN Gaming,0.6666666666666666
1846249,BIG,0.6666666666666666
1846249,FURIA Esports,0.6666666666666666
1846250,MIBR,0.3333333333333333
1846250,Rare Atom,0.3333333333333333
1847262,Passion UA,0.6666666666666666
1847262,Wildcard Gaming,0.3333333333333333
1847263,FlyQuest,0.3333333333333333
1847263,MIBR,0.3333333333333333
1847264,BIG,0.3333333333333333
1847264,Complexity,0.6666666666666666
1847901,MIBR,0.6666666666666666
1847901,Team 3DMAX,1.0
1847902,BIG,0.6666666666666666
1847902,Heroic,0.6666666666666666
1847903,MOUZ,1.0
1847903,paiN Gaming,0.6666666666666666
1847904,FURIA Esports,1.0
1847904,Team Spirit,0.6666666666666666
1847905,GamerLegion,0.6666666666666666
1847905,Team Vitality,1.0
1847906,Natus Vincere,0.6666666666666666
1847906,Team Liquid,1.0
1847907,G2 Esports,0.6666666666666666
1847907,The Mongolz,1.0
1847969,FaZe Clan,0.6666666666666666
1847969,Wildcard Gaming,0.6666666666666666
1848965,Into The Breach,0.3333333333333333
1848965,Team EndPoint,0.3333333333333333
1848967,Fluffy Gangsters,0.3333333333333333
1848967,Team Spirit Academy,1.0
1848968,Insilio,0.0
1848968,Team Sampi,0.3333333333333333
1848969,Aurora Young Blood,0.0
1848969,Gaimin Gladiators,0.3333333333333333
1849028,Team 3DMAX,0.6666666666666666
1849028,paiN Gaming,0.6666666666666666
1849029,FaZe Clan,1.0
1849029,Heroic,1.0
1849030,BIG,0.3333333333333333
1849030,G2 Esports,0.3333333333333333
1849031,MIBR,1.0
1849031,Natus Vincere,0.6666666666666666
1849032,MOUZ,1.0
1849032,The Mongolz,1.0
1849033,Team Spirit,0.6666666666666666
1849033,Wildcard Gaming,0.6666666666666666
1849248,BIG,0.3333333333333333
1849248,paiN Gaming,0.3333333333333333
1849249,Heroic,1.0
1849249,The Mongolz,1.0
1849250,MIBR,1.0
1849250,Team Vitality,1.0
1849251,GamerLegion,0.3333333333333333
1849251,Wildcard Gaming,0.3333333333333333
1849252,FaZe Clan,0.6666666666666666
1849252,MOUZ,0.6666666666666666
1849253,G2 Esports,0.6666666666666666
1849253,Team 3DMAX,0.6666666666666666
1849254,FURIA Esports,0.6666666666666666
1849254,Team Liquid,0.6666666666666666
1849255,Natus Vincere,0.6666666666666666
1849255,Team Spirit,0.6666666666666666
1850047,FURIA Esports,0.3333333333333333
1850047,paiN Gaming,0.3333333333333333
1850048,Heroic,0.6666666666666666
1850048,Team Spirit,0.6666666666666666
1850049,GamerLegion,0.3333333333333333
1850049,Natus Vincere,0.3333333333333333
1850050,MIBR,0.6666666666666666
1850050,Team Liquid,0.6666666666666666
1850051,MOUZ,0.3333333333333333
1850051,Team 3DMAX,0.3333333333333333
1850052,FaZe Clan,0.6666666666666666
1850052,G2 Esports,0.6666666666666666
1850359,9INE,0.6666666666666666
1850359,Into The Breach,0.6666666666666666
1850361,Insilio,0.3333333333333333
1850361,Team EndPoint,0.3333333333333333
1850362,Fluffy Gangsters,0.3333333333333333
1850362,Metizport,0.3333333333333333
1850363,Aurora Young Blood,0.3333333333333333
1850363,ECSTATIC,0.3333333333333333
1850936,FURIA Esports,0.3333333333333333
1850936,FaZe Clan,0.3333333333333333
1850937,Heroic,0.3333333333333333
1850937,Natus Vincere,0.3333333333333333
1850938,MIBR,0.3333333333333333
1850938,MOUZ,0.3333333333333333
1852215,FaZe Clan,0.6666666666666666
1852215,Team Vitality,1.0
1852216,G2 Esports,1.0
1852216,Heroic,0.3333333333333333
1852217,Team Liquid,1.0
1852217,Team Spirit,1.0
1852218,MOUZ,0.6666666666666666
1852218,The Mongolz,1.0
1852629,9INE,0.6666666666666666
1852629,Insilio,0.6666666666666666
1852630,Aurora Young Blood,0.6666666666666666
1852630,Metizport,0.6666666666666666
1852631,CYBERSHOKE Esports,0.3333333333333333
1852631,Team EndPoint,0.3333333333333333
1852632,FAVBET Team,0.3333333333333333
1852632,Fire Flux Esports,0.3333333333333333
1854845,Insilio,0.6666666666666666
1854845,Metizport,0.6666666666666666
1856177,AMKAL Esports,0.3333333333333333
1856177,Into The Breach,1.0
1856179,9INE,0.6666666666666666
1856179,ALTERNATE aTTaX,0.0
1856180,Metizport,0.6666666666666666
1856180,Monte,0.6666666666666666
1856181,Sinners Esports,0.3333333333333333
1856181,Team Spirit Academy,0.6666666666666666
1856949,MOUZ,1.0
1856949,Team Spirit,1.0
1857094,AMKAL Esports,0.3333333333333333
1857094,ENCE,1.0
1857300,Aurora Young Blood,1.0
1857300,Team Spirit Academy,0.6666666666666666
1858074,FaZe Clan,0.6666666666666666
1858074,G2 Esports,1.0
1858132,ECSTATIC,1.0
1858132,Zero Tenacity,0.3333333333333333
1858424,9INE,0.6666666666666666
1858424,Metizport,0.6666666666666666
1859211,FaZe Clan,1.0
1859211,Team Spirit,1.0
1859399,9INE,1.0
1859399,ECSTATIC,1.0
1859559,ENCE,1.0
1859559,Team Spirit Academy,1.0
1860169,ECSTATIC,1.0
1860169,Team Spirit Academy,1.0
1871883,500,0.6666666666666666
1871883,Sashi Esport,0.0
1873411,JANO Esports,0.3333333333333333
1873411,Monte,0.3333333333333333
1873414,9INE,0.6666666666666666
1873414,ECSTATIC,0.6666666666666666
1873416,Into The Breach,0.6666666666666666
1873416,Nexus Gaming,0.6666666666666666
1873442,Complexity,0.6666666666666666
1873442,Virtus.pro,0.3333333333333333
1873443,GamerLegion,0.3333333333333333
1873443,paiN Gaming,0.3333333333333333
1873444,Heroic,0.3333333333333333
1873444,Team 3DMAX,0.3333333333333333
1873445,BIG,0.0
1873445,SAW,0.3333333333333333
1873483,FlyQuest,0.0
1873483,MIBR,0.0
1873484,Astralis,0.6666666666666666
1873484,Wildcard Gaming,0.0
1873485,FURIA Esports,0.3333333333333333
1873485,Nemiga Gaming,0.3333333333333333
1873524,ENCE,0.6666666666666666
1873524,Team Falcons,0.0
1873525,Imperial Female,1.0
1873525,Natus Vincere,0.3333333333333333
1873526,B8 Esports,0.0
1873526,G2 Esports,0.6666666666666666
1873561,Eternal Fire,0.0
1873561,Fluxo,0.3333333333333333
1873562,9Pandas,0.3333333333333333
1873562,Team Liquid,0.6666666666666666
1873563,FaZe Clan,0.6666666666666666
1873563,M80,0.3333333333333333
1873598,BetBoom Team,0.6666666666666666
1873598,MOUZ,0.6666666666666666
1873599,Fnatic,0.0
1873599,Team Spirit,1.0
1873600,Metizport,0.6666666666666666
1873600,Team Vitality,0.6666666666666666
1882249,FURIA Esports,0.3333333333333333
1882249,Imperial Female,0.6666666666666666
1882250,BIG,0.3333333333333333
1882250,Wildcard Gaming,0.0
1882251,GamerLegion,0.3333333333333333
1882251,SAW,0.0
1882252,Virtus.pro,0.3333333333333333
1882252,paiN Gaming,0.6666666666666666
1882253,Astralis,0.3333333333333333
1882253,MIBR,0.0
1882254,FlyQuest,0.3333333333333333
1882254,Team 3DMAX,0.0
1882255,Complexity,0.3333333333333333
1882255,Eternal Fire,0.6666666666666666
1882256,Heroic,0.6666666666666666
1882256,Team Liquid,0.3333333333333333
1882770,FlyQuest,0.3333333333333333
1882770,Team Spirit,1.0
1882771,Astralis,0.6666666666666666
1882771,Natus Vincere,0.6666666666666666
1882772,Team Vitality,0.6666666666666666
1882772,Virtus.pro,0.3333333333333333
1882773,FaZe Clan,0.6666666666666666
1882773,paiN Gaming,0.6666666666666666
1882774,Heroic,0.6666666666666666
1882774,Team Liquid,0.6666666666666666
1882775,BIG,0.3333333333333333
1882775,G2 Esports,0.6666666666666666
1882776,Eternal Fire,0.3333333333333333
1882776,Team Falcons,0.3333333333333333
1882777,BetBoom Team,0.6666666666666666
1882777,FURIA Esports,0.6666666666666666
1883895,Into The Breach,0.6666666666666666
1883895,Zero Tenacity,0.6666666666666666
1883896,9INE,0.3333333333333333
1883896,Partizan Esports,0.5
1884945,GameAgents,0.3333333333333333
1884945,Natus Vincere Junior,0.3333333333333333
1884946,Aurora Gaming,0.3333333333333333
1884946,Rebels Gaming,0.6666666666666666
1884948,Aurora Gaming,0.0
1884948,FAVBET Team,0.6666666666666666
1884953,GameAgents,0.0
1884953,Rebels Gaming,0.3333333333333333
1884954,FAVBET Team,0.3333333333333333
1884954,GameAgents,0.0
1884957,FAVBET Team,0.0
1884957,Rebels Gaming,0.0
1884958,Aurora Gaming,0.3333333333333333
1884958,GameAgents,0.5
1884959,GUN5,0.0
1884959,Natus Vincere Junior,0.3333333333333333
1884960,Iberian Soul,0.0
1884960,Team Spirit Academy,0.6666666666666666
1884961,ARCRED,0.6666666666666666
1884961,Zero Tenacity,0.3333333333333333
1884962,B8 Esports,1.0
1884962,RUSH B,0.3333333333333333
1884963,ARCRED,0.3333333333333333
1884963,Team Spirit Academy,0.6666666666666666
1884964,B8 Esports,0.6666666666666666
1884964,Iberian Soul,0.3333333333333333
1884966,B8 Esports,0.3333333333333333
1884966,Zero Tenacity,1.0
1884967,RUSH B,0.3333333333333333
1884967,Team Spirit Academy,0.6666666666666666
1884968,ARCRED,0.0
1884968,Iberian Soul,0.3333333333333333
1884969,Iberian Soul,0.3333333333333333
1884969,RUSH B,1.0
1884970,ARCRED,0.0
1884970,B8 Esports,0.0
1884971,Team Spirit Academy,1.0
1884971,Zero Tenacity,1.0
1884972,ARCRED,0.3333333333333333
1884972,RUSH B,1.0
1884973,Iberian Soul,0.5
1884973,Zero Tenacity,0.6666666666666666
1884974,B8 Esports,0.0
1884974,Team Spirit Academy,1.0
1884975,Copenhagen Wolves,0.6666666666666666
1884975,Sinners Esports,0.3333333333333333
1884979,JiJieHao,0.0
1884979,Sinners Esports,0.3333333333333333
1884980,Monte,1.0
1884980,PARIVISION,0.3333333333333333
1884984,Monte,0.6666666666666666
1884984,Sinners Esports,0.6666666666666666
1884986,Copenhagen Wolves,0.3333333333333333
1884986,PARIVISION,0.0
1884987,Copenhagen Wolves,0.0
1884987,JiJieHao,0.0
1884988,9Pandas,0.3333333333333333
1884988,Monte,0.6666666666666666
1884989,PARIVISION,0.0
1884989,Sinners Esports,0.0
1884992,CYBERSHOKE Esports,0.3333333333333333
1884992,Nemiga Gaming,0.6666666666666666
1884994,Fire Flux Esports,0.6666666666666666
1884994,Nemiga Gaming,0.3333333333333333
1884995,CYBERSHOKE Esports,1.0
1884995,Sashi Esport,1.0
1884996,Nemiga Gaming,0.3333333333333333
1884996,Sashi Esport,0.6666666666666666
1884999,CYBERSHOKE Esports,0.3333333333333333
1884999,Fire Flux Esports,0.6666666666666666
1885001,500,1.0
1885001,Sashi Esport,0.0
1885002,Betera,0.6666666666666666
1885002,CYBERSHOKE Esports,0.6666666666666666
1885003,Fire Flux Esports,1.0
1885003,Sashi Esport,0.6666666666666666
1885004,500,0.6666666666666666
1885004,Nemiga Gaming,0.0
1887662,AMKAL Esports,0.3333333333333333
1887662,Sinners Esports,0.0
1887663,Aurora Gaming,0.3333333333333333
1887663,Rebels Gaming,0.0
1887664,9INE,0.6666666666666666
1887664,CYBERSHOKE Esports,0.3333333333333333
1887665,Monte,0.3333333333333333
1887665,PARIVISION,0.0
1887666,Fnatic,0.0
1887666,OG,0.3333333333333333
1887667,ESC Gaming,0.3333333333333333
1887667,Team Spirit Academy,1.0
1895392,Nexus Gaming,0.0
1895392,Sashi Esport,0.0
1895393,500,0.6666666666666666
1895393,M80,0.3333333333333333
1897931,M80,0.3333333333333333
1897931,Sashi Esport,0.3333333333333333
1909878,Aurora Gaming,0.6666666666666666
1909878,ECSTATIC,0.3333333333333333
1909879,AMKAL Esports,0.6666666666666666
1909879,Fnatic,0.3333333333333333
1909880,Rebels Gaming,0.0
1909880,Sashi Esport,0.3333333333333333
1909881,CYBERSHOKE Esports,0.3333333333333333
1909881,Team Spirit Academy,1.0
1909882,ESC Gaming,0.0
1909882,OG,0.3333333333333333
1909883,Fire Flux Esports,0.6666666666666666
1909883,Monte,1.0
1909884,9INE,0.3333333333333333
1909884,Iberian Soul,0.0
1909885,PARIVISION,0.0
1909885,Sinners Esports,0.3333333333333333
1920854,Natus Vincere,0.6666666666666666
1920854,paiN Gaming,0.6666666666666666
1920855,Eternal Fire,0.6666666666666666
1920855,Team Vitality,0.6666666666666666
1920856,BetBoom Team,0.6666666666666666
1920856,G2 Esports,0.6666666666666666
1920857,Heroic,0.6666666666666666
1920857,Team Spirit,1.0
1929637,AMKAL Esports,0.6666666666666666
1929637,Team Spirit Academy,0.6666666666666666
1929639,Fnatic,0.3333333333333333
1929639,Rebels Gaming,0.6666666666666666
1929640,Iberian Soul,0.6666666666666666
1929640,Sinners Esports,1.0
1929641,CYBERSHOKE Esports,0.0
1929641,Monte,0.3333333333333333
1929642,Aurora Gaming,0.6666666666666666
1929642,OG,0.6666666666666666
1929643,ESC Gaming,0.0
1929643,Sashi Esport,0.3333333333333333
1929644,9INE,0.0
1929644,PARIVISION,0.3333333333333333
1938218,Natus Vincere,1.0
1938218,Team Spirit,1.0
1938219,Eternal Fire,1.0
1938219,G2 Esports,1.0
1945134,Eternal Fire,1.0
1945134,Team Spirit,1.0
1947724,AMKAL Esports,0.6666666666666666
1947724,Monte,0.3333333333333333
1947725,OG,0.6666666666666666
1947725,Sinners Esports,1.0
1947726,PARIVISION,0.6666666666666666
1947726,Rebels Gaming,0.6666666666666666
1947727,Aurora Gaming,0.0
1947727,Iberian Soul,0.3333333333333333
1960731,Fire Flux Esports,0.0
1960731,OG,0.6666666666666666
1960732,PARIVISION,1.0
1960732,Sashi Esport,0.6666666666666666
1960733,Iberian Soul,0.6666666666666666
1960733,Monte,0.6666666666666666
1968548,9Pandas,0.3333333333333333
1968548,Monte,0.6666666666666666
1968551,Passion UA,0.3333333333333333
1968551,Sinners Esports,1.0
1968552,B8 Esports,0.6666666666666666
1968552,Fnatic,0.6666666666666666
1968553,Metizport,0.3333333333333333
1968553,Team Spirit Academy,0.6666666666666666
1974305,GamerLegion,0.3333333333333333
1974305,paiN Gaming,0.6666666666666666
1974306,MIBR,0.3333333333333333
1974306,Team 3DMAX,0.3333333333333333
1974307,SAW,0.0
1974307,Virtus.pro,0.3333333333333333
1974308,Astralis,0.3333333333333333
1974308,FlyQuest,0.3333333333333333
1975230,FURIA Esports,0.6666666666666666
1975230,Wildcard Gaming,0.3333333333333333
1975231,BIG,0.3333333333333333
1975231,Imperial Female,0.3333333333333333
1976200,Eternal Fire,0.6666666666666666
1976200,Heroic,0.6666666666666666
1976201,Complexity,0.0
1976201,Team Liquid,0.3333333333333333
1981264,B8 Esports,1.0
1981264,Sinners Esports,1.0
1981582,MIBR,0.3333333333333333
1981582,Virtus.pro,0.3333333333333333
1981583,Astralis,0.3333333333333333
1981583,paiN Gaming,0.3333333333333333
1982347,ECSTATIC,1.0
1982347,ENCE,0.3333333333333333
1982394,BIG,0.3333333333333333
1982394,Heroic,0.3333333333333333
1983726,ECSTATIC,0.6666666666666666
1983726,Team Spirit Academy,0.6666666666666666
1983727,9INE,0.0
1983727,Fire Flux Esports,0.0
1983728,500,0.3333333333333333
1983728,Betclic,0.5
1983729,B8 Esports,0.6666666666666666
1983729,Sashi Esport,0.3333333333333333
1983731,Monte,1.0
1983731,moneyF,0.5
1987322,AMKAL Esports,0.6666666666666666
1987322,Monte,1.0
1987643,Team Liquid,0.3333333333333333
1987643,Wildcard Gaming,0.3333333333333333
1988692,PARIVISION,1.0
1988692,Team Spirit Academy,0.6666666666666666
1988983,Team Liquid,0.6666666666666666
1988983,The Mongolz,0.6666666666666666
1988984,GamerLegion,0.6666666666666666
1988984,MOUZ,0.3333333333333333
1988985,FURIA Esports,0.6666666666666666
1988985,Natus Vincere,0.6666666666666666
1988986,Astralis,0.6666666666666666
1988986,Team Spirit,1.0
1988987,BIG,0.6666666666666666
1988987,FaZe Clan,0.3333333333333333
1988988,Team 3DMAX,0.6666666666666666
1988988,Team Vitality,0.6666666666666666
1988989,Eternal Fire,0.6666666666666666
1988989,Team Falcons,0.3333333333333333
1988990,G2 Esports,0.6666666666666666
1988990,Virtus.pro,0.6666666666666666
1993680,ENCE,0.6666666666666666
1993680,Monte,0.6666666666666666
1994812,BIG,0.6666666666666666
1994812,Team 3DMAX,0.6666666666666666
1994813,G2 Esports,0.3333333333333333
1994813,Team Falcons,0.3333333333333333
1994814,FaZe Clan,0.6666666666666666
1994814,Team Vitality,0.6666666666666666
1994815,Eternal Fire,1.0
1994815,Virtus.pro,1.0
1995364,PARIVISION,1.0
1995364,Sinners Esports,1.0
2000377,Astralis,0.6666666666666666
2000377,FURIA Esports,0.6666666666666666
2000378,Natus Vincere,0.6666666666666666
2000378,Team Spirit,1.0
2000919,MOUZ,0.0
2000919,Team Liquid,0.6666666666666666
2000920,GamerLegion,1.0
2000920,The Mongolz,0.6666666666666666
2001943,Monte,0.6666666666666666
2001943,PARIVISION,1.0
2002543,B8 Esports,0.6666666666666666
2002543,Fire Flux Esports,0.3333333333333333
2002545,Betclic,0.6666666666666666
2002545,Fnatic,0.6666666666666666
2002547,Monte,0.3333333333333333
2002547,Sashi Esport,0.3333333333333333
2002549,500,0.3333333333333333
2002549,9INE,0.0
2002555,Team Vitality,0.6666666666666666
2002555,Virtus.pro,1.0
2002556,Eternal Fire,0.6666666666666666
2002556,Team 3DMAX,0.6666666666666666
2002557,FaZe Clan,0.3333333333333333
2002557,G2 Esports,0.3333333333333333
2009093,Team Liquid,0.6666666666666666
2009093,Team Spirit,0.6666666666666666
2009094,Astralis,0.6666666666666666
2009094,GamerLegion,0.6666666666666666
2009095,Natus Vincere,0.6666666666666666
2009095,The Mongolz,0.6666666666666666
2009960,Eternal Fire,0.6666666666666666
2009960,FaZe Clan,0.6666666666666666
2014571,GamerLegion,0.6666666666666666
2014571,Team Spirit,0.6666666666666666
2016186,Eternal Fire,0.6666666666666666
2016186,The Mongolz,0.6666666666666666
2016394,500,0.6666666666666666
2016394,Eco Warriors,0.5
2016396,Dynamo Eclot,0.3333333333333333
2016396,ENCE,0.6666666666666666
2016397,9INE,0.0
2016397,Nexus Gaming,0.0
2016399,B8 Esports,0.6666666666666666
2016399,Nemiga Gaming,0.3333333333333333
2016400,BetBoom Team,0.3333333333333333
2016400,Ninjas in Pyjamas,0.6666666666666666
2016401,Metizport,0.0
2016401,Passion UA,0.0
2016464,Fnatic,0.6666666666666666
2016464,Team Spirit Academy,0.6666666666666666
2016467,Betclic,0.3333333333333333
2016467,Monte,0.6666666666666666
2016468,OG,0.3333333333333333
2016468,Sinners Esports,0.3333333333333333
2016469,500,0.6666666666666666
2016469,moneyF,0.5
2016476,Team Spirit,0.6666666666666666
2016476,Virtus.pro,0.6666666666666666
2019248,1win Team,0.0
2019248,Team Spirit Academy,0.6666666666666666
2019249,EGOISTO,0.5
2019249,Fluffy Gangsters,0.0
2019250,Chimera Esports,0.5
2019250,K27,0.3333333333333333
2019251,CS2NEWS,0.3333333333333333
2019251,Insilio,0.3333333333333333
2021835,BetBoom Team,0.3333333333333333
2021835,Ninjas in Pyjamas,0.3333333333333333
2021836,9INE,0.3333333333333333
2021836,Dynamo Eclot,0.3333333333333333
2022138,500,0.6666666666666666
2022138,SAW,0.3333333333333333
2022139,Nemiga Gaming,0.3333333333333333
2022139,PARIVISION,0.6666666666666666
2027505,9INE,0.6666666666666666
2027505,ENCE,0.6666666666666666
2028055,B8 Esports,1.0
2028055,PARIVISION,0.6666666666666666
2028056,BetBoom Team,0.6666666666666666
2028056,Passion UA,0.6666666666666666
2030192,CYBERSHOKE Esports,0.0
2030192,Zero Tenacity,0.3333333333333333
2030194,9INE,0.6666666666666666
2030194,JANO Esports,0.0
2030195,FORZE Reload,0.3333333333333333
2030195,Sashi Esport,0.6666666666666666
2030196,Chimera Esports,0.0
2030196,Copenhagen Wolves,0.3333333333333333
2035615,Team Vitality,1.0
2035615,The Mongolz,0.6666666666666666
2036148,Natus Vincere,1.0
2036148,Team Spirit,1.0
2040793,Heroic,0.3333333333333333
2040793,PARIVISION,0.6666666666666666
2041948,500,1.0
2041948,Astralis,0.6666666666666666
2043072,Fire Flux Esports,0.3333333333333333
2043072,Sinners Esports,0.3333333333333333
2043073,Alliance,0.3333333333333333
2043073,GTZ.ESPORTS,0.6666666666666666
2043074,OG,0.6666666666666666
2043074,Sashi Esport,0.6666666666666666
2043075,Team Spirit,1.0
2043075,Team Vitality,1.0
2047714,GamerLegion,0.3333333333333333
2047714,Hesta,1.0
2047715,Metizport,0.0
2047715,Nexus Gaming,0.0
2047716,Heroic,0.3333333333333333
2047716,Zero Tenacity,0.6666666666666666
2047717,Team 3DMAX,0.3333333333333333
2047717,nEvermore,1.0
2047718,Astralis,1.0
2047718,OG,0.6666666666666666
2047720,BetBoom Team,0.3333333333333333
2047720,Nemiga Gaming,0.3333333333333333
2047721,TEAM NEXT LEVEL,0.6666666666666666
2047721,Team Falcons,0.0
2048055,Astralis,0.6666666666666666
2048055,PARIVISION,0.6666666666666666
2049409,9INE,0.6666666666666666
2049409,Copenhagen Wolves,0.6666666666666666
2053951,Astralis,0.6666666666666666
2053951,paiN Gaming,0.3333333333333333
2053952,MIBR,0.3333333333333333
2053952,Wildcard Gaming,0.3333333333333333
2053953,Complexity,0.0
2053953,The Mongolz,0.3333333333333333
2053954,FlyQuest,0.0
2053954,Team Falcons,0.6666666666666666
2053955,FaZe Clan,0.3333333333333333
2053955,SAW,0.3333333333333333
2053956,Team 3DMAX,0.6666666666666666
2053956,Virtus.pro,0.3333333333333333
2053957,BIG,0.3333333333333333
2053957,MOUZ,0.0
2054268,Eternal Fire,0.6666666666666666
2054268,Imperial Female,0.0
2054627,BIG,0.0
2054627,OG,0.3333333333333333
2054628,Nemiga Gaming,0.0
2054628,TEAM NEXT LEVEL,0.3333333333333333
2054630,BetBoom Team,0.6666666666666666
2054630,Team Falcons,0.3333333333333333
2054662,Insilio,0.3333333333333333
2054662,K27,0.3333333333333333
2054663,CS2NEWS,0.0
2054663,Chimera Esports,0.0
2054969,500,0.3333333333333333
2054969,9Pandas,0.3333333333333333
2054970,Betclic,0.6666666666666666
2054970,Passion UA,0.6666666666666666
2054971,Fire Flux Esports,0.6666666666666666
2054971,Nexus Gaming,0.0
2054972,Nemiga Gaming,0.3333333333333333
2054972,Sashi Esport,0.3333333333333333
2054973,Dynamo Eclot,0.3333333333333333
2054973,Team Spirit Academy,1.0
2054976,Fnatic,0.6666666666666666
2054976,Partizan Esports,0.6666666666666666
2055567,Hesta,0.6666666666666666
2055567,Nexus Gaming,0.0
2055568,GamerLegion,0.3333333333333333
2055568,Metizport,0.3333333333333333
2055884,Heroic,0.6666666666666666
2055884,Team 3DMAX,0.6666666666666666
2056539,EGOISTO,1.0
2056539,Team Spirit Academy,0.6666666666666666
2057105,Astralis,0.6666666666666666
2057105,Zero Tenacity,0.6666666666666666
2057405,BetBoom Team,0.3333333333333333
2057405,Hesta,0.6666666666666666
2057406,BIG,0.3333333333333333
2057406,Heroic,0.3333333333333333
2057709,Metizport,0.3333333333333333
2057709,Nemiga Gaming,0.3333333333333333
2062210,Heroic,0.6666666666666666
2062210,Metizport,0.6666666666666666
2063103,Astralis,0.6666666666666666
2063103,BetBoom Team,0.6666666666666666
2063417,CS2NEWS,0.3333333333333333
2063417,K27,0.3333333333333333
2064260,1win Team,0.3333333333333333
2064260,EGOISTO,0.5
2064515,Astralis,0.6666666666666666
2064515,Heroic,0.6666666666666666
2065068,500,0.6666666666666666
2065068,Fnatic,0.3333333333333333
2065071,Chimera Esports,0.0
2065071,ECSTATIC,0.0
2070226,B8 Esports,0.6666666666666666
2070226,Nemiga Gaming,0.6666666666666666
2070554,EGOISTO,0.6666666666666666
2070554,Insilio,0.6666666666666666
2071497,EGOISTO,0.6666666666666666
2071497,Team Spirit Academy,0.6666666666666666
2078425,ENCE,0.6666666666666666
2078425,Passion UA,0.6666666666666666
2079235,Fnatic,0.6666666666666666
2079235,Monte,0.6666666666666666
2079238,Sashi Esport,0.3333333333333333
2079238,Sinners Esports,0.3333333333333333
2079240,GTZ.ESPORTS,0.3333333333333333
2079240,RUSH B,0.3333333333333333
2084953,Team Falcons,1.0
2084953,paiN Gaming,0.3333333333333333
2084954,Astralis,0.6666666666666666
2084954,SAW,0.3333333333333333
2084955,Eternal Fire,0.6666666666666666
2084955,FaZe Clan,0.6666666666666666
2084956,Imperial Female,0.0
2084956,MIBR,0.0
2084957,Complexity,0.0
2084957,Virtus.pro,0.0
2084959,MOUZ,0.3333333333333333
2084959,Team 3DMAX,1.0
2084960,BIG,0.3333333333333333
2084960,FlyQuest,0.0
2084980,500,0.6666666666666666
2084980,B8 Esports,0.6666666666666666
2085504,ENCE,0.6666666666666666
2085504,Partizan Esports,0.6666666666666666
2091946,Virtus.pro,0.3333333333333333
2091946,Wildcard Gaming,0.3333333333333333
2091947,Complexity,0.0
2091947,Imperial Female,0.0
2091948,FlyQuest,0.0
2091948,SAW,0.0
2091949,The Mongolz,0.6666666666666666
2091949,paiN Gaming,0.6666666666666666
2091950,FaZe Clan,0.6666666666666666
2091950,MOUZ,0.6666666666666666
2091951,Astralis,0.6666666666666666
2091951,Team Falcons,0.6666666666666666
2091952,BIG,0.3333333333333333
2091952,Eternal Fire,0.3333333333333333
2091953,MIBR,0.3333333333333333
2091953,Team 3DMAX,0.6666666666666666
2092224,Copenhagen Wolves,0.3333333333333333
2092224,GTZ.ESPORTS,0.3333333333333333
2092225,Fnatic,0.3333333333333333
2092225,RUSH B,0.6666666666666666
2092226,ECSTATIC,0.3333333333333333
2092226,Sinners Esports,0.3333333333333333
2092228,500,0.6666666666666666
2092228,CYBERSHOKE Esports,0.6666666666666666
2098533,Bad News Eagles,0.6666666666666666
2098533,Copenhagen Wolves,0.6666666666666666
2098534,EYEBALLERS,0.0
2098534,Zero Tenacity,0.0
2098535,GTZ.ESPORTS,0.0
2098535,JANO Esports,0.0
2098536,Chimera Esports,0.0
2098536,ESC Gaming,0.0
2098540,Dynamo Eclot,0.6666666666666666
2098540,FORZE Reload,0.3333333333333333
2099065,Complexity,0.3333333333333333
2099065,SAW,0.3333333333333333
2099066,Virtus.pro,0.6666666666666666
2099066,paiN Gaming,0.6666666666666666
2099067,Eternal Fire,0.6666666666666666
2099067,Team 3DMAX,0.6666666666666666
2099068,Astralis,0.3333333333333333
2099068,MIBR,0.3333333333333333
2099069,BIG,0.3333333333333333
2099069,Wildcard Gaming,0.3333333333333333
2099070,MOUZ,0.6666666666666666
2099070,Team Falcons,0.6666666666666666
2109454,SAW,0.6666666666666666
2109454,Team 3DMAX,0.3333333333333333
2109455,MOUZ,0.3333333333333333
2109455,Virtus.pro,0.6666666666666666
2109456,Astralis,0.6666666666666666
2109456,BIG,0.6666666666666666
2117424,FaZe Clan,1.0
2117424,SAW,1.0
2117425,Eternal Fire,0.6666666666666666
2117425,Team Falcons,0.6666666666666666
2117426,Astralis,0.6666666666666666
2117426,The Mongolz,1.0
2117427,MOUZ,0.3333333333333333
2117427,paiN Gaming,0.6666666666666666
2118904,9INE,1.0
2118904,Partizan Esports,0.6666666666666666
2118907,ENCE,0.6666666666666666
2118907,Natus Vincere Junior,0.3333333333333333
2118909,Dynamo Eclot,0.3333333333333333
2118909,Fnatic,0.6666666666666666
2141260,Astralis,0.6666666666666666
2141260,MOUZ,0.6666666666666666
2141264,B8 Esports,0.6666666666666666
2141264,CYBERSHOKE Esports,0.6666666666666666
2143059,FaZe Clan,1.0
2143059,Team Falcons,1.0
2149515,9Pandas,1.0
2149515,B8 Esports,1.0
2150393,Astralis,0.3333333333333333
2150393,FaZe Clan,0.6666666666666666
2150394,MOUZ,1.0
2150394,Team Falcons,1.0
2157739,EYEBALLERS,0.0
2157739,JANO Esports,0.0
2157740,CYBERSHOKE Esports,0.6666666666666666
2157740,FORZE Reload,0.6666666666666666
2157743,Chimera Esports,0.3333333333333333
2157743,Sashi Esport,0.3333333333333333
2157744,Dynamo Eclot,0.3333333333333333
2157744,Zero Tenacity,0.3333333333333333
2157745,9INE,0.6666666666666666
2157745,Bad News Eagles,0.6666666666666666
2167201,Iberian Soul,0.0
2167201,Sinners Esports,0.3333333333333333
2167203,Team Spirit Academy,0.6666666666666666
2167203,Zero Tenacity,0.6666666666666666
2167204,9Pandas,0.3333333333333333
2167204,Monte,0.3333333333333333
2179832,FURIA Esports,0.3333333333333333
2179832,Natus Vincere,0.6666666666666666
2179833,Eternal Fire,0.6666666666666666
2179833,Team Liquid,0.3333333333333333
2179834,G2 Esports,0.3333333333333333
2179834,Imperial Esports,0.0
2179835,Astralis,0.6666666666666666
2179835,Team Vitality,1.0
2179836,FaZe Clan,0.3333333333333333
2179836,Virtus.pro,0.3333333333333333
2179837,MOUZ,0.6666666666666666
2179837,Team Falcons,0.3333333333333333
2179838,Team Spirit,0.6666666666666666
2179838,The Huns Esports,0.3333333333333333
2179839,Housebets,0.0
2179839,paiN Gaming,0.3333333333333333
2179840,GamerLegion,0.6666666666666666
2179840,NRG Esports,0.3333333333333333
2179841,MIBR,0.3333333333333333
2179841,Nemiga Gaming,0.3333333333333333
2179842,FURIA Esports,0.3333333333333333
2179842,Lynn Vision Gaming,0.6666666666666666
2179843,TYLOO,0.6666666666666666
2179843,Team 3DMAX,0.3333333333333333
2179844,Heroic,1.0
2179844,SAW,0.6666666666666666
2179845,FlyQuest,0.0
2179845,M80,0.3333333333333333
2179846,Eternal Fire,0.6666666666666666
2179846,Mindfreak,0.6666666666666666
2181472,BIG,0.3333333333333333
2181472,Roler Coaster,0.5
2189599,Natus Vincere Junior,0.6666666666666666
2189599,Team Spirit Academy,0.6666666666666666
2189604,Fire Flux Esports,0.6666666666666666
2189604,Sinners Esports,0.0
2189605,Sashi Esport,0.0
2189605,Zero Tenacity,0.3333333333333333
2189606,PARIVISION,0.6666666666666666
2189606,Partizan Esports,0.3333333333333333
2200136,Fire Flux Esports,0.0
2200136,RUSH B,0.3333333333333333
2200137,Copenhagen Wolves,0.3333333333333333
2200137,Monte,0.0
2200138,Sashi Esport,0.3333333333333333
2200138,ex-Aurora Gaming,0.5
2200139,Rebels Gaming,0.0
2200139,Team Spirit Academy,0.3333333333333333
2200140,FAVBET Team,0.6666666666666666
2200140,Sinners Esports,0.3333333333333333
2200141,Natus Vincere Junior,0.6666666666666666
2200141,PARIVISION,0.6666666666666666
2200143,B8 Esports,1.0
2200143,Zero Tenacity,0.3333333333333333
2201522,M80,0.6666666666666666
2201522,paiN Gaming,0.6666666666666666
2201523,GamerLegion,1.0
2201523,MIBR,0.3333333333333333
2201524,NRG Esports,0.3333333333333333
2201524,Nemiga Gaming,0.3333333333333333
2201525,FURIA Esports,0.3333333333333333
2201525,SAW,0.6666666666666666
2201526,Eternal Fire,0.6666666666666666
2201526,TYLOO,0.6666666666666666
2201527,Heroic,0.6666666666666666
2201527,Housebets,0.0
2201528,FlyQuest,0.0
2201528,Lynn Vision Gaming,0.3333333333333333
2201529,Mindfreak,0.3333333333333333
2201529,Team 3DMAX,0.0
2201530,Iberian Soul,0.6666666666666666
2201530,Monte,0.6666666666666666
2201531,PARIVISION,0.6666666666666666
2201531,Sinners Esports,0.3333333333333333
2201532,500,1.0
2201532,9Pandas,0.6666666666666666
2201535,Betclic,0.6666666666666666
2201535,Fnatic,0.6666666666666666
2201536,Natus Vincere Junior,1.0
2201536,OG,0.0
2201537,Partizan Esports,0.3333333333333333
2201537,Sashi Esport,0.0
2201541,Fnatic,0.6666666666666666
2201541,Natus Vincere Junior,1.0
2201542,500,0.6666666666666666
2201542,9Pandas,0.6666666666666666
2201543,Monte,0.6666666666666666
2201543,Team Spirit Academy,0.6666666666666666
2201545,Iberian Soul,0.3333333333333333
2201545,Partizan Esports,0.3333333333333333
2201546,GTZ.ESPORTS,0.6666666666666666
2201546,Zero Tenacity,0.6666666666666666
2201548,PARIVISION,0.3333333333333333
2201548,Sashi Esport,0.0
2207717,Chimera Esports,0.6666666666666666
2207717,GTZ.ESPORTS,0.3333333333333333
2207718,Copenhagen Wolves,0.6666666666666666
2207718,FORZE Reload,0.6666666666666666
2207720,Bad News Eagles,0.6666666666666666
2207720,Dynamo Eclot,0.6666666666666666
2208078,Eternal Fire,0.3333333333333333
2208078,NRG Esports,0.3333333333333333
2208079,FlyQuest,0.3333333333333333
2208079,paiN Gaming,0.3333333333333333
2208080,FURIA Esports,0.3333333333333333
2208080,MIBR,0.3333333333333333
2208081,M80,0.6666666666666666
2208081,SAW,0.6666666666666666
2208082,GamerLegion,1.0
2208082,TYLOO,0.6666666666666666
2208083,Mindfreak,0.0
2208083,Nemiga Gaming,0.0
2208084,Heroic,0.6666666666666666
2208084,Team 3DMAX,0.3333333333333333
2208085,Housebets,0.0
2208085,Lynn Vision Gaming,0.0
2215048,FURIA Esports,0.3333333333333333
2215048,NRG Esports,0.3333333333333333
2215049,M80,0.6666666666666666
2215049,Team 3DMAX,0.6666666666666666
2215050,Lynn Vision Gaming,0.3333333333333333
2215050,paiN Gaming,0.3333333333333333
2215051,Eternal Fire,0.6666666666666666
2215051,FlyQuest,0.6666666666666666
2215052,Heroic,0.3333333333333333
2215052,Nemiga Gaming,0.3333333333333333
2215053,MIBR,0.6666666666666666
2215053,TYLOO,0.6666666666666666
2215059,Fnatic,0.3333333333333333
2215059,Team Spirit Academy,0.6666666666666666
2215060,GTZ.ESPORTS,0.0
2215060,Iberian Soul,0.6666666666666666
2215063,Monte,0.3333333333333333
2215063,Zero Tenacity,0.3333333333333333
2221518,Sashi Esport,0.3333333333333333
2221518,Team Spirit Academy,0.3333333333333333
2221519,ARCRED,0.6666666666666666
2221519,BetBoom Team,0.3333333333333333
2221520,GTZ.ESPORTS,0.6666666666666666
2221520,Zero Tenacity,0.6666666666666666
2221521,CYBERSHOKE Esports,0.6666666666666666
2221521,Nemiga Gaming,0.6666666666666666
2221523,Nexus Gaming,0.3333333333333333
2221523,Ninjas in Pyjamas,0.3333333333333333
2221524,Betclic,0.3333333333333333
2221524,Partizan Esports,0.0
2221528,9INE,0.6666666666666666
2221528,9Pandas,0.6666666666666666
2221529,Dynamo Eclot,0.6666666666666666
2221529,Rebels Gaming,0.6666666666666666
2221530,Natus Vincere Junior,1.0
2221530,Sinners Esports,0.3333333333333333
2221532,ENCE,0.3333333333333333
2221532,OG,0.3333333333333333
2222351,500,1.0
2222351,Betclic,0.6666666666666666
2222352,Sashi Esport,1.0
2222352,Zero Tenacity,0.3333333333333333
2222353,ECSTATIC,0.6666666666666666
2222353,Sinners Esports,0.3333333333333333
2222691,FURIA Esports,0.3333333333333333
2222691,M80,0.3333333333333333
2222692,Nemiga Gaming,0.6666666666666666
2222692,paiN Gaming,0.3333333333333333
2222693,FlyQuest,0.6666666666666666
2222693,TYLOO,0.3333333333333333
2229219,GTZ.ESPORTS,0.3333333333333333
2229219,Sashi Esport,0.6666666666666666
2229955,Iberian Soul,0.3333333333333333
2229955,Monte,0.6666666666666666
2229956,9Pandas,0.0
2229956,PARIVISION,0.6666666666666666
2235722,Team Falcons,0.6666666666666666
2235722,Team Liquid,0.3333333333333333
2235723,Eternal Fire,0.6666666666666666
2235723,Team 3DMAX,1.0
2235724,GamerLegion,1.0
2235724,The Mongolz,0.6666666666666666
2235725,G2 Esports,0.3333333333333333
2235725,paiN Gaming,0.6666666666666666
2235726,Natus Vincere,0.6666666666666666
2235726,SAW,1.0
2235727,FURIA Esports,0.6666666666666666
2235727,MOUZ,1.0
2235728,MIBR,0.6666666666666666
2235728,Team Vitality,1.0
2235729,TYLOO,0.3333333333333333
2235729,Team Spirit,0.6666666666666666
2236875,M80,0.0
2236875,The Mongolz,0.6666666666666666
2238302,500,0.6666666666666666
2238302,Zero Tenacity,0.6666666666666666
2238303,ECSTATIC,0.6666666666666666
2238303,Natus Vincere Junior,0.6666666666666666
2238304,Fnatic,1.0
2238304,Iberian Soul,0.0
2238305,Monte,0.6666666666666666
2238305,PARIVISION,0.3333333333333333
2238307,Betclic,0.6666666666666666
2238307,Sashi Esport,0.6666666666666666
2239174,Monte,0.6666666666666666
2239174,Nexus Gaming,0.0
2239175,500,0.3333333333333333
2239175,Passion UA,0.3333333333333333
2239176,Dynamo Eclot,0.6666666666666666
2239176,Fnatic,0.6666666666666666
2239178,GTZ.ESPORTS,0.3333333333333333
2239178,Nemiga Gaming,0.6666666666666666
2239179,9Pandas,1.0
2239179,BetBoom Team,0.3333333333333333
2242132,Chimera Esports,1.0
2242132,Dynamo Eclot,0.3333333333333333
2242133,Bad News Eagles,0.6666666666666666
2242133,FORZE Reload,0.6666666666666666
2243340,CYBERSHOKE Esports,0.6666666666666666
2243340,GTZ.ESPORTS,0.3333333333333333
2243341,Nemiga Gaming,0.6666666666666666
2243341,Zero Tenacity,0.6666666666666666
2243342,Metizport,0.3333333333333333
2243342,Partizan Esports,0.0
2244034,OG,1.0
2244034,Passion UA,0.3333333333333333
2244369,500,0.6666666666666666
2244369,Nexus Gaming,0.0
2244371,Fnatic,1.0
2244371,Ninjas in Pyjamas,0.6666666666666666
2244373,9INE,0.3333333333333333
2244373,Rebels Gaming,0.3333333333333333
2244374,9Pandas,1.0
2244374,Dynamo Eclot,0.6666666666666666
2244377,BIG,0.3333333333333333
2244377,Sinners Esports,0.3333333333333333
2245717,BASEMENT BOYS,0.0
2245717,Monte,0.6666666666666666
2246047,ARCRED,0.3333333333333333
2246047,Sashi Esport,0.0
2246048,BetBoom Team,0.6666666666666666
2246048,Team Spirit Academy,0.3333333333333333
2246378,SAW,1.0
2246378,Team Spirit,0.6666666666666666
2246380,Team 3DMAX,1.0
2246380,Team Vitality,1.0
2246381,GamerLegion,0.6666666666666666
2246381,paiN Gaming,0.6666666666666666
2246382,G2 Esports,0.6666666666666666
2246382,The Mongolz,0.6666666666666666
2246383,Natus Vincere,0.3333333333333333
2246383,TYLOO,0.3333333333333333
2246384,Eternal Fire,0.6666666666666666
2246384,MIBR,0.6666666666666666
2246888,FURIA Esports,0.6666666666666666
2246888,Team Liquid,0.3333333333333333
2251651,Dynamo Eclot,0.6666666666666666
2251651,Monte,0.6666666666666666
2251969,BetBoom Team,0.3333333333333333
2251969,CYBERSHOKE Esports,0.6666666666666666
2252586,Sashi Esport,0.3333333333333333
2252586,Zero Tenacity,0.6666666666666666
2252587,Nemiga Gaming,1.0
2252587,Team Spirit Academy,0.6666666666666666
2253482,FURIA Esports,0.3333333333333333
2253482,MIBR,0.3333333333333333
2253484,Natus Vincere,0.3333333333333333
2253484,paiN Gaming,0.6666666666666666
2253485,MOUZ,1.0
2253485,Team Vitality,1.0
2253486,Team Spirit,0.6666666666666666
2253486,The Mongolz,0.6666666666666666
2253487,G2 Esports,0.3333333333333333
2253487,SAW,0.6666666666666666
2253488,GamerLegion,0.3333333333333333
2253488,TYLOO,0.3333333333333333
2253489,Team 3DMAX,0.6666666666666666
2253489,Team Falcons,0.3333333333333333
2253492,Betclic,1.0
2253492,Ninjas in Pyjamas,0.6666666666666666
2253495,9Pandas,1.0
2253495,Heroic,0.6666666666666666
2253497,OG,1.0
2253497,Sinners Esports,0.6666666666666666
2253721,Metizport,0.3333333333333333
2253721,Nemiga Gaming,1.0
2253800,Fnatic,0.6666666666666666
2253800,OG,1.0
2253801,500,0.0
2253801,Monte,0.3333333333333333
2253803,Sashi Esport,0.3333333333333333
2253803,Sinners Esports,0.3333333333333333
2258542,ENCE,0.6666666666666666
2258542,Natus Vincere Junior,0.6666666666666666
2258833,BetBoom Team,0.3333333333333333
2258833,Zero Tenacity,0.6666666666666666
2259411,9INE,0.6666666666666666
2259411,Dynamo Eclot,0.3333333333333333
2259984,Natus Vincere Junior,1.0
2259984,Sinners Esports,0.6666666666666666
2260555,FURIA Esports,0.3333333333333333
2260555,Team Falcons,0.3333333333333333
2260556,G2 Esports,0.6666666666666666
2260556,Natus Vincere,0.6666666666666666
2260557,Eternal Fire,0.3333333333333333
2260557,paiN Gaming,0.3333333333333333
2260558,MOUZ,0.6666666666666666
2260558,Team Liquid,0.6666666666666666
2260559,GamerLegion,0.3333333333333333
2260559,SAW,0.3333333333333333
2260560,Team 3DMAX,0.6666666666666666
2260560,The Mongolz,0.6666666666666666
2260561,BetBoom Team,0.6666666666666666
2260561,Team Spirit Academy,0.6666666666666666
2260847,Fnatic,1.0
2260847,Ninjas in Pyjamas,0.6666666666666666
2261063,9Pandas,0.6666666666666666
2261063,Fnatic,1.0
2266529,Betclic,1.0
2266529,Fnatic,1.0
2266530,Natus Vincere Junior,0.6666666666666666
2266530,OG,1.0
2266830,BIG,0.0
2266830,CYBERSHOKE Esports,0.6666666666666666
2266945,9INE,0.6666666666666666
2266945,Heroic,1.0
2267768,BetBoom Team,1.0
2267768,Nemiga Gaming,0.6666666666666666
2268866,Aurora Gaming,0.6666666666666666
2268866,Dynamo Eclot,0.3333333333333333
2269302,Fnatic,0.0
2269302,Nexus Gaming,0.6666666666666666
2269368,G2 Esports,0.3333333333333333
2269368,GamerLegion,0.6666666666666666
2269369,Eternal Fire,0.6666666666666666
2269369,Team Falcons,0.3333333333333333
2269370,Team 3DMAX,0.3333333333333333
2269370,Team Liquid,0.6666666666666666
2269766,BetBoom Team,1.0
2269766,Betclic,1.0
2269767,Heroic,1.0
2269767,OG,1.0
2269768,9Pandas,0.0
2269768,Monte,0.0
2269769,Natus Vincere Junior,0.0
2269769,Sinners Esports,0.3333333333333333
2269770,Fnatic,0.3333333333333333
2269770,PARIVISION,0.3333333333333333
2274381,BIG,0.3333333333333333
2274381,Passion UA,0.6666666666666666
2278687,Dynamo Eclot,0.6666666666666666
2278687,RUSH B,0.6666666666666666
2278778,Natus Vincere,1.0
2278778,The Mongolz,0.6666666666666666
2278779,Team Liquid,0.6666666666666666
2278779,Team Vitality,1.0
2278780,Eternal Fire,0.6666666666666666
2278780,Team Spirit,1.0
2278781,G2 Esports,0.6666666666666666
2278781,MOUZ,0.6666666666666666
2282596,500,0.3333333333333333
2282596,Dynamo Eclot,1.0
2282601,Nemiga Gaming,0.3333333333333333
2282601,OG,0.6666666666666666
2282602,Passion UA,0.3333333333333333
2282602,Zero Tenacity,0.6666666666666666
2282603,BIG,0.6666666666666666
2282603,PARIVISION,0.6666666666666666
2292973,MOUZ,0.6666666666666666
2292973,Team Spirit,1.0
2300556,Team Vitality,1.0
2300556,The Mongolz,0.6666666666666666
2301207,Betclic,1.0
2301207,OG,0.6666666666666666
2307274,500,1.0
2307274,ENCE,0.6666666666666666
2309007,OG,0.6666666666666666
2309007,PARIVISION,1.0
2310106,MOUZ,1.0
2310106,Team Vitality,1.0
2340575,FAVBET Team,0.6666666666666666
2340575,PARIVISION,0.3333333333333333
2340576,B8 Esports,0.6666666666666666
2340576,Nemiga Gaming,0.0
2340577,Natus Vincere Junior,0.6666666666666666
2340577,Sinners Esports,0.3333333333333333
2340579,Team Spirit Academy,0.3333333333333333
2340579,ex-Aurora Gaming,1.0
2342626,Team Falcons,0.3333333333333333
2342626,The Huns Esports,0.0
2342627,MOUZ,0.6666666666666666
2342627,Team Spirit,0.6666666666666666
2344228,Copenhagen Wolves,0.3333333333333333
2344228,RUSH B,0.6666666666666666
2344398,Astralis,0.3333333333333333
2344398,FaZe Clan,0.0
2344399,Team Vitality,1.0
2344399,Virtus.pro,0.3333333333333333
2349136,Imperial Esports,0.0
2349136,Team Liquid,0.3333333333333333
2349137,Eternal Fire,0.6666666666666666
2349137,G2 Esports,0.6666666666666666
2350954,FURIA Esports,0.3333333333333333
2350954,M80,0.0
2350955,Natus Vincere,0.6666666666666666
2350955,The Mongolz,0.6666666666666666
2354184,Fire Flux Esports,0.3333333333333333
2354184,Monte,0.3333333333333333
2356481,FaZe Clan,0.3333333333333333
2356481,Team Spirit,0.3333333333333333
2356864,Nuclear TigeRES,0.5
2356864,Tricked Esport,0.5
2356866,Chimera Esports,0.3333333333333333
2356866,Insilio,0.3333333333333333
2356868,GenOne,0.0
2356868,Lazer Cats,0.3333333333333333
2356869,Illuminar,0.0
2356869,TEAM NEXT LEVEL,0.3333333333333333
2356870,Hesta,0.3333333333333333
2356870,LEON,0.6666666666666666
2356871,EYEBALLERS,0.3333333333333333
2356871,benched,0.3333333333333333
2357022,Team Falcons,0.3333333333333333
2357022,Virtus.pro,0.3333333333333333
2357023,MOUZ,0.6666666666666666
2357023,Team Vitality,1.0
2363434,G2 Esports,0.3333333333333333
2363434,M80,0.3333333333333333
2364262,Team Liquid,0.3333333333333333
2364262,The Mongolz,0.3333333333333333
2364263,Eternal Fire,0.6666666666666666
2364263,Natus Vincere,0.6666666666666666
2369235,Team Spirit,0.6666666666666666
2369235,Virtus.pro,0.6666666666666666
2370595,G2 Esports,0.6666666666666666
2370595,The Mongolz,0.6666666666666666
2371525,GardenGarage,0.5
2371525,XI Esport,0.5
2371526,EYEBALLERS,0.6666666666666666
2371526,ghoulsW,0.5
2371530,Ninjas in Pyjamas,0.3333333333333333
2371530,bombardino crocodilo,0.5
2371531,Hesta,0.3333333333333333
2371531,Zero Tenacity,0.3333333333333333
2375153,XI Esport,0.6666666666666666
2375153,ghoulsW,0.6666666666666666
2375857,Natus Vincere,0.6666666666666666
2375857,Team Spirit,0.6666666666666666
2376687,G2 Esports,0.6666666666666666
2376687,MOUZ,0.6666666666666666
2385478,Fire Flux Esports,0.0
2385478,Nexus Gaming,0.3333333333333333
2385479,AMKAL Esports,1.0
2385479,Fnatic,0.3333333333333333
2385480,GTZ.ESPORTS,0.0
2385480,JANO Esports,0.0
2385481,Ninjas in Pyjamas,0.6666666666666666
2385481,Passion UA,0.3333333333333333
2385482,Metizport,0.3333333333333333
2385482,Sangal Esports,0.0
2385484,Monte,0.0
2385484,OG,1.0
2385485,BetBoom Team,0.3333333333333333
2385485,TEAM NEXT LEVEL,1.0
2385486,9INE,0.3333333333333333
2385486,Iberian Soul,0.0
2385488,Nemiga Gaming,0.0
2385488,Novaq,0.5
2385489,Mercenaires,0.6666666666666666
2385489,Partizan Esports,0.3333333333333333
2385490,ENCE,0.6666666666666666
2385490,PARIVISION,0.3333333333333333
2385492,CYBERSHOKE Esports,0.3333333333333333
2385492,Sashi Esport,0.3333333333333333
2385493,B8 Esports,0.6666666666666666
2385493,Roler Coaster,0.6666666666666666
2392219,Nemiga Gaming,0.3333333333333333
2392219,Partizan Esports,0.6666666666666666
2392220,Mercenaires,0.3333333333333333
2392220,Novaq,0.0
2392221,B8 Esports,0.6666666666666666
2392221,CYBERSHOKE Esports,0.6666666666666666
2392222,Roler Coaster,0.3333333333333333
2392222,Sashi Esport,0.0
2392423,Monte,0.3333333333333333
2392423,TEAM NEXT LEVEL,1.0
2392424,BetBoom Team,0.0
2392424,OG,0.6666666666666666
2393418,9Pandas,0.6666666666666666
2393418,Metizport,0.3333333333333333
2393421,ECSTATIC,0.6666666666666666
2393421,ENCE,0.3333333333333333
2393617,Dynamo Eclot,0.3333333333333333
2393617,Iberian Soul,0.0
2394007,Fire Flux Esports,0.3333333333333333
2394007,Fnatic,0.6666666666666666
2394008,JANO Esports,0.3333333333333333
2394008,Ninjas in Pyjamas,0.6666666666666666
2394009,AMKAL Esports,0.6666666666666666
2394009,Nexus Gaming,0.0
2394010,GTZ.ESPORTS,0.0
2394010,Passion UA,0.0
2395498,ARCRED,0.0
2395498,PARIVISION,0.3333333333333333
2395499,Novaq,0.6666666666666666
2395499,RUSH B,0.6666666666666666
2395500,1win Team,0.3333333333333333
2395500,Aurora Gaming,0.6666666666666666
2395501,CYBERSHOKE Esports,0.3333333333333333
2395501,Chimera Esports,0.0
2397005,RUSH B,0.3333333333333333
2397005,Team Spirit Academy,0.6666666666666666
2397405,AMKAL Esports,0.6666666666666666
2397405,JANO Esports,0.3333333333333333
2397586,Monte,0.3333333333333333
2397586,Sangal Esports,0.3333333333333333
2397587,Iberian Soul,0.3333333333333333
2397587,Partizan Esports,0.3333333333333333
2397588,B8 Esports,0.6666666666666666
2397588,ENCE,0.3333333333333333
2397657,Eternal Fire,1.0
2397657,MOUZ,0.6666666666666666
2397766,Fnatic,0.6666666666666666
2397766,Ninjas in Pyjamas,0.6666666666666666
2397767,Fire Flux Esports,0.3333333333333333
2397767,Passion UA,0.3333333333333333
2398117,Metizport,0.6666666666666666
2398117,TEAM NEXT LEVEL,1.0
2398118,9Pandas,0.3333333333333333
2398118,BetBoom Team,0.3333333333333333
2398123,PARIVISION,0.6666666666666666
2398123,Sashi Esport,0.3333333333333333
2398193,Team Spirit,1.0
2398193,Team Vitality,1.0
2401337,BetBoom Team,0.6666666666666666
2401337,Monte,0.6666666666666666
2401338,Iberian Soul,0.6666666666666666
2401338,Novaq,0.6666666666666666
2401340,B8 Esports,0.6666666666666666
2401340,PARIVISION,0.6666666666666666
2401518,AMKAL Esports,0.6666666666666666
2401518,Fire Flux Esports,0.6666666666666666
2402399,AMKAL Esports,1.0
2402399,Ninjas in Pyjamas,0.6666666666666666
2402400,BetBoom Team,1.0
2402400,TEAM NEXT LEVEL,0.6666666666666666
2402401,9INE,0.6666666666666666
2402401,Iberian Soul,1.0
2402402,B8 Esports,0.6666666666666666
2402402,CYBERSHOKE Esports,0.6666666666666666
2402796,MOUZ,0.6666666666666666
2402796,Team Vitality,1.0
2404696,Metizport,1.0
2404696,Nemiga Gaming,1.0
2404697,B8 Esports,1.0
2404697,Ninjas in Pyjamas,0.6666666666666666
2406990,Betclic,0.6666666666666666
2406990,FURIA Esports,0.0
2406991,Astralis,0.3333333333333333
2406991,FaZe Clan,0.3333333333333333
2406992,Legacy,0.0
2406992,Team Liquid,0.3333333333333333
2406993,Aurora Gaming,0.0
2406993,paiN Gaming,0.3333333333333333
2406994,G2 Esports,0.6666666666666666
2406994,GamerLegion,0.6666666666666666
2406995,Complexity,1.0
2406995,Team Falcons,0.3333333333333333
2406996,Rare Atom,0.3333333333333333
2406996,Virtus.pro,0.3333333333333333
2406997,Team 3DMAX,0.3333333333333333
2406997,The Mongolz,0.3333333333333333
2407375,Dynamo Eclot,0.3333333333333333
2407375,ENCE,1.0
2407376,BetBoom Team,1.0
2407376,Partizan Esports,0.6666666666666666
2407377,ENCE,0.6666666666666666
2407377,Nexus Gaming,0.3333333333333333
2407378,BetBoom Team,1.0
2407378,GTZ.ESPORTS,0.0
2407379,Dynamo Eclot,0.3333333333333333
2407379,Partizan Esports,0.6666666666666666
2407380,Dynamo Eclot,0.0
2407380,GTZ.ESPORTS,0.0
2407381,BetBoom Team,0.6666666666666666
2407381,Nexus Gaming,0.3333333333333333
2407382,Imperial Female,0.0
2407382,Nemiga Gaming,1.0
2407385,Imperial Female,0.0
2407385,Metizport,0.3333333333333333
2407386,Nemiga Gaming,0.6666666666666666
2407386,Passion UA,0.3333333333333333
2407387,9Pandas,0.6666666666666666
2407387,Complexity,1.0
2407388,9Pandas,0.6666666666666666
2407388,Nemiga Gaming,0.3333333333333333
2407389,Imperial Female,0.0
2407389,Passion UA,0.0
2407390,ENCE,0.3333333333333333
2407390,Partizan Esports,0.6666666666666666
2407392,ENCE,0.3333333333333333
2407392,GTZ.ESPORTS,0.0
2407393,Metizport,0.6666666666666666
2407393,Nemiga Gaming,0.3333333333333333
2407394,BetBoom Team,0.6666666666666666
2407394,Dynamo Eclot,0.0
2407396,Nexus Gaming,0.3333333333333333
2407396,Partizan Esports,0.3333333333333333
2407397,Complexity,0.6666666666666666
2407397,Imperial Female,0.0
2408751,Metizport,1.0
2408751,Ninjas in Pyjamas,1.0
2411594,1win Team,0.6666666666666666
2411594,Chimera Esports,0.3333333333333333
2411595,Aurora Gaming,0.3333333333333333
2411595,CYBERSHOKE Esports,0.0
2413940,Novaq,0.6666666666666666
2413940,PARIVISION,0.6666666666666666
2413941,ARCRED,0.0
2413941,RUSH B,0.6666666666666666
2414725,Copenhagen Wolves,0.3333333333333333
2414725,Rebels Gaming,0.3333333333333333
2421506,1win Team,0.3333333333333333
2421506,CYBERSHOKE Esports,0.3333333333333333
2421740,ARCRED,0.3333333333333333
2421740,Novaq,0.3333333333333333
2428690,FaZe Clan,0.3333333333333333
2428690,paiN Gaming,0.0
2428691,Complexity,1.0
2428691,FURIA Esports,0.3333333333333333
2428692,Betclic,0.3333333333333333
2428692,The Mongolz,0.3333333333333333
2428693,Astralis,0.3333333333333333
2428693,Team 3DMAX,0.3333333333333333
2428694,Team Liquid,0.3333333333333333
2428694,Virtus.pro,0.3333333333333333
2428695,Aurora Gaming,0.3333333333333333
2428695,Legacy,0.3333333333333333
2428696,GamerLegion,0.3333333333333333
2428696,Team Falcons,0.3333333333333333
2428697,G2 Esports,0.6666666666666666
2428697,Rare Atom,0.6666666666666666
2431721,Team Liquid,0.0
2431721,The Mongolz,0.0
2431722,Aurora Gaming,0.6666666666666666
2431722,Team 3DMAX,0.6666666666666666
2431723,Team Falcons,0.0
2431723,paiN Gaming,0.0
2431724,Complexity,1.0
2431724,G2 Esports,0.6666666666666666
2431725,FURIA Esports,0.3333333333333333
2431725,Virtus.pro,0.3333333333333333
2431726,FaZe Clan,0.3333333333333333
2431726,Rare Atom,0.3333333333333333
2431727,Astralis,0.3333333333333333
2431727,Betclic,0.3333333333333333
2431728,GamerLegion,0.3333333333333333
2431728,Legacy,0.3333333333333333
2434750,FURIA Esports,0.3333333333333333
2434750,The Mongolz,0.3333333333333333
2434751,Aurora Gaming,0.6666666666666666
2434751,Betclic,0.6666666666666666
2434752,Rare Atom,0.3333333333333333
2434752,Team Falcons,0.3333333333333333
2434753,Complexity,0.6666666666666666
2434753,FaZe Clan,0.6666666666666666
2434754,Astralis,0.3333333333333333
2434754,Legacy,0.3333333333333333
2434755,GamerLegion,0.6666666666666666
2434755,Virtus.pro,0.6666666666666666
2434976,Team Spirit Academy,0.6666666666666666
2434976,ex-Aurora Gaming,0.6666666666666666
2437157,Team Falcons,0.6666666666666666
2437157,The Mongolz,0.6666666666666666
2437158,Betclic,0.6666666666666666
2437158,FaZe Clan,0.6666666666666666
2437159,Astralis,0.3333333333333333
2437159,Virtus.pro,0.6666666666666666
2438834,Lynn Vision Gaming,0.3333333333333333
2438834,Rare Atom,0.0
2439953,G2 Esports,1.0
2439953,Virtus.pro,0.6666666666666666
2439954,Aurora Gaming,0.6666666666666666
2439954,Complexity,0.6666666666666666
2439955,FaZe Clan,0.6666666666666666
2439955,Team 3DMAX,1.0
2439956,GamerLegion,1.0
2439956,Team Falcons,1.0
2442181,FaZe Clan,0.6666666666666666
2442181,Team Falcons,1.0
2442480,Astralis,0.3333333333333333
2442480,OG,0.3333333333333333
2442481,GamerLegion,0.6666666666666666
2442481,Nemiga Gaming,1.0
2442484,BetBoom Team,0.6666666666666666
2442484,SAW,0.0
2442485,Heroic,0.6666666666666666
2442485,PARIVISION,0.6666666666666666
2442486,B8 Esports,0.6666666666666666
2442486,Metizport,0.3333333333333333
2442487,500,0.6666666666666666
2442487,ENCE,1.0
2443082,Complexity,0.6666666666666666
2443082,G2 Esports,1.0
2443546,Eruption,0.6666666666666666
2443546,Gods Reign,0.3333333333333333
2443547,Chinggis Warriors,0.3333333333333333
2443547,The Huns Esports,0.0
2443548,Legacy,0.0
2443548,RED Canids,0.6666666666666666
2443549,BESTIA,0.3333333333333333
2443549,Fluxo,0.0
2443550,Sharks Esports,0.3333333333333333
2443550,Team Solid,0.0
2443551,Imperial Esports,0.0
2443551,ODDIK,0.0
2445010,NRG Esports,0.3333333333333333
2445010,Nouns Esports,0.0
2445011,Marsborne,0.5
2445011,Wildcard Gaming,0.0
2445012,BLUEJAYS,0.5
2445012,MIGHT,0.0
2445013,Complexity,0.3333333333333333
2445013,Getting Info,0.5
2446728,G2 Esports,1.0
2446728,Team Falcons,1.0
2446729,Complexity,0.6666666666666666
2446729,FaZe Clan,0.6666666666666666
2451682,Fnatic,0.3333333333333333
2451682,GamerLegion,0.3333333333333333
2451683,BetBoom Team,0.6666666666666666
2451683,Nemiga Gaming,1.0
2451684,Astralis,0.3333333333333333
2451684,PARIVISION,0.6666666666666666
2451685,9Pandas,0.6666666666666666
2451685,OG,0.3333333333333333
2451686,B8 Esports,0.3333333333333333
2451686,SAW,0.0
2451883,GTZ.ESPORTS,0.0
2451883,Team Spirit Academy,0.3333333333333333
2451884,Metizport,0.3333333333333333
2451884,Nexus Gaming,1.0
2451885,BetBoom Team,1.0
2451885,ENCE,0.6666666666666666
2451886,GTZ.ESPORTS,0.3333333333333333
2451886,Nexus Gaming,0.6666666666666666
2451887,ENCE,0.6666666666666666
2451887,Metizport,0.0
2451888,BetBoom Team,1.0
2451888,Team Spirit Academy,0.3333333333333333
2451889,Metizport,0.3333333333333333
2451889,Team Spirit Academy,0.0
2451890,BetBoom Team,1.0
2451890,GTZ.ESPORTS,0.3333333333333333
2451891,ENCE,0.6666666666666666
2451891,Nexus Gaming,0.6666666666666666
2451892,BetBoom Team,1.0
2451892,Metizport,0.3333333333333333
2451893,ENCE,0.3333333333333333
2451893,GTZ.ESPORTS,0.3333333333333333
2451894,Nexus Gaming,0.3333333333333333
2451894,Team Spirit Academy,0.6666666666666666
2451895,GTZ.ESPORTS,0.0
2451895,Metizport,0.6666666666666666
2451896,BetBoom Team,0.6666666666666666
2451896,Nexus Gaming,0.3333333333333333
2451897,ENCE,0.3333333333333333
2451897,Team Spirit Academy,0.3333333333333333
2451898,9Pandas,1.0
2451898,Nemiga Gaming,0.3333333333333333
2451902,Nemiga Gaming,0.0
2451902,Partizan Esports,0.3333333333333333
2451905,9Pandas,0.3333333333333333
2451905,Dynamo Eclot,0.6666666666666666
2451907,9Pandas,0.0
2451907,Partizan Esports,0.6666666666666666
2451908,Dynamo Eclot,0.3333333333333333
2451908,Nemiga Gaming,0.3333333333333333
2451910,Dynamo Eclot,0.3333333333333333
2451910,Partizan Esports,0.6666666666666666
2452472,Heroic,0.6666666666666666
2452472,Nemiga Gaming,1.0
2452473,Metizport,0.6666666666666666
2452473,OG,0.6666666666666666
2452474,Astralis,0.3333333333333333
2452474,ENCE,0.6666666666666666
2452475,9Pandas,0.6666666666666666
2452475,SAW,0.3333333333333333
2452476,BetBoom Team,0.3333333333333333
2452476,Fnatic,0.3333333333333333
2452478,500,0.0
2452478,GamerLegion,0.0
2452479,B8 Esports,0.0
2452479,PARIVISION,0.3333333333333333
2453995,Rooster,0.0
2453995,ex-TALON,0.0
2454500,Lynn Vision Gaming,0.6666666666666666
2454500,TYLOO,0.3333333333333333
2454616,Gods Reign,0.3333333333333333
2454616,The Huns Esports,0.0
2454617,Chinggis Warriors,0.3333333333333333
2454617,Eruption,0.6666666666666666
2454697,Natus Vincere Junior,1.0
2454697,Partizan Esports,0.3333333333333333
2454698,Dynamo Eclot,0.6666666666666666
2454698,Natus Vincere Junior,1.0
2454701,9Pandas,0.3333333333333333
2454701,Natus Vincere Junior,0.3333333333333333
2455220,Astralis,0.6666666666666666
2455220,Metizport,0.6666666666666666
2455221,BIG,0.6666666666666666
2455221,Nemiga Gaming,0.6666666666666666
2455222,9Pandas,0.6666666666666666
2455222,BetBoom Team,0.6666666666666666
2455223,GamerLegion,0.3333333333333333
2455223,SAW,0.3333333333333333
2455225,ENCE,0.3333333333333333
2455225,Fnatic,0.3333333333333333
2455444,Imperial Esports,0.3333333333333333
2455444,Sharks Esports,0.3333333333333333
2455445,ODDIK,0.0
2455445,Team Solid,0.0
2455535,Getting Info,0.0
2455535,MIGHT,0.0
2455800,Fluxo,0.3333333333333333
2455800,Legacy,0.3333333333333333
2455996,NRG Esports,0.3333333333333333
2455996,Wildcard Gaming,0.3333333333333333
2455997,Marsborne,0.0
2455997,Nouns Esports,0.0
2457152,Rare Atom,0.3333333333333333
2457152,TYLOO,0.3333333333333333
2457249,Chinggis Warriors,0.3333333333333333
2457249,Gods Reign,0.3333333333333333
2457617,Astralis,0.6666666666666666
2457617,BIG,0.6666666666666666
2457621,ENCE,0.3333333333333333
2457621,SAW,0.6666666666666666
2457623,9Pandas,0.3333333333333333
2457623,B8 Esports,0.6666666666666666
2457837,B8 Esports,1.0
2457837,ENCE,0.6666666666666666
2458377,Legacy,0.3333333333333333
2458377,ODDIK,0.3333333333333333
2458378,BESTIA,0.3333333333333333
2458378,Sharks Esports,0.3333333333333333
2458575,FlyQuest,0.6666666666666666
2458575,SemperFi,0.6666666666666666
2458772,Getting Info,0.5
2458772,NRG Esports,0.3333333333333333
2458773,BLUEJAYS,0.5
2458773,Marsborne,0.5
2458842,MIBR,0.0
2458842,Natus Vincere,0.3333333333333333
2458843,SAW,0.3333333333333333
2458843,Team Falcons,1.0
2458844,Team Liquid,0.0
2458844,Virtus.pro,0.3333333333333333
2458845,FlyQuest,1.0
2458845,Team Vitality,1.0
2458846,Complexity,0.6666666666666666
2458846,The Mongolz,0.6666666666666666
2458847,FaZe Clan,0.6666666666666666
2458847,paiN Gaming,0.0
2458848,GamerLegion,0.3333333333333333
2458848,Team 3DMAX,0.6666666666666666
2458849,BIG,0.3333333333333333
2458849,MOUZ,0.6666666666666666
2459581,Chinggis Warriors,0.6666666666666666
2459581,Eruption,0.6666666666666666
2459620,Astralis,0.6666666666666666
2459620,B8 Esports,1.0
2460240,BESTIA,0.6666666666666666
2460240,Legacy,0.6666666666666666
2461225,BLUEJAYS,0.6666666666666666
2461225,NRG Esports,0.6666666666666666
2467473,9Pandas,0.6666666666666666
2467473,ENCE,0.3333333333333333
2474205,500,0.0
2474205,Imperial Esports,0.6666666666666666
2474206,BetBoom Team,0.6666666666666666
2474206,Wildcard Gaming,0.6666666666666666
2474305,B8 Esports,1.0
2474305,Partizan Esports,0.3333333333333333
2478444,BetBoom Team,1.0
2478444,ENCE,0.3333333333333333
2480345,Dynamo Eclot,0.6666666666666666
2480345,Natus Vincere Junior,1.0
2493001,ENCE,0.6666666666666666
2493001,Natus Vincere Junior,1.0
2500220,Complexity,0.6666666666666666
2500220,paiN Gaming,0.0
2500221,FaZe Clan,0.6666666666666666
2500221,The Mongolz,0.6666666666666666
2502480,BIG,0.0
2502480,Team 3DMAX,0.3333333333333333
2502481,GamerLegion,0.6666666666666666
2502481,MOUZ,0.6666666666666666
2503736,FlyQuest,0.6666666666666666
2503736,Virtus.pro,0.3333333333333333
2503737,Team Liquid,0.3333333333333333
2503737,Team Vitality,1.0
2505825,MIBR,0.0
2505825,SAW,0.3333333333333333
2505826,Natus Vincere,0.3333333333333333
2505826,Team Falcons,1.0
2514153,Complexity,0.6666666666666666
2514153,GamerLegion,0.3333333333333333
2515470,MOUZ,0.6666666666666666
2515470,The Mongolz,0.6666666666666666
2515659,FaZe Clan,0.6666666666666666
2515659,Team 3DMAX,0.3333333333333333
2518779,FlyQuest,0.6666666666666666
2518779,Natus Vincere,0.3333333333333333
2518780,Team Falcons,1.0
2518780,Team Vitality,1.0
2518869,MIBR,0.3333333333333333
2518869,Team Liquid,0.3333333333333333
2520994,FaZe Clan,0.3333333333333333
2520994,Team Falcons,0.6666666666666666
2520995,FlyQuest,0.3333333333333333
2520995,Team Spirit,0.6666666666666666
2520996,MOUZ,0.6666666666666666
2520996,paiN Gaming,0.0
2520997,Team Vitality,1.0
2520997,Wildcard Gaming,0.3333333333333333
2525892,FaZe Clan,0.6666666666666666
2525892,GamerLegion,0.6666666666666666
2526996,Natus Vincere,0.6666666666666666
2526996,Team Liquid,0.6666666666666666
2529330,GamerLegion,0.6666666666666666
2529330,Team Falcons,0.6666666666666666
2529865,Team Liquid,0.6666666666666666
2529865,The Mongolz,0.6666666666666666
2541496,B8 Esports,1.0
2541496,Heroic,1.0
2542918,B8 Esports,0.6666666666666666
2542918,The Huns Esports,0.0
2542920,Chinggis Warriors,0.6666666666666666
2542920,Heroic,1.0
2542921,JiJieHao,0.0
2542921,SAW,0.0
2544245,500,0.0
2544245,Wildcard Gaming,0.6666666666666666
2544246,BetBoom Team,0.6666666666666666
2544246,Imperial Esports,1.0
2550929,9z Team,0.0
2550929,BESTIA,1.0
2550930,Imperial Esports,0.3333333333333333
2550930,Sharks Esports,0.3333333333333333
2551303,MOUZ,1.0
2551303,Team Falcons,0.6666666666666666
2553312,Team Vitality,1.0
2553312,The Mongolz,0.6666666666666666
2555287,Heroic,0.6666666666666666
2555287,Wildcard Gaming,0.6666666666666666
2556688,Imperial Esports,0.6666666666666666
2556688,Partizan Esports,0.3333333333333333
2556690,B8 Esports,1.0
2556690,BetBoom Team,0.6666666666666666
2563017,FAVBET Team,0.0
2563017,Team Spirit Academy,1.0
2563018,Nemiga Gaming,0.6666666666666666
2563018,RUSH B,0.3333333333333333
2563019,B8 Esports,0.6666666666666666
2563019,Zero Tenacity,0.0
2563020,Natus Vincere Junior,1.0
2563020,PARIVISION,0.3333333333333333
2566634,Team Falcons,0.6666666666666666
2566634,Team Vitality,1.0
2569387,Heroic,0.6666666666666666
2569387,Partizan Esports,0.6666666666666666
2574461,BetBoom Team,0.6666666666666666
2574461,Heroic,0.6666666666666666
2587733,B8 Esports,1.0
2587733,Heroic,1.0
2639752,Rare Atom,0.3333333333333333
2639752,TYLOO,0.6666666666666666
2639753,FlyQuest,0.0
2639753,Nomads,0.0
2639755,JiJieHao,0.3333333333333333
2639755,The Huns Esports,0.0
2642940,MOUZ,0.6666666666666666
2642940,Team Vitality,1.0
2642941,Wildcard Gaming,0.3333333333333333
2642941,paiN Gaming,0.0
2644463,B8 Esports,0.6666666666666666
2644463,BIG,0.3333333333333333
2644464,Heroic,1.0
2644464,JiJieHao,0.3333333333333333
2644679,Team Falcons,0.6666666666666666
2644679,Team Spirit,0.6666666666666666
2644680,FaZe Clan,0.3333333333333333
2644680,FlyQuest,0.3333333333333333
2662494,FaZe Clan,0.3333333333333333
2662494,MOUZ,0.3333333333333333
2662927,Team Spirit,0.3333333333333333
2662927,Wildcard Gaming,0.3333333333333333
2668481,Astrum,1.0
2668481,PARIVISION,0.0
2668482,ARCRED,0.3333333333333333
2668482,Team Spirit Academy,0.6666666666666666
2668483,1win Team,0.3333333333333333
2668483,Chimera Esports,0.6666666666666666
2668484,GUN5,0.0
2668484,Novaq,0.6666666666666666
2668991,Chinggis Warriors,0.6666666666666666
2668991,Heroic,1.0
2668992,B8 Esports,0.6666666666666666
2668992,BIG,0.6666666666666666
2674286,MOUZ,0.6666666666666666
2674286,Team Falcons,0.6666666666666666
2675327,HOTU,0.0
2675327,paiN Gaming,0.0
2675328,GamerLegion,0.6666666666666666
2675328,Team Spirit,0.3333333333333333
2675329,Ninjas in Pyjamas,1.0
2675329,Virtus.pro,0.0
2675330,M80,0.3333333333333333
2675330,Natus Vincere,0.3333333333333333
2675331,G2 Esports,0.6666666666666666
2675331,MIBR,0.3333333333333333
2675332,FURIA Esports,0.0
2675332,The Mongolz,0.3333333333333333
2675333,Astralis,0.3333333333333333
2675333,ODDIK,0.3333333333333333
2675334,Aurora Gaming,0.3333333333333333
2675334,BIG,0.6666666666666666
2675845,Team Spirit,0.6666666666666666
2675845,Team Vitality,1.0
2677792,9z Team,0.3333333333333333
2677792,Imperial Esports,0.3333333333333333
2691376,B8 Esports,0.3333333333333333
2691376,Chinggis Warriors,0.6666666666666666
2691377,BIG,1.0
2691377,Heroic,1.0
2691788,Team Falcons,1.0
2691788,Team Vitality,1.0
2705978,500,0.3333333333333333
2705978,ECSTATIC,0.3333333333333333
2720855,Chimera Esports,0.6666666666666666
2720855,Novaq,0.3333333333333333
2721720,ENCE,0.6666666666666666
2721720,Fnatic,0.3333333333333333
2723044,Astrum,0.0
2723044,OG,1.0
2723437,ARCRED,0.3333333333333333
2723437,Astrum,0.5
2723438,PARIVISION,0.3333333333333333
2723438,Team Spirit Academy,1.0
2723939,CYBERSHOKE Esports,0.6666666666666666
2723939,Dynamo Eclot,0.6666666666666666
2723940,Nexus Gaming,0.6666666666666666
2723940,Passion UA,0.0
2723941,Partizan Esports,0.6666666666666666
2723941,Zero Tenacity,0.0
2723943,Astrum,0.3333333333333333
2723943,Monte,0.3333333333333333
2723944,RUBY,0.3333333333333333
2723944,Sinners Esports,0.6666666666666666
2723945,9INE,0.0
2723945,TEAM NEXT LEVEL,0.3333333333333333
2731600,NRG Esports,0.3333333333333333
2731600,TYLOO,1.0
2731601,BetBoom Team,0.0
2731601,Nemiga Gaming,0.6666666666666666
2731602,B8 Esports,1.0
2731602,Imperial Esports,0.6666666666666666
2731603,Chinggis Warriors,0.3333333333333333
2731603,Heroic,0.3333333333333333
2731604,Complexity,0.3333333333333333
2731604,OG,0.6666666666666666
2732632,NinJa,0.0
2732632,The Huns Esports,0.0
2732633,JiJieHao,0.3333333333333333
2732633,Lynn Vision Gaming,1.0
2733001,ARCRED,0.3333333333333333
2733001,PARIVISION,0.6666666666666666
2736995,Team Spirit Academy,1.0
2736995,Zero Tenacity,0.0
2736997,PARIVISION,0.3333333333333333
2736997,Sinners Esports,0.6666666666666666
2737247,GUN5,0.3333333333333333
2737247,Novaq,0.6666666666666666
2737372,Natus Vincere Junior,0.6666666666666666
2737372,RUSH B,0.6666666666666666
2746425,Nomads,0.0
2746425,Rare Atom,0.3333333333333333
2746426,FlyQuest,0.3333333333333333
2746426,TYLOO,0.6666666666666666
2746541,GUN5,0.6666666666666666
2746541,Team Spirit Academy,1.0
2747587,ECSTATIC,1.0
2747587,Natus Vincere Junior,0.6666666666666666
2748699,1win Team,0.6666666666666666
2748699,ARCRED,0.6666666666666666
2751766,ARCRED,1.0
2751766,Team Spirit Academy,0.6666666666666666
2752902,B8 Esports,1.0
2752902,Sinners Esports,0.3333333333333333
2753092,PARIVISION,0.3333333333333333
2753092,Zero Tenacity,0.6666666666666666
2753446,Iberian Soul,0.6666666666666666
2753446,TEAM NEXT LEVEL,0.3333333333333333
2753447,ECSTATIC,0.6666666666666666
2753447,Monte,0.6666666666666666
2753448,Partizan Esports,0.6666666666666666
2753448,RUBY,0.6666666666666666
2753449,CYBERSHOKE Esports,0.6666666666666666
2753449,Nexus Gaming,0.6666666666666666
2753450,Fire Flux Esports,0.0
2753450,Passion UA,0.0
2753451,Astrum,0.3333333333333333
2753451,Dynamo Eclot,0.3333333333333333
2753452,9INE,0.0
2753452,FAVBET Team,0.0
2753453,Sinners Esports,0.6666666666666666
2753453,Zero Tenacity,0.3333333333333333
2759319,G2 Esports,0.6666666666666666
2759319,Lynn Vision Gaming,0.6666666666666666
2759320,FURIA Esports,0.3333333333333333
2759320,The Mongolz,0.6666666666666666
2759321,GamerLegion,0.0
2759321,Team 3DMAX,0.3333333333333333
2759322,Legacy,0.3333333333333333
2759322,Team Vitality,1.0
2759437,NRG Esports,0.6666666666666666
2759437,Team Falcons,0.6666666666666666
2759438,Aurora Gaming,0.6666666666666666
2759438,Heroic,1.0
2759439,FaZe Clan,0.3333333333333333
2759439,Team Liquid,0.6666666666666666
2759440,BCGame,0.0
2759440,MOUZ,0.3333333333333333
2776870,FlyQuest,0.3333333333333333
2776870,Rare Atom,0.3333333333333333
2781485,Iberian Soul,0.3333333333333333
2781485,Monte,0.3333333333333333
2781486,9INE,0.3333333333333333
2781486,Zero Tenacity,0.6666666666666666
2781487,Dynamo Eclot,0.0
2781487,Fire Flux Esports,0.0
2781488,FAVBET Team,0.0
2781488,Sinners Esports,0.3333333333333333
2781578,Nexus Gaming,0.6666666666666666
2781578,RUBY,0.6666666666666666
2781580,Partizan Esports,0.3333333333333333
2781580,Passion UA,0.3333333333333333
2781581,Astrum,0.6666666666666666
2781581,CYBERSHOKE Esports,0.3333333333333333
2782755,PARIVISION,0.6666666666666666
2782755,Sinners Esports,0.0
2788207,JiJieHao,0.6666666666666666
2788207,Lynn Vision Gaming,0.6666666666666666
2790094,FlyQuest,0.6666666666666666
2790094,TYLOO,1.0
2792209,Ninjas in Pyjamas,1.0
2792209,Team Spirit,0.6666666666666666
2792210,G2 Esports,0.3333333333333333
2792210,ODDIK,0.3333333333333333
2792211,Aurora Gaming,0.3333333333333333
2792211,HOTU,0.0
2792212,BIG,0.6666666666666666
2792212,Natus Vincere,0.6666666666666666
2792213,FURIA Esports,0.0
2792213,GamerLegion,0.3333333333333333
2792214,Astralis,0.6666666666666666
2792214,paiN Gaming,0.3333333333333333
2792215,M80,0.3333333333333333
2792215,Virtus.pro,0.0
2792216,MIBR,0.6666666666666666
2792216,The Mongolz,0.6666666666666666
2794559,B8 Esports,1.0
2794559,PARIVISION,1.0
2806508,G2 Esports,0.0
2806508,M80,0.0
2806509,Natus Vincere,0.6666666666666666
2806509,The Mongolz,0.6666666666666666
2806510,GamerLegion,0.0
2806510,HOTU,0.0
2806511,ODDIK,0.3333333333333333
2806511,paiN Gaming,0.3333333333333333
2806512,Aurora Gaming,0.3333333333333333
2806512,Ninjas in Pyjamas,0.6666666666666666
2806513,FURIA Esports,0.3333333333333333
2806513,MIBR,0.3333333333333333
2806514,BIG,0.3333333333333333
2806514,Virtus.pro,0.3333333333333333
2808941,Monte,0.6666666666666666
2808941,RUBY,0.6666666666666666
2808943,9INE,0.6666666666666666
2808943,Passion UA,0.6666666666666666
2808944,Fire Flux Esports,0.3333333333333333
2808944,Zero Tenacity,0.3333333333333333
2808945,FAVBET Team,0.3333333333333333
2808945,Partizan Esports,0.3333333333333333
2808946,CYBERSHOKE Esports,0.3333333333333333
2808946,Iberian Soul,0.3333333333333333
2819962,Aurora Gaming,0.6666666666666666
2819962,Natus Vincere,0.6666666666666666
2819963,MIBR,0.3333333333333333
2819963,paiN Gaming,0.3333333333333333
2819964,Astralis,0.6666666666666666
2819964,Virtus.pro,0.6666666666666666
2819965,BIG,0.3333333333333333
2819965,G2 Esports,0.3333333333333333
2819966,HOTU,0.3333333333333333
2819966,Ninjas in Pyjamas,0.3333333333333333
2819967,FURIA Esports,0.6666666666666666
2819967,ODDIK,0.6666666666666666
2831804,MIBR,0.3333333333333333
2831804,Virtus.pro,0.6666666666666666
2831805,Aurora Gaming,0.6666666666666666
2831805,ODDIK,0.6666666666666666
2831806,G2 Esports,0.6666666666666666
2831806,Ninjas in Pyjamas,0.3333333333333333
2845161,Ninjas in Pyjamas,0.6666666666666666
2845161,Team Spirit,1.0
2845162,FURIA Esports,1.0
2845162,MIBR,0.6666666666666666
2845163,Astralis,0.6666666666666666
2845163,Natus Vincere,0.6666666666666666
2845164,Aurora Gaming,0.6666666666666666
2845164,The Mongolz,1.0
2872818,Astralis,0.6666666666666666
2872818,Aurora Gaming,0.6666666666666666
2875927,FURIA Esports,1.0
2875927,Team Spirit,1.0
2886629,Astralis,1.0
2886629,Team Spirit,1.0
2886630,Aurora Gaming,0.6666666666666666
2886630,FURIA Esports,0.6666666666666666
2911509,Legacy,0.3333333333333333
2911509,Team 3DMAX,0.3333333333333333
2911510,GamerLegion,0.3333333333333333
2911510,Team Vitality,1.0
2911876,BCGame,0.0
2911876,FaZe Clan,0.3333333333333333
2911877,MOUZ,0.6666666666666666
2911877,Team Liquid,0.6666666666666666
2914196,FURIA Esports,0.0
2914196,Lynn Vision Gaming,0.3333333333333333
2914198,G2 Esports,0.6666666666666666
2914198,The Mongolz,0.6666666666666666
2914788,Aurora Gaming,0.3333333333333333
2914788,NRG Esports,0.6666666666666666
2914790,Heroic,1.0
2914790,Team Falcons,0.6666666666666666
2924691,Aurora Gaming,0.6666666666666666
2924691,Team Liquid,0.3333333333333333
2924940,FaZe Clan,0.3333333333333333
2924940,Heroic,0.6666666666666666
2924941,MOUZ,0.6666666666666666
2924941,Team Falcons,0.6666666666666666
2925529,FURIA Esports,0.3333333333333333
2925529,GamerLegion,0.3333333333333333
2925734,G2 Esports,0.3333333333333333
2925734,Team 3DMAX,0.3333333333333333
2925735,Team Vitality,1.0
2925735,The Mongolz,0.6666666666666666
2933834,Aurora Gaming,0.6666666666666666
2933834,Heroic,0.6666666666666666
2934857,G2 Esports,0.6666666666666666
2934857,GamerLegion,0.6666666666666666
2937089,Aurora Gaming,1.0
2937089,The Mongolz,0.6666666666666666
2937174,GamerLegion,0.6666666666666666
2937174,Team Falcons,0.6666666666666666
2942814,Fluxo,0.6666666666666666
2942814,FlyQuest,0.6666666666666666
2942890,Metizport,0.3333333333333333
2942890,Wildcard Gaming,0.3333333333333333
2942891,Legacy,0.0
2942891,Lynn Vision Gaming,0.0
2954629,MOUZ,1.0
2954629,The Mongolz,0.6666666666666666
2954685,Fire Flux Esports,0.3333333333333333
2954685,Monte,0.3333333333333333
2956206,Team Falcons,0.6666666666666666
2956206,Team Vitality,1.0
2965980,MOUZ,1.0
2965980,Team Vitality,1.0
2974327,Astrum,0.3333333333333333
2974327,Sashi Esport,0.3333333333333333
2989122,Nexus Gaming,0.3333333333333333
2989122,Passion UA,0.3333333333333333
2996264,Astrum,0.6666666666666666
2996264,BIG,0.0
3009336,BIG,0.3333333333333333
3009336,TEAM NEXT LEVEL,1.0
3011220,CYBERSHOKE Esports,1.0
3011220,Passion UA,0.6666666666666666
3036645,Lynn Vision Gaming,0.3333333333333333
3036645,Wildcard Gaming,0.6666666666666666
3036646,Complexity,0.3333333333333333
3036646,Fluxo,0.6666666666666666
3036647,BetBoom Team,0.3333333333333333
3036647,FlyQuest,0.6666666666666666
3036648,Heroic,0.6666666666666666
3036648,NRG Esports,0.3333333333333333
3036649,B8 Esports,1.0
3036649,OG,0.6666666666666666
3037934,Chinggis Warriors,0.0
3037934,Fluxo,0.3333333333333333
3037935,Imperial Esports,0.3333333333333333
3037935,Metizport,0.0
3037936,B8 Esports,1.0
3037936,Wildcard Gaming,0.6666666666666666
3037937,FlyQuest,1.0
3037937,Heroic,0.6666666666666666
3037938,OG,0.3333333333333333
3037938,TYLOO,0.6666666666666666
3037939,Lynn Vision Gaming,0.3333333333333333
3037939,Nemiga Gaming,0.3333333333333333
3037940,BetBoom Team,0.3333333333333333
3037940,Legacy,0.3333333333333333
3037941,Complexity,0.3333333333333333
3037941,NRG Esports,0.3333333333333333
3042369,BetBoom Team,0.6666666666666666
3042369,Wildcard Gaming,0.6666666666666666
3042370,FlyQuest,0.6666666666666666
3042370,Nemiga Gaming,0.6666666666666666
3042371,Chinggis Warriors,0.3333333333333333
3042371,Lynn Vision Gaming,0.3333333333333333
3042372,NRG Esports,0.6666666666666666
3042372,OG,0.6666666666666666
3042373,Imperial Esports,0.3333333333333333
3042373,Legacy,0.3333333333333333
3042374,Complexity,0.3333333333333333
3042374,TYLOO,0.3333333333333333
3047856,Legacy,0.6666666666666666
3047856,Wildcard Gaming,0.3333333333333333
3047857,Lynn Vision Gaming,0.3333333333333333
3047857,NRG Esports,0.3333333333333333
3047887,FlyQuest,0.3333333333333333
3047887,TYLOO,0.6666666666666666
3051902,M80,0.0
3051902,TYLOO,0.6666666666666666
3051903,Legacy,0.6666666666666666
3051903,MIBR,0.6666666666666666
3051904,FURIA Esports,0.3333333333333333
3051904,Lynn Vision Gaming,0.6666666666666666
3051905,Nemiga Gaming,1.0
3051905,paiN Gaming,0.0
3051906,OG,0.6666666666666666
3051906,Virtus.pro,0.3333333333333333
3051907,BetBoom Team,0.6666666666666666
3051907,Team 3DMAX,0.3333333333333333
3051908,FaZe Clan,0.3333333333333333
3051908,Heroic,1.0
3051909,B8 Esports,1.0
3051909,Team Falcons,0.3333333333333333
3055354,MIBR,0.3333333333333333
3055354,Nemiga Gaming,0.6666666666666666
3055355,Lynn Vision Gaming,0.6666666666666666
3055355,Team Falcons,0.3333333333333333
3055356,M80,0.0
3055356,OG,0.6666666666666666
3055357,BetBoom Team,0.6666666666666666
3055357,Heroic,0.6666666666666666
3055358,Legacy,1.0
3055358,Team 3DMAX,0.6666666666666666
3055359,FaZe Clan,0.6666666666666666
3055359,TYLOO,1.0
3055360,B8 Esports,1.0
3055360,Virtus.pro,0.3333333333333333
3055361,FURIA Esports,0.6666666666666666
3055361,paiN Gaming,0.3333333333333333
3055944,BetBoom Team,0.3333333333333333
3055944,MIBR,0.0
3055945,OG,0.3333333333333333
3055945,Team Falcons,0.0
3055946,Virtus.pro,0.6666666666666666
3055946,paiN Gaming,0.6666666666666666
3055947,FaZe Clan,0.6666666666666666
3055947,Legacy,1.0
3055948,B8 Esports,0.6666666666666666
3055948,Heroic,0.6666666666666666
3055949,FURIA Esports,0.3333333333333333
3055949,M80,0.3333333333333333
3055950,Nemiga Gaming,0.6666666666666666
3055950,Team 3DMAX,0.3333333333333333
3055951,Lynn Vision Gaming,0.6666666666666666
3055951,TYLOO,0.6666666666666666
3058163,B8 Esports,0.6666666666666666
3058163,FURIA Esports,0.6666666666666666
3058164,FaZe Clan,0.6666666666666666
3058164,Team 3DMAX,0.6666666666666666
3058165,MIBR,0.3333333333333333
3058165,Team Falcons,0.3333333333333333
3058166,Lynn Vision Gaming,0.6666666666666666
3058166,paiN Gaming,0.6666666666666666
3058167,M80,0.3333333333333333
3058167,Nemiga Gaming,0.3333333333333333
3058168,Heroic,0.3333333333333333
3058168,TYLOO,0.3333333333333333
3062477,FaZe Clan,0.3333333333333333
3062477,MIBR,0.6666666666666666
3062478,B8 Esports,0.3333333333333333
3062478,Lynn Vision Gaming,0.6666666666666666
3062479,Heroic,0.6666666666666666
3062479,Nemiga Gaming,0.6666666666666666
3067301,Lynn Vision Gaming,0.6666666666666666
3067301,Team Liquid,0.3333333333333333
3067302,Natus Vincere,0.3333333333333333
3067302,Nemiga Gaming,0.6666666666666666
3067303,Aurora Gaming,0.6666666666666666
3067303,FaZe Clan,0.3333333333333333
3067304,FURIA Esports,0.6666666666666666
3067304,The Mongolz,0.3333333333333333
3067305,G2 Esports,0.3333333333333333
3067305,Team 3DMAX,0.6666666666666666
3067306,Team Spirit,1.0
3067306,paiN Gaming,0.6666666666666666
3067307,MOUZ,0.6666666666666666
3067307,Virtus.pro,1.0
3067308,Legacy,1.0
3067308,Team Vitality,1.0
3079151,G2 Esports,0.3333333333333333
3079151,paiN Gaming,0.3333333333333333
3079152,Team Liquid,0.0
3079152,The Mongolz,0.3333333333333333
3079153,Nemiga Gaming,0.6666666666666666
3079153,Team Vitality,0.6666666666666666
3079155,Aurora Gaming,0.6666666666666666
3079155,FURIA Esports,1.0
3079156,Natus Vincere,0.6666666666666666
3079156,Team 3DMAX,1.0
3079157,Legacy,1.0
3079157,Virtus.pro,1.0
3079158,Lynn Vision Gaming,0.6666666666666666
3079158,Team Spirit,1.0
3080406,Nemiga Gaming,0.3333333333333333
3080406,paiN Gaming,0.3333333333333333
3080407,MOUZ,0.0
3080407,Team Liquid,0.0
3080408,FURIA Esports,1.0
3080408,Virtus.pro,1.0
3080409,Natus Vincere,0.6666666666666666
3080409,Team Spirit,1.0
3080410,Lynn Vision Gaming,0.6666666666666666
3080410,The Mongolz,0.3333333333333333
3080411,Aurora Gaming,0.3333333333333333
3080411,G2 Esports,0.3333333333333333
3080412,FaZe Clan,0.6666666666666666
3080412,Legacy,0.6666666666666666
3080413,Team 3DMAX,0.6666666666666666
3080413,Team Vitality,0.6666666666666666
3085568,CYBERSHOKE Esports,0.6666666666666666
3085568,Iberian Soul,0.6666666666666666
3085892,G2 Esports,0.6666666666666666
3085892,Natus Vincere,0.6666666666666666
3085893,Team Vitality,0.6666666666666666
3085893,Virtus.pro,0.6666666666666666
3085894,Aurora Gaming,0.3333333333333333
3085894,MOUZ,0.3333333333333333
3085895,FaZe Clan,0.6666666666666666
3085895,The Mongolz,0.6666666666666666
3085896,Team 3DMAX,0.3333333333333333
3085896,paiN Gaming,0.3333333333333333
3085897,Legacy,0.3333333333333333
3085897,Lynn Vision Gaming,0.3333333333333333
3093616,Virtus.pro,0.3333333333333333
3093616,paiN Gaming,0.6666666666666666
3093617,G2 Esports,0.6666666666666666
3093617,The Mongolz,0.6666666666666666
3093618,Legacy,0.3333333333333333
3093618,MOUZ,0.6666666666666666
3099261,FURIA Esports,1.0
3099261,paiN Gaming,1.0
3099262,FaZe Clan,1.0
3099262,The Mongolz,0.6666666666666666
3099263,Natus Vincere,0.6666666666666666
3099263,Team Vitality,1.0
3099264,MOUZ,1.0
3099264,Team Spirit,1.0
3122295,MOUZ,1.0
3122295,Team Vitality,1.0
3122996,The Mongolz,0.6666666666666666
3122996,paiN Gaming,1.0
3127838,Team Vitality,1.0
3127838,The Mongolz,1.0
3189461,FURIA Esports,0.6666666666666666
3189461,SAW,0.3333333333333333
3189462,GamerLegion,0.6666666666666666
3189462,Wildcard Gaming,0.0
3189491,BIG,0.6666666666666666
3189491,Heroic,0.3333333333333333
3189492,BetBoom Team,0.0
3189492,Complexity,0.3333333333333333
3189493,Astralis,0.6666666666666666
3189493,MIBR,0.6666666666666666
3189494,TYLOO,0.0
3189494,Virtus.pro,0.0
3189495,Rare Atom,0.3333333333333333
3189495,paiN Gaming,0.6666666666666666
3189496,Lynn Vision Gaming,0.0
3189496,Team 3DMAX,0.0
3230302,FURIA Esports,0.3333333333333333
3230302,FlyQuest,0.0
3230303,Astralis,0.6666666666666666
3230303,B8 Esports,0.3333333333333333
3230304,TYLOO,1.0
3230304,Virtus.pro,0.0
3230305,Complexity,0.6666666666666666
3230305,GamerLegion,0.6666666666666666
3230306,Heroic,0.0
3230306,Ninjas in Pyjamas,0.6666666666666666
3230307,MIBR,0.3333333333333333
3230307,Team 3DMAX,0.6666666666666666
3230308,Team Liquid,0.0
3230308,paiN Gaming,0.3333333333333333
3230309,BIG,0.3333333333333333
3230309,FaZe Clan,0.6666666666666666
3259052,Lynn Vision Gaming,0.3333333333333333
3259052,paiN Gaming,0.6666666666666666
3259053,Rare Atom,0.3333333333333333
3259053,Team 3DMAX,0.0
3259438,GamerLegion,0.6666666666666666
3259438,SAW,0.6666666666666666
3259439,FURIA Esports,0.3333333333333333
3259439,Wildcard Gaming,0.0
3260971,BIG,0.6666666666666666
3260971,Complexity,0.3333333333333333
3260972,BetBoom Team,0.0
3260972,Heroic,0.3333333333333333
3260973,Astralis,0.6666666666666666
3260973,TYLOO,0.3333333333333333
3260974,MIBR,0.3333333333333333
3260974,Virtus.pro,0.0
3265952,FURIA Esports,0.3333333333333333
3265952,SAW,0.3333333333333333
3266479,Team 3DMAX,0.3333333333333333
3266479,paiN Gaming,0.3333333333333333
3267467,Astralis,0.3333333333333333
3267467,MIBR,0.3333333333333333
3268170,BIG,0.3333333333333333
3268170,BetBoom Team,0.3333333333333333
3271267,PARIVISION,1.0
3271267,TEAM NEXT LEVEL,1.0
3272911,BetBoom Team,0.6666666666666666
3272911,GamerLegion,0.6666666666666666
3272912,Astralis,0.6666666666666666
3272912,Lynn Vision Gaming,0.6666666666666666
3272913,Complexity,0.6666666666666666
3272913,SAW,0.6666666666666666
3272914,TYLOO,0.6666666666666666
3272914,Team 3DMAX,0.6666666666666666
3276080,SAW,0.6666666666666666
3276080,TYLOO,1.0
3277720,Astralis,0.6666666666666666
3277720,BetBoom Team,1.0
3283885,Astralis,1.0
3283885,TYLOO,1.0
3310146,GamerLegion,0.6666666666666666
3310146,Virtus.pro,0.3333333333333333
3310147,Complexity,0.3333333333333333
3310147,TYLOO,0.6666666666666666
3311601,Astralis,0.6666666666666666
3311601,FURIA Esports,0.6666666666666666
3311603,B8 Esports,0.0
3311603,FlyQuest,0.0
3312707,Ninjas in Pyjamas,0.6666666666666666
3312707,Team 3DMAX,0.6666666666666666
3312708,Heroic,0.0
3312708,MIBR,0.3333333333333333
3312756,FaZe Clan,0.6666666666666666
3312756,Team Liquid,0.3333333333333333
3312758,BIG,0.0
3312758,paiN Gaming,0.0
3319459,TYLOO,0.6666666666666666
3319459,Team 3DMAX,0.3333333333333333
3320168,Heroic,0.3333333333333333
3320168,Virtus.pro,0.3333333333333333
3320304,FlyQuest,0.3333333333333333
3320304,Team Liquid,0.3333333333333333
3325279,Astralis,0.3333333333333333
3325279,paiN Gaming,0.3333333333333333
3326359,Heroic,0.6666666666666666
3326359,Team Spirit,0.6666666666666666
3326360,Aurora Gaming,0.0
3326360,Ninjas in Pyjamas,0.6666666666666666
3326361,FaZe Clan,0.6666666666666666
3326361,Natus Vincere,0.3333333333333333
3326398,MOUZ,0.6666666666666666
3326398,Team Liquid,0.6666666666666666
3326399,Team 3DMAX,0.6666666666666666
3326399,The Mongolz,0.6666666666666666
3326400,GamerLegion,0.6666666666666666
3326400,Team Falcons,0.3333333333333333
3326401,FURIA Esports,0.6666666666666666
3326401,G2 Esports,0.3333333333333333
3326402,Astralis,0.6666666666666666
3326402,Team Vitality,1.0
3330359,Team Liquid,0.3333333333333333
3330359,VP.Prodigy,0.6666666666666666
3332474,GamerLegion,0.6666666666666666
3332474,Team 3DMAX,0.3333333333333333
3332475,Team Falcons,0.6666666666666666
3332475,The Mongolz,0.6666666666666666
3332590,Astralis,0.3333333333333333
3332590,FURIA Esports,0.6666666666666666
3332592,G2 Esports,0.3333333333333333
3332592,Team Vitality,1.0
3339651,FaZe Clan,0.6666666666666666
3339651,Team Liquid,0.3333333333333333
3339652,MOUZ,0.6666666666666666
3339652,Natus Vincere,0.6666666666666666
3339818,Heroic,0.6666666666666666
3339818,Ninjas in Pyjamas,0.6666666666666666
3339820,Aurora Gaming,0.3333333333333333
3339820,Team Spirit,0.6666666666666666
3342115,Team Vitality,1.0
3342115,The Mongolz,0.6666666666666666
3342116,G2 Esports,0.3333333333333333
3342116,Team 3DMAX,0.6666666666666666
3342690,FURIA Esports,0.6666666666666666
3342690,Team Falcons,0.3333333333333333
3353530,Natus Vincere,0.3333333333333333
3353530,Ninjas in Pyjamas,0.6666666666666666
3355156,MOUZ,0.6666666666666666
3355156,Team Spirit,0.6666666666666666
3355158,Aurora Gaming,0.3333333333333333
3355158,FaZe Clan,0.6666666666666666
3356942,FURIA Esports,0.6666666666666666
3356942,G2 Esports,0.6666666666666666
3368815,FaZe Clan,0.6666666666666666
3368815,Natus Vincere,0.6666666666666666
3371840,Natus Vincere,0.6666666666666666
3371840,The Mongolz,0.6666666666666666
3372417,FURIA Esports,1.0
3372417,MOUZ,0.6666666666666666
3412335,FUT Esports,0.5
3412335,VP.Prodigy,0.6666666666666666
3412874,Passion UA,0.3333333333333333
3412874,Team Spirit,1.0
3412875,MOUZ,0.6666666666666666
3412875,OG,0.0
3412876,NRG Esports,0.3333333333333333
3412876,Team Vitality,0.6666666666666666
3412962,Fnatic,0.3333333333333333
3412962,Legacy,0.3333333333333333
3412966,Astralis,0.3333333333333333
3412966,Rare Atom,0.0
3412967,MIBR,0.0
3412967,Virtus.pro,0.3333333333333333
3412970,BIG,0.0
3412970,FURIA Esports,0.6666666666666666
3412971,Natus Vincere,0.6666666666666666
3412971,TEAM NEXT LEVEL,1.0
3412972,BetBoom Team,0.6666666666666666
3412972,FaZe Clan,0.6666666666666666
3412973,Aurora Gaming,0.3333333333333333
3412973,FlyQuest,0.3333333333333333
3412974,ENCE,0.3333333333333333
3412974,The Mongolz,0.3333333333333333
3413147,Natus Vincere,1.0
3413147,Team Spirit,1.0
3415817,MOUZ,0.6666666666666666
3415817,Team Vitality,1.0
3419626,CYBERSHOKE Esports,0.6666666666666666
3419626,SAW,0.6666666666666666
3428769,ECSTATIC,0.6666666666666666
3428769,VP.Prodigy,1.0
3430045,MOUZ,0.6666666666666666
3430045,Team Spirit,1.0
3436438,RUBY,0.0
3436438,Sinners Esports,0.0
3444815,Johnny Speeds,0.3333333333333333
3444815,Nexus Gaming,0.3333333333333333
3473644,8Sins,0.5
3473644,Leo Team,0.0
3473645,EYEBALLERS,0.0
3473645,Prestige Esport,0.5
3500684,ENCE,0.3333333333333333
3500684,QMISTRY,0.5
3500685,CYBERSHOKE Esports,0.0
3500685,Nexus Gaming,0.0
3500686,PARIVISION,1.0
3500686,Sashi Esport,0.3333333333333333
3500687,GUN5,0.3333333333333333
3500687,Iberian Soul,0.3333333333333333
3500688,OG,0.6666666666666666
3500688,RUBY,0.0
3500689,9INE,0.3333333333333333
3500689,Tricked Esport,0.6666666666666666
3500690,Johnny Speeds,0.6666666666666666
3500690,SAW,0.6666666666666666
3500691,BIG,0.6666666666666666
3500691,The Glecs,0.3333333333333333
3500693,BCGame,0.3333333333333333
3500693,Betclic,0.3333333333333333
3515933,Bushido Wildcats,1.0
3515933,GenOne,0.3333333333333333
3516310,ENCE,0.3333333333333333
3516310,OG,0.3333333333333333
3517670,PARIVISION,0.6666666666666666
3517670,ex-Partizan Esports,1.0
3518486,Heroic,0.6666666666666666
3518486,Team Spirit,1.0
3518487,Aurora Gaming,0.6666666666666666
3518487,FaZe Clan,0.3333333333333333
3518488,G2 Esports,0.3333333333333333
3518488,Team Falcons,0.3333333333333333
3518489,MOUZ,0.6666666666666666
3518489,Virtus.pro,0.6666666666666666
3518490,GamerLegion,0.3333333333333333
3518490,The Mongolz,0.6666666666666666
3518491,Natus Vincere,0.3333333333333333
3518491,Team 3DMAX,0.3333333333333333
3518492,Astralis,0.6666666666666666
3518492,TYLOO,0.3333333333333333
3518493,Team Liquid,0.6666666666666666
3518493,Team Vitality,0.6666666666666666
3519222,9INE,1.0
3519222,Fnatic,0.3333333333333333
3519845,Legacy,0.6666666666666666
3519845,Team Vitality,0.6666666666666666
3519847,B8 Esports,0.3333333333333333
3519847,MOUZ,0.6666666666666666
3519848,The Mongolz,0.3333333333333333
3519848,paiN Gaming,0.6666666666666666
3519849,FURIA Esports,0.6666666666666666
3519849,Team Liquid,0.3333333333333333
3519850,G2 Esports,0.6666666666666666
3519850,Team Spirit,1.0
3519851,FaZe Clan,0.6666666666666666
3519851,Virtus.pro,0.3333333333333333
3519852,Astralis,0.3333333333333333
3519852,Natus Vincere,0.6666666666666666
3553411,Metizport,0.3333333333333333
3553411,SPARTA Esports,0.3333333333333333
3561818,ARCRED,0.6666666666666666
3561818,HOTU,0.6666666666666666
3561820,Alliance,0.6666666666666666
3561820,Sinners Esports,0.6666666666666666
3575108,EYEBALLERS,0.3333333333333333
3575108,Leo Team,0.3333333333333333
3577593,Zero Tenacity,0.3333333333333333
3577593,ex-Partizan Esports,0.6666666666666666
3577594,JiJieHao,0.3333333333333333
3577594,Team Spirit Academy,0.3333333333333333
3578203,BCGame,0.6666666666666666
3578203,Betera,0.3333333333333333
3578936,Alliance,0.3333333333333333
3578936,Nemiga Gaming,0.3333333333333333
3578939,Insilio,0.3333333333333333
3578939,Sangal Esports,0.3333333333333333
3580825,JiJieHao,0.0
3580825,Nexus Gaming,0.0
3580826,Metizport,0.0
3580826,Sangal Esports,0.0
3580827,CYBERSHOKE Esports,0.3333333333333333
3580827,Dynamo Eclot,0.0
3580829,500,1.0
3580829,Betclic,0.6666666666666666
3580831,BCGame,0.6666666666666666
3580831,Team Spirit Academy,0.3333333333333333
3581490,FUT Esports,0.6666666666666666
3581490,Team Spirit Academy,0.0
3581491,Iberian Soul,0.3333333333333333
3581491,Nemiga Gaming,0.3333333333333333
3581492,ECSTATIC,0.3333333333333333
3581492,JiJieHao,0.6666666666666666
3581493,OG,0.6666666666666666
3581493,TEAM NEXT LEVEL,0.3333333333333333
3581494,Fnatic,0.6666666666666666
3581494,PARIVISION,1.0
3581495,BetBoom Team,0.6666666666666666
3581495,ENCE,0.6666666666666666
3581496,9INE,0.6666666666666666
3581496,Ninjas in Pyjamas,0.0
3581497,BIG,0.6666666666666666
3581497,Passion UA,0.3333333333333333
3589775,BetBoom Team,0.3333333333333333
3589775,HOTU,0.3333333333333333
3591933,500,0.6666666666666666
3591933,Passion UA,0.3333333333333333
3598077,Iberian Soul,0.6666666666666666
3598077,PARIVISION,1.0
3598082,GUN5,0.0
3598082,Sashi Esport,0.0
3598523,HOTU,0.6666666666666666
3598523,Sinners Esports,1.0
3598577,BIG,0.6666666666666666
3598577,Johnny Speeds,0.6666666666666666
3598582,SAW,0.3333333333333333
3598582,The Glecs,0.0
3598702,CYBERSHOKE Esports,0.6666666666666666
3598702,ENCE,0.6666666666666666
3598709,Nexus Gaming,0.0
3598709,QMISTRY,0.0
3599091,9INE,1.0
3599091,OG,0.6666666666666666
3599099,RUBY,0.0
3599099,Tricked Esport,0.3333333333333333
3614693,Leo Team,0.3333333333333333
3614693,Prestige Esport,0.5
3615795,BetBoom Team,0.6666666666666666
3615795,Fnatic,0.3333333333333333
3617669,Team Spirit,1.0
3617669,Virtus.pro,0.6666666666666666
3617670,Team Liquid,0.6666666666666666
3617670,Team Vitality,0.6666666666666666
3617671,Aurora Gaming,0.6666666666666666
3617671,The Mongolz,0.6666666666666666
3617672,Astralis,0.6666666666666666
3617672,MOUZ,0.6666666666666666
3619341,BCGame,1.0
3619341,ex-Partizan Esports,0.6666666666666666
3619447,9INE,1.0
3619447,HOTU,0.3333333333333333
3619448,ARCRED,0.3333333333333333
3619448,Sangal Esports,0.6666666666666666
3619449,500,0.3333333333333333
3619449,CYBERSHOKE Esports,0.6666666666666666
3619450,JiJieHao,1.0
3619450,Team Spirit Academy,0.0
3619451,Betclic,0.6666666666666666
3619451,Tricked Esport,0.3333333333333333
3619452,Dynamo Eclot,0.0
3619452,Metizport,0.0
3630903,ENCE,0.6666666666666666
3630903,Sinners Esports,1.0
3633108,Nemiga Gaming,0.6666666666666666
3633108,Team Spirit Academy,0.3333333333333333
3634220,MOUZ,1.0
3634220,Team Spirit,1.0
3634905,BCGame,0.6666666666666666
3634905,BetBoom Team,0.3333333333333333
3646425,ENCE,1.0
3646425,Fnatic,0.6666666666666666
3647997,Team Vitality,1.0
3647997,The Mongolz,1.0
3650480,ARCRED,0.3333333333333333
3650480,BCGame,0.6666666666666666
3661345,Team Spirit,1.0
3661345,The Mongolz,1.0
3661825,Fnatic,0.6666666666666666
3661825,Iberian Soul,1.0
3661826,FUT Esports,0.6666666666666666
3661826,OG,1.0
3661827,ECSTATIC,0.6666666666666666
3661827,PARIVISION,1.0
3661999,BCGame,0.6666666666666666
3661999,OG,0.6666666666666666
3672276,GenOne,0.6666666666666666
3672276,WOPA Esport,0.3333333333333333
3691325,GUN5,0.0
3691325,SPARTA Esports,0.6666666666666666
3691326,Betera,0.6666666666666666
3691326,K27,0.3333333333333333
3691329,AMKAL Esports,0.6666666666666666
3691329,Sangal Esports,0.3333333333333333
3691330,CYBERSHOKE Esports,1.0
3691330,FORZE Reload,1.0
3691331,BET-M 33,0.3333333333333333
3691331,Nuclear TigeRES,0.3333333333333333
3694392,ARCRED,0.3333333333333333
3694392,Tricked Esport,0.3333333333333333
3694393,Monte,0.0
3694393,Partizan Esports,0.3333333333333333
3694394,500,0.0
3694394,Metizport,0.3333333333333333
3694395,CYBERSHOKE Esports,0.6666666666666666
3694395,Eternal Fire,0.3333333333333333
3696202,BCGame,0.6666666666666666
3696202,ENCE,0.3333333333333333
3696203,Fnatic,0.6666666666666666
3696203,Tricked Esport,0.3333333333333333
3696326,BetBoom Team,0.6666666666666666
3696326,Betclic,0.6666666666666666
3696327,BIG,0.3333333333333333
3696327,Team Spirit Academy,0.6666666666666666
3706025,EYEBALLERS,0.6666666666666666
3706025,Leo Team,0.6666666666666666
3706672,CYBERSHOKE Esports,0.6666666666666666
3706672,TEAM NEXT LEVEL,0.3333333333333333
3709230,GenOne,0.6666666666666666
3709230,K27,0.6666666666666666
3709232,Alliance,1.0
3709232,FORZE Reload,1.0
3724119,Fnatic,0.6666666666666666
3724119,OG,1.0
3727111,EYEBALLERS,0.6666666666666666
3727111,GenOne,0.6666666666666666
3727244,Team 3DMAX,0.6666666666666666
3727244,The Mongolz,0.6666666666666666
3728651,BCGame,0.6666666666666666
3728651,Team Spirit Academy,0.6666666666666666
3729139,TYLOO,0.6666666666666666
3729139,Team Vitality,0.6666666666666666
3729946,BetBoom Team,0.6666666666666666
3729946,ECSTATIC,0.6666666666666666
3730986,Aurora Gaming,0.6666666666666666
3730986,Heroic,0.6666666666666666
3731146,Reason Gaming,0.3333333333333333
3731146,Tricked Esport,0.3333333333333333
3731147,500,0.0
3731147,Eternal Fire,0.0
3731148,Betera,0.6666666666666666
3731148,Nexus Gaming,0.3333333333333333
3731149,FAVBET Team,0.3333333333333333
3731149,Monte,0.0
3741599,MOUZ,0.6666666666666666
3741599,Team Falcons,0.3333333333333333
3742547,BCGame,0.6666666666666666
3742547,OG,1.0
3743619,Fnatic,0.3333333333333333
3743619,Natus Vincere,0.3333333333333333
3743620,ECSTATIC,0.3333333333333333
3743620,FaZe Clan,0.3333333333333333
3743621,GamerLegion,0.3333333333333333
3743621,Virtus.pro,0.3333333333333333
3743622,M80,0.3333333333333333
3743622,Team Vitality,0.3333333333333333
3743705,FURIA Esports,0.3333333333333333
3743705,Legacy,0.3333333333333333
3743706,FlyQuest,0.3333333333333333
3743706,Team Spirit,0.6666666666666666
3743707,G2 Esports,0.3333333333333333
3743707,Team Liquid,0.3333333333333333
3743708,Imperial Esports,0.3333333333333333
3743708,MOUZ,0.3333333333333333
3744954,Team Vitality,0.6666666666666666
3744954,The Mongolz,0.6666666666666666
3748508,9BoomPro,1.0
3748508,RUBY,0.6666666666666666
3748510,1win Team,0.3333333333333333
3748510,GUN5,0.3333333333333333
3757428,BCGame,1.0
3757428,BetBoom Team,1.0
3760537,Aurora Gaming,0.6666666666666666
3760537,Team Falcons,0.6666666666666666
3771595,Novaq,0.6666666666666666
3771595,VP.Prodigy,0.3333333333333333
3778076,Team Falcons,0.6666666666666666
3778076,Team Vitality,0.6666666666666666
3778077,Aurora Gaming,1.0
3778077,The Mongolz,1.0
3795464,9BoomPro,1.0
3795464,Nuclear TigeRES,0.6666666666666666
3833597,ARCRED,0.3333333333333333
3833597,SPARTA Esports,0.0
3847281,GamerLegion,0.6666666666666666
3847281,Team Vitality,0.3333333333333333
3847282,M80,0.0
3847282,Virtus.pro,0.0
3850292,FaZe Clan,0.3333333333333333
3850292,Natus Vincere,0.3333333333333333
3850294,ECSTATIC,0.3333333333333333
3850294,Fnatic,0.3333333333333333
3851011,ARCRED,0.6666666666666666
3851011,FORZE Reload,0.0
3851058,BetBoom Team,1.0
3851058,Monte,1.0
3862882,G2 Esports,0.3333333333333333
3862882,MOUZ,0.6666666666666666
3862883,Imperial Esports,0.3333333333333333
3862883,Team Liquid,0.0
3863930,Lynn Vision Gaming,0.3333333333333333
3863930,Rare Atom,0.0
3866076,FURIA Esports,0.6666666666666666
3866076,Team Spirit,0.6666666666666666
3866078,FlyQuest,0.0
3866078,Legacy,0.3333333333333333
3874520,B8 Esports,0.3333333333333333
3874520,Kaleido Gaming,0.5
3877277,Monte,0.6666666666666666
3877277,Passion UA,0.0
3877279,ENCE,0.3333333333333333
3877279,Fnatic,0.3333333333333333
3879910,Fnatic,1.0
3879910,GamerLegion,0.3333333333333333
3880955,FaZe Clan,0.6666666666666666
3880955,Team Vitality,0.6666666666666666
3880957,M80,0.3333333333333333
3880957,Natus Vincere,0.3333333333333333
3880977,JiJieHao,0.6666666666666666
3880977,TEAM NEXT LEVEL,0.6666666666666666
3881391,ENCE,0.0
3881391,Ninjas in Pyjamas,0.3333333333333333
3881501,9INE,0.3333333333333333
3881501,Passion UA,0.0
3889152,Fnatic,1.0
3889152,Monte,0.6666666666666666
3891643,9INE,0.6666666666666666
3891643,ENCE,0.6666666666666666
3892029,FlyQuest,0.3333333333333333
3892029,G2 Esports,0.3333333333333333
3892796,FURIA Esports,0.6666666666666666
3892796,MOUZ,0.6666666666666666
3892798,Team Liquid,0.3333333333333333
3892798,Team Spirit,0.3333333333333333
3899323,Fnatic,1.0
3899323,Monte,0.6666666666666666
3900142,Fnatic,1.0
3900142,M80,0.6666666666666666
3900251,BetBoom Team,1.0
3900251,TEAM NEXT LEVEL,1.0
3901415,G2 Esports,0.6666666666666666
3901415,Team Spirit,0.6666666666666666
3911419,FaZe Clan,0.6666666666666666
3911419,G2 Esports,0.6666666666666666
3958511,MOUZ,0.6666666666666666
3958511,Team Vitality,1.0
3960292,FURIA Esports,1.0
3960292,G2 Esports,1.0
3960882,EYEBALLERS,0.3333333333333333
3960882,Reason Gaming,0.6666666666666666
3966874,BCGame,0.3333333333333333
3966874,Sashi Esport,0.6666666666666666
3968292,Ninjas in Pyjamas,0.3333333333333333
3968292,Team Venom,1.0
3968293,M80,0.6666666666666666
3968293,OG,0.6666666666666666
3968295,9z Team,0.3333333333333333
3968295,BetBoom Team,0.6666666666666666
3968296,JiJieHao,0.6666666666666666
3968296,Legacy,0.0
3978324,G2 Esports,1.0
3978324,Team Vitality,1.0
3985579,500,0.6666666666666666
3985579,SENZA Esports,0.3333333333333333
3993899,FURIA Esports,0.6666666666666666
3993899,Team Liquid,0.3333333333333333
3993900,FaZe Clan,0.3333333333333333
3993900,paiN Gaming,0.3333333333333333
3993901,G2 Esports,1.0
3993901,Lynn Vision Gaming,0.6666666666666666
3993902,Astralis,0.3333333333333333
3993902,Aurora Gaming,0.6666666666666666
3993903,Team Falcons,0.6666666666666666
3993903,Virtus.pro,0.0
3993904,Team 3DMAX,1.0
3993904,The Mongolz,1.0
3993905,GamerLegion,0.3333333333333333
3993905,TYLOO,0.3333333333333333
3997852,Heroic,0.6666666666666666
3997852,Legacy,0.3333333333333333
4000540,Ninjas in Pyjamas,0.0
4000540,OG,0.3333333333333333
4000541,B8 Esports,0.3333333333333333
4000541,PARIVISION,0.6666666666666666
4000542,Gentle Mates,0.3333333333333333
4000542,Passion UA,0.0
4000543,9INE,0.6666666666666666
4000543,Natus Vincere,0.3333333333333333
4017630,FC Famalicão Esports,0.0
4017630,Sinners Esports,0.3333333333333333
4117510,BCGame,0.6666666666666666
4117510,ESC Gaming,0.6666666666666666
4172622,Heroic,0.3333333333333333
4172622,paiN Gaming,0.3333333333333333
4172623,FURIA Esports,0.6666666666666666
4172623,G2 Esports,1.0
4172624,GamerLegion,0.0
4172624,Team Liquid,0.3333333333333333
4172625,Aurora Gaming,0.6666666666666666
4172625,TYLOO,0.6666666666666666
4172626,Astralis,0.0
4172626,Virtus.pro,0.0
4172627,Legacy,0.6666666666666666
4172627,Team Falcons,0.6666666666666666
4172628,Lynn Vision Gaming,0.3333333333333333
4172628,The Mongolz,0.6666666666666666
4172629,FaZe Clan,0.3333333333333333
4172629,Team 3DMAX,1.0
4197266,Aurora Gaming,0.6666666666666666
4197266,FURIA Esports,0.6666666666666666
4197267,Astralis,0.3333333333333333
4197267,paiN Gaming,0.3333333333333333
4197268,G2 Esports,0.6666666666666666
4197268,Legacy,0.3333333333333333
4197269,FaZe Clan,0.6666666666666666
4197269,Team Falcons,1.0
4197270,Heroic,0.0
4197270,Team Liquid,0.0
4197271,GamerLegion,0.3333333333333333
4197271,Team 3DMAX,0.6666666666666666
4197272,TYLOO,0.3333333333333333
4197272,The Mongolz,0.6666666666666666
4197273,Lynn Vision Gaming,0.0
4197273,Virtus.pro,0.0
4223630,Astralis,0.3333333333333333
4223630,Legacy,0.3333333333333333
4223631,FURIA Esports,0.6666666666666666
4223631,paiN Gaming,0.6666666666666666
4223632,TYLOO,0.3333333333333333
4223632,Team Liquid,0.3333333333333333
4223633,FaZe Clan,0.6666666666666666
4223633,The Mongolz,0.6666666666666666
4223634,Team 3DMAX,0.3333333333333333
4223634,Virtus.pro,0.3333333333333333
4223635,G2 Esports,0.6666666666666666
4223635,GamerLegion,0.6666666666666666
4247349,Virtus.pro,0.6666666666666666
4247349,paiN Gaming,0.6666666666666666
4247350,Astralis,0.6666666666666666
4247350,GamerLegion,0.6666666666666666
4247351,FaZe Clan,0.3333333333333333
4247351,Team Liquid,0.6666666666666666
4247575,AMKAL Esports,0.6666666666666666
4247575,BCGame,1.0
4262557,Nuclear TigeRES,0.6666666666666666
4262557,PARIVISION,0.3333333333333333
4262558,9BoomPro,1.0
4262558,Nemiga Gaming,0.3333333333333333
4262559,BetBoom Team,0.3333333333333333
4262559,Betera,0.6666666666666666
4262560,BET-M 33,0.3333333333333333
4262560,Team Spirit Academy,0.6666666666666666
4271143,Team Falcons,1.0
4271143,paiN Gaming,0.6666666666666666
4271144,Astralis,0.6666666666666666
4271144,FURIA Esports,0.6666666666666666
4271145,Aurora Gaming,1.0
4271145,Team Liquid,1.0
4271146,G2 Esports,0.6666666666666666
4271146,The Mongolz,1.0
4291968,B8 Esports,0.3333333333333333
4291968,OG,0.3333333333333333
4291969,Ninjas in Pyjamas,0.3333333333333333
4291969,PARIVISION,0.6666666666666666
4298043,Alliance,0.6666666666666666
4298043,BCGame,1.0
4299249,9INE,0.3333333333333333
4299249,Gentle Mates,0.0
4299251,Natus Vincere,0.3333333333333333
4299251,Passion UA,0.3333333333333333
4315566,Team Liquid,1.0
4315566,The Mongolz,1.0
4316720,Gentle Mates,0.3333333333333333
4316720,PARIVISION,0.3333333333333333
4317584,BIG,0.6666666666666666
4317584,Team Venom,0.6666666666666666
4318839,B8 Esports,0.3333333333333333
4318839,Passion UA,0.3333333333333333
4318841,Natus Vincere,0.6666666666666666
4318841,Ninjas in Pyjamas,0.6666666666666666
4320967,FURIA Esports,0.6666666666666666
4320967,Team Falcons,1.0
4335466,BCGame,0.6666666666666666
4335466,RUBY,0.6666666666666666
4337143,B8 Esports,0.6666666666666666
4337143,Gentle Mates,0.6666666666666666
4340520,FURIA Esports,1.0
4340520,The Mongolz,1.0
4341903,B8 Esports,1.0
4341903,Ninjas in Pyjamas,0.6666666666666666
4342454,BIG,0.6666666666666666
4342454,ESC Gaming,0.6666666666666666
4364559,Natus Vincere,1.0
4364559,Ninjas in Pyjamas,0.6666666666666666
4366171,RUBY,0.6666666666666666
4366171,Reason Gaming,0.6666666666666666
4368818,BCGame,0.3333333333333333
4368818,ESC Gaming,0.6666666666666666
4396911,Alliance,0.6666666666666666
4396911,BCGame,0.3333333333333333
4397084,M1X,0.0
4397084,Sinners Esports,0.3333333333333333
4412676,Inner Circle,0.0
4412676,Team 3DMAX,0.0
4412677,Astralis,0.6666666666666666
4412677,Fluxo,0.0
4412678,G2 Esports,0.6666666666666666
4412678,Rooster,0.0
4412884,GamerLegion,0.3333333333333333
4412884,NRG Esports,0.0
4412885,FURIA Esports,1.0
4412885,HOTU,1.0
4412887,B8 Esports,0.6666666666666666
4412887,Legacy,0.0
4475276,BET-M 33,0.6666666666666666
4475276,BetBoom Team,0.3333333333333333
4475277,Betera,0.3333333333333333
4475277,Team Spirit Academy,0.3333333333333333
4481588,9BoomPro,1.0
4481588,PARIVISION,0.3333333333333333
4481590,Nemiga Gaming,0.3333333333333333
4481590,Nuclear TigeRES,0.6666666666666666
4505975,BET-M 33,0.3333333333333333
4505975,Betera,0.3333333333333333
4509391,9BoomPro,0.6666666666666666
4509391,Nuclear TigeRES,0.6666666666666666
4527670,Gentle Mates,0.6666666666666666
4527670,Heroic,0.0
4530673,BET-M 33,0.6666666666666666
4530673,PARIVISION,0.6666666666666666
4533157,ENCE,0.6666666666666666
4533157,M80,0.3333333333333333
4537132,BetBoom Team,1.0
4537132,PARIVISION,1.0
4539818,FAVBET Team,0.6666666666666666
4539818,JiJieHao,0.6666666666666666
4564385,G2 Esports,0.6666666666666666
4564385,Gentle Mates,0.6666666666666666
4564386,FURIA Esports,0.6666666666666666
4564386,Fluxo,0.0
4564387,Heroic,0.0
4564387,M80,0.0
4564388,Legacy,0.0
4564388,NRG Esports,0.0
4564389,GamerLegion,0.3333333333333333
4564389,Inner Circle,0.3333333333333333
4564390,Astralis,0.6666666666666666
4564390,ENCE,0.6666666666666666
4564391,B8 Esports,0.6666666666666666
4564391,HOTU,1.0
4564392,Rooster,0.0
4564392,Team 3DMAX,0.0
4588207,Heroic,0.3333333333333333
4588207,Team 3DMAX,0.3333333333333333
4588208,FURIA Esports,0.6666666666666666
4588208,Legacy,0.3333333333333333
4588209,Fluxo,0.0
4588209,NRG Esports,0.0
4588210,Astralis,0.3333333333333333
4588210,GamerLegion,0.3333333333333333
4588211,B8 Esports,0.3333333333333333
4588211,G2 Esports,0.3333333333333333
4588212,Gentle Mates,0.6666666666666666
4588212,Inner Circle,0.6666666666666666
4588213,ENCE,0.6666666666666666
4588213,HOTU,1.0
4588214,M80,0.0
4588214,Rooster,0.0
4602082,FUT Esports,1.0
4602082,FaZe Clan,0.3333333333333333
4602083,B8 Esports,0.3333333333333333
4602083,Heroic,0.3333333333333333
4602084,Fnatic,0.3333333333333333
4602084,paiN Gaming,0.3333333333333333
4602085,Fluxo,0.3333333333333333
4602085,TYLOO,0.0
4602086,Lynn Vision Gaming,0.0
4602086,MIBR,0.0
4602087,GamerLegion,0.0
4602087,Team Liquid,0.6666666666666666
4602088,Legacy,0.3333333333333333
4602088,Virtus.pro,0.6666666666666666
4602089,Team 3DMAX,0.3333333333333333
4602089,The Huns Esports,0.3333333333333333
4613347,FURIA Esports,0.3333333333333333
4613347,M80,0.3333333333333333
4613348,Gentle Mates,0.6666666666666666
4613348,Legacy,0.6666666666666666
4613349,Astralis,0.3333333333333333
4613349,Heroic,0.3333333333333333
4613350,ENCE,0.6666666666666666
4613350,Team 3DMAX,0.6666666666666666
4613351,Fluxo,0.3333333333333333
4613351,G2 Esports,0.3333333333333333
4613352,B8 Esports,0.6666666666666666
4613352,GamerLegion,0.6666666666666666
4639658,B8 Esports,0.3333333333333333
4639658,FURIA Esports,0.6666666666666666
4639659,Astralis,0.3333333333333333
4639659,Legacy,0.6666666666666666
4639660,ENCE,0.3333333333333333
4639660,G2 Esports,0.3333333333333333
4664453,BCGame,0.6666666666666666
4664453,RUBY,0.3333333333333333
4669939,FURIA Esports,0.6666666666666666
4669939,Team 3DMAX,1.0
4669940,Aurora Gaming,0.6666666666666666
4669940,Natus Vincere,1.0
4669941,Gentle Mates,0.6666666666666666
4669941,Team Vitality,0.6666666666666666
4669942,Astralis,0.6666666666666666
4669942,Team Falcons,0.6666666666666666
4669943,HOTU,1.0
4669943,The Mongolz,0.6666666666666666
4669944,GamerLegion,0.6666666666666666
4669944,MOUZ,0.3333333333333333
4669945,Inner Circle,1.0
4669945,Team Spirit,0.3333333333333333
4694881,HOTU,1.0
4694881,Team Spirit,0.6666666666666666
4694882,Astralis,0.6666666666666666
4694882,Aurora Gaming,0.3333333333333333
4694883,Inner Circle,0.6666666666666666
4694883,The Mongolz,0.3333333333333333
4695080,FaZe Clan,0.0
4695080,Team 3DMAX,0.6666666666666666
4695081,FURIA Esports,1.0
4695081,G2 Esports,1.0
4695083,Gentle Mates,0.6666666666666666
4695083,MOUZ,0.6666666666666666
4695084,Natus Vincere,1.0
4695084,Team Falcons,0.6666666666666666
4695087,GamerLegion,0.6666666666666666
4695087,Team Vitality,0.3333333333333333
4723689,HOTU,0.6666666666666666
4723689,Team Vitality,0.3333333333333333
4723690,Aurora Gaming,0.3333333333333333
4723690,Gentle Mates,0.6666666666666666
4723910,MOUZ,0.6666666666666666
4723910,Team Falcons,0.6666666666666666
4723911,G2 Esports,1.0
4723911,Team Spirit,0.6666666666666666
4723912,Astralis,0.3333333333333333
4723912,FaZe Clan,0.0
4723913,GamerLegion,0.3333333333333333
4723913,The Mongolz,0.0
4723914,Natus Vincere,0.6666666666666666
4723914,Team 3DMAX,0.6666666666666666
4723915,FURIA Esports,0.6666666666666666
4723915,Inner Circle,0.6666666666666666
4724125,1win Team,0.6666666666666666
4724125,Zero Tenacity,0.6666666666666666
4758189,FaZe Clan,0.3333333333333333
4758189,Inner Circle,0.3333333333333333
4758190,G2 Esports,0.6666666666666666
4758190,Team Vitality,0.6666666666666666
4758191,Gentle Mates,0.3333333333333333
4758191,The Mongolz,0.3333333333333333
4758192,MOUZ,0.6666666666666666
4758192,Team 3DMAX,0.6666666666666666
4758193,HOTU,0.0
4758193,Natus Vincere,0.3333333333333333
4758194,Aurora Gaming,0.6666666666666666
4758194,FURIA Esports,0.6666666666666666
4779672,ESC Gaming,1.0
4779672,RUBY,0.6666666666666666
4784808,Aurora Gaming,0.6666666666666666
4784808,FaZe Clan,0.6666666666666666
4784809,G2 Esports,0.3333333333333333
4784809,Team 3DMAX,0.6666666666666666
4784810,Natus Vincere,0.3333333333333333
4784810,The Mongolz,0.6666666666666666
4809614,BCGame,0.6666666666666666
4809614,Partizan Esports,0.3333333333333333
4810096,EYEBALLERS,0.6666666666666666
4810096,FAVBET Team,0.3333333333333333
4810793,FURIA Esports,0.6666666666666666
4810793,Team Vitality,1.0
4810794,FaZe Clan,1.0
4810794,Team Spirit,1.0
4810795,MOUZ,0.6666666666666666
4810795,Natus Vincere,0.6666666666666666
4810796,Team 3DMAX,0.6666666666666666
4810796,Team Falcons,1.0
4835373,Aurora Gaming,0.3333333333333333
4835373,Team Venom,0.0
4835374,Imperial Esports,0.6666666666666666
4835374,Natus Vincere,0.6666666666666666
4835375,9z Team,0.6666666666666666
4835375,The Mongolz,0.6666666666666666
4835376,FURIA Esports,0.6666666666666666
4835376,OG,0.0
4836899,BCGame,0.3333333333333333
4836899,Eternal Fire,0.0
4855476,MOUZ,0.6666666666666666
4855476,Team Falcons,1.0
4860065,FaZe Clan,1.0
4860065,Team Vitality,1.0
4875478,1win Team,1.0
4875478,BetBoom Team,1.0
4882087,FaZe Clan,0.6666666666666666
4882087,MOUZ,0.6666666666666666
4882088,Team Falcons,1.0
4882088,Team Vitality,1.0
4899255,BetBoom Team,0.6666666666666666
4899255,Team Spirit Academy,0.6666666666666666
4939280,The Huns Esports,0.3333333333333333
4939280,Virtus.pro,0.3333333333333333
4939281,Legacy,0.3333333333333333
4939281,Team 3DMAX,0.6666666666666666
4940519,GamerLegion,0.0
4940519,Lynn Vision Gaming,0.0
4940521,MIBR,0.3333333333333333
4940521,Team Liquid,0.6666666666666666
4941820,Fluxo,0.3333333333333333
4941820,paiN Gaming,0.3333333333333333
4941821,Fnatic,0.3333333333333333
4941821,TYLOO,0.3333333333333333
4943310,B8 Esports,0.0
4943310,FaZe Clan,0.0
4943312,FUT Esports,1.0
4943312,Heroic,0.3333333333333333
4948828,MIBR,0.3333333333333333
4948828,Virtus.pro,0.3333333333333333
4949144,Lynn Vision Gaming,0.3333333333333333
4949144,Team 3DMAX,0.3333333333333333
4949146,Legacy,0.6666666666666666
4949146,Team Liquid,1.0
4966775,FUT Esports,0.6666666666666666
4966775,paiN Gaming,0.3333333333333333
4968725,FaZe Clan,0.3333333333333333
4968725,TYLOO,0.3333333333333333
4968727,Fnatic,0.6666666666666666
4968727,Heroic,0.6666666666666666
4971452,9z Team,0.6666666666666666
4971452,OG,0.0
4971453,FURIA Esports,0.6666666666666666
4971453,The Mongolz,0.6666666666666666
4971480,Team 3DMAX,0.6666666666666666
4971480,Virtus.pro,0.6666666666666666
4978660,Imperial Esports,0.6666666666666666
4978660,Team Venom,0.0
4978661,Aurora Gaming,0.3333333333333333
4978661,Natus Vincere,0.6666666666666666
4988843,FUT Esports,0.6666666666666666
4988843,FaZe Clan,0.6666666666666666
4996780,FUT Esports,0.6666666666666666
4996780,Legacy,0.6666666666666666
4996781,Fnatic,0.6666666666666666
4996781,Team 3DMAX,0.6666666666666666
4998157,9z Team,0.6666666666666666
4998157,The Mongolz,0.3333333333333333
5014614,Team 3DMAX,1.0
5014614,Team Liquid,1.0
5019360,Heroic,1.0
5019360,Legacy,0.6666666666666666
5025358,Natus Vincere,0.6666666666666666
5025358,The Mongolz,0.6666666666666666
5025359,Aurora Gaming,0.6666666666666666
5025359,FURIA Esports,0.6666666666666666
5039904,Heroic,0.6666666666666666
5039904,Team Liquid,0.6666666666666666
5039905,Legacy,0.6666666666666666
5039905,Team 3DMAX,1.0
5047220,FURIA Esports,1.0
5047220,Natus Vincere,1.0
5047221,Aurora Gaming,0.3333333333333333
5047221,The Mongolz,0.3333333333333333
5080984,Astralis,0.0
5080984,B8 Esports,0.0
5080985,Aurora Gaming,0.3333333333333333
5080985,Fnatic,0.3333333333333333
5080986,BetBoom Team,0.6666666666666666
5080986,MIBR,0.3333333333333333
5080988,Heroic,0.3333333333333333
5080988,Ninjas in Pyjamas,0.3333333333333333
5080989,FlyQuest,0.3333333333333333
5080989,GamerLegion,0.0
5080990,Gentle Mates,0.0
5080990,paiN Gaming,0.3333333333333333
5080991,Legacy,1.0
5080991,Team Liquid,0.6666666666666666
5082459,BCGame,0.3333333333333333
5082459,Team QUAZAR,0.3333333333333333
5106309,BCGame,0.3333333333333333
5106309,Novaq,0.6666666666666666
5112389,BCGame,0.6666666666666666
5112389,BIG,0.6666666666666666
5140606,BIG,1.0
5140606,Mousquetaires,1.0
5166826,Astralis,0.3333333333333333
5166826,Natus Vincere,0.6666666666666666
5166827,Heroic,0.6666666666666666
5166827,The Mongolz,0.6666666666666666
5166828,TYLOO,0.3333333333333333
5166828,Team Falcons,0.6666666666666666
5167053,G2 Esports,0.0
5167053,Team 3DMAX,0.0
5167054,Team Vitality,1.0
5167054,Virtus.pro,0.6666666666666666
5167055,FaZe Clan,0.6666666666666666
5167055,MOUZ,0.6666666666666666
5167056,FURIA Esports,1.0
5167056,Lynn Vision Gaming,0.3333333333333333
5167057,Team Spirit,0.6666666666666666
5167057,paiN Gaming,0.6666666666666666
5267063,Ninjas in Pyjamas,0.3333333333333333
5267063,SAW,0.3333333333333333
5267064,BetBoom Team,1.0
5267064,Heroic,0.3333333333333333
5267223,Astralis,0.0
5267223,MIBR,0.0
5267224,B8 Esports,0.3333333333333333
5267224,Team 3DMAX,0.6666666666666666
5267225,FlyQuest,0.3333333333333333
5267225,Fnatic,0.0
5267226,Aurora Gaming,0.3333333333333333
5267226,Team Liquid,0.6666666666666666
5295965,B8 Esports,0.6666666666666666
5295965,paiN Gaming,0.6666666666666666
5295966,Fnatic,0.0
5295966,MIBR,0.0
5295967,Aurora Gaming,0.6666666666666666
5295967,Heroic,0.6666666666666666
5295968,Gentle Mates,0.0
5295968,Ninjas in Pyjamas,0.0
5295969,FlyQuest,0.3333333333333333
5295969,Team 3DMAX,0.3333333333333333
5295970,Astralis,0.3333333333333333
5295970,Legacy,0.6666666666666666
5295971,BetBoom Team,0.6666666666666666
5295971,Team Liquid,0.6666666666666666
5295972,GamerLegion,0.3333333333333333
5295972,SAW,0.3333333333333333
5297025,TYLOO,0.0
5297025,Team Vitality,0.6666666666666666
5297026,FURIA Esports,1.0
5297026,paiN Gaming,0.3333333333333333
5297027,Team Falcons,0.6666666666666666
5297027,Team Spirit,0.3333333333333333
5297028,Passion UA,0.3333333333333333
5297028,The Mongolz,0.6666666666666666
5321153,Fnatic,0.3333333333333333
5321153,GamerLegion,0.3333333333333333
5321154,B8 Esports,0.6666666666666666
5321154,Legacy,0.6666666666666666
5321155,BetBoom Team,0.3333333333333333
5321155,Gentle Mates,0.3333333333333333
5321156,FlyQuest,0.6666666666666666
5321156,Team Liquid,0.6666666666666666
5321157,Astralis,0.3333333333333333
5321157,Team 3DMAX,0.3333333333333333
5321158,Aurora Gaming,0.6666666666666666
5321158,SAW,0.6666666666666666
5341924,Astralis,0.6666666666666666
5341924,Aurora Gaming,0.3333333333333333
5341925,FlyQuest,0.6666666666666666
5341925,Legacy,0.6666666666666666
5341926,GamerLegion,0.3333333333333333
5341926,Gentle Mates,0.6666666666666666
5344670,Nemiga Gaming,0.0
5344670,Nexus Gaming,0.3333333333333333
5344790,AMKAL Esports,0.6666666666666666
5344790,Oramond,0.3333333333333333
5359644,Mousquetaires,0.6666666666666666
5359644,Wicked Gaming,0.0
5361524,Legacy,0.6666666666666666
5361524,paiN Gaming,1.0
5361525,SAW,1.0
5361525,Team Liquid,0.6666666666666666
5361526,Aurora Gaming,0.3333333333333333
5361526,B8 Esports,0.6666666666666666
5361527,GamerLegion,0.6666666666666666
5361527,Heroic,1.0
5379732,Legacy,0.6666666666666666
5379732,SAW,1.0
5382945,Aurora Gaming,1.0
5382945,Legacy,1.0
5382946,GamerLegion,0.6666666666666666
5382946,SAW,0.6666666666666666
5423465,Lynn Vision Gaming,0.3333333333333333
5423465,Team 3DMAX,0.0
5423466,FURIA Esports,1.0
5423466,G2 Esports,0.3333333333333333
5424395,FaZe Clan,0.3333333333333333
5424395,Virtus.pro,0.3333333333333333
5424396,MOUZ,0.6666666666666666
5424396,Team Vitality,1.0
5427388,TYLOO,0.0
5427388,paiN Gaming,0.3333333333333333
5427389,Team Falcons,0.6666666666666666
5427389,Team Spirit,0.6666666666666666
5428253,Heroic,0.3333333333333333
5428253,Natus Vincere,0.3333333333333333
5428254,Astralis,0.6666666666666666
5428254,The Mongolz,0.6666666666666666
5439104,G2 Esports,0.3333333333333333
5439104,Virtus.pro,0.3333333333333333
5440005,Lynn Vision Gaming,0.3333333333333333
5440005,Team Vitality,0.6666666666666666
5440006,FURIA Esports,1.0
5440006,MOUZ,1.0
5442305,The Mongolz,0.6666666666666666
5442305,paiN Gaming,0.3333333333333333
5442306,Heroic,0.3333333333333333
5442306,Team Spirit,0.3333333333333333
5442307,Astralis,0.6666666666666666
5442307,Team Falcons,0.6666666666666666
5452092,G2 Esports,0.6666666666666666
5452092,Team Vitality,0.6666666666666666
5454241,Team Spirit,0.6666666666666666
5454241,The Mongolz,0.6666666666666666
5457835,FURIA Esports,0.6666666666666666
5457835,The Mongolz,0.6666666666666666
5457836,Astralis,0.6666666666666666
5457836,Team Vitality,0.6666666666666666
5461973,Monte,0.3333333333333333
5461973,Nuclear TigeRES,1.0
5462194,Imperial Esports,0.3333333333333333
5462194,Rare Atom,0.0
5462195,Fluxo,0.0
5462195,GamerLegion,0.3333333333333333
5462196,NRG Esports,0.0
5462196,Ninjas in Pyjamas,0.0
5462197,B8 Esports,0.3333333333333333
5462197,M80,0.3333333333333333
5462198,PARIVISION,1.0
5462198,The Huns Esports,0.0
5462199,FaZe Clan,0.0
5462199,Lynn Vision Gaming,0.3333333333333333
5462200,Fnatic,0.3333333333333333
5462200,RED Canids,0.0
5462201,FlyQuest,0.3333333333333333
5462201,Legacy,0.6666666666666666
5496051,MOUZ,1.0
5496051,Team Vitality,1.0
5498371,FURIA Esports,0.6666666666666666
5498371,Team Falcons,1.0
5502736,BCGame,0.6666666666666666
5502736,Sashi Esport,0.6666666666666666
5513453,MOUZ,0.6666666666666666
5513453,Team Falcons,0.6666666666666666
5513454,FURIA Esports,0.6666666666666666
5513454,Team Vitality,1.0
5560860,Passion UA,0.3333333333333333
5560860,Team Falcons,0.6666666666666666
5560861,Team Spirit,0.3333333333333333
5560861,The Mongolz,0.3333333333333333
5563915,FURIA Esports,1.0
5563915,Team Vitality,0.6666666666666666
5563916,TYLOO,0.0
5563916,paiN Gaming,0.3333333333333333
5572641,Passion UA,0.3333333333333333
5572641,paiN Gaming,0.3333333333333333
5574452,Team Spirit,0.3333333333333333
5574452,Team Vitality,0.3333333333333333
5583021,FURIA Esports,1.0
5583021,paiN Gaming,0.6666666666666666
5585218,Team Falcons,1.0
5585218,Team Vitality,0.6666666666666666
5594624,FURIA Esports,1.0
5594624,Team Falcons,1.0
5606394,Copenhagen Wolves,0.6666666666666666
5606394,Nuclear TigeRES,0.6666666666666666
5614391,BCGame,0.3333333333333333
5614391,PARIVISION,1.0
5618633,BCGame,0.0
5618633,FORZE Reload,0.3333333333333333
5633204,BCGame,0.0
5633204,K27,1.0
5642568,BCGame,0.3333333333333333
5642568,RUBY,0.6666666666666666
5661858,1win Team,0.6666666666666666
5661858,RUBY,0.6666666666666666
5662794,FAVBET Team,0.6666666666666666
5662794,Oramond,0.6666666666666666
5677078,Lynn Vision Gaming,0.3333333333333333
5677078,Ninjas in Pyjamas,0.0
5677079,FaZe Clan,0.3333333333333333
5677079,NRG Esports,0.3333333333333333
5677080,Fluxo,0.3333333333333333
5677080,Fnatic,0.6666666666666666
5677081,B8 Esports,0.3333333333333333
5677081,The Huns Esports,0.0
5677082,GamerLegion,0.0
5677082,RED Canids,0.0
5677083,M80,0.6666666666666666
5677083,PARIVISION,1.0
5677084,Legacy,0.3333333333333333
5677084,Rare Atom,0.0
5677085,FlyQuest,0.3333333333333333
5677085,Imperial Esports,0.3333333333333333
5678915,Lynn Vision Gaming,0.0
5678915,The Huns Esports,0.0
5678916,M80,0.6666666666666666
5678916,NRG Esports,0.6666666666666666
5678917,GamerLegion,0.0
5678917,Rare Atom,0.0
5678918,Fluxo,0.6666666666666666
5678918,FlyQuest,0.6666666666666666
5678919,Fnatic,0.3333333333333333
5678919,Imperial Esports,0.3333333333333333
5678920,FaZe Clan,0.3333333333333333
5678920,Ninjas in Pyjamas,0.3333333333333333
5678921,B8 Esports,0.3333333333333333
5678921,PARIVISION,0.6666666666666666
5678922,Legacy,0.3333333333333333
5678922,RED Canids,0.3333333333333333
5684936,Fluxo,0.6666666666666666
5684936,Ninjas in Pyjamas,0.6666666666666666
5684981,FaZe Clan,0.3333333333333333
5684981,RED Canids,0.3333333333333333
5684982,Fnatic,0.6666666666666666
5684982,NRG Esports,0.6666666666666666
5684983,B8 Esports,0.6666666666666666
5684983,Legacy,0.6666666666666666
5685029,GamerLegion,0.3333333333333333
5685029,PARIVISION,0.3333333333333333
5685030,Imperial Esports,0.3333333333333333
5685030,The Huns Esports,0.3333333333333333
5692350,Legacy,0.6666666666666666
5692350,PARIVISION,0.3333333333333333
5692351,Imperial Esports,0.3333333333333333
5692351,NRG Esports,0.3333333333333333
5692352,FaZe Clan,0.3333333333333333
5692352,Fluxo,0.3333333333333333
5699555,Imperial Esports,0.6666666666666666
5699555,MIBR,0.0
5699556,B8 Esports,1.0
5699556,Team Liquid,0.6666666666666666
5699557,FlyQuest,1.0
5699557,Natus Vincere,0.0
5699558,Aurora Gaming,1.0
5699558,M80,1.0
5699559,PARIVISION,0.6666666666666666
5699559,TYLOO,0.0
5699560,FaZe Clan,0.6666666666666666
5699560,Passion UA,0.3333333333333333
5709426,500,0.6666666666666666
5709426,ECSTATIC,0.3333333333333333
5711839,PARIVISION,0.6666666666666666
5711839,Team Liquid,0.3333333333333333
5711840,B8 Esports,1.0
5711840,Fnatic,1.0
5711841,MIBR,0.0
5711841,Passion UA,0.0
5711842,Aurora Gaming,1.0
5711842,FaZe Clan,1.0
5711843,Astralis,0.0
5711843,M80,0.6666666666666666
5711844,Imperial Esports,1.0
5711844,Natus Vincere,0.3333333333333333
5711845,FlyQuest,0.6666666666666666
5711845,Team 3DMAX,0.0
5711846,Ninjas in Pyjamas,1.0
5711846,TYLOO,0.3333333333333333
5713292,Astralis,0.0
5713292,FlyQuest,0.3333333333333333
5713293,B8 Esports,1.0
5713293,Natus Vincere,0.6666666666666666
5713294,MIBR,0.0
5713294,Team Liquid,0.0
5713295,FaZe Clan,1.0
5713295,Ninjas in Pyjamas,1.0
5713296,Fnatic,0.6666666666666666
5713296,Imperial Esports,0.6666666666666666
5713297,Aurora Gaming,0.6666666666666666
5713297,PARIVISION,0.6666666666666666
5713298,Passion UA,0.3333333333333333
5713298,Team 3DMAX,0.3333333333333333
5713299,M80,0.6666666666666666
5713299,TYLOO,0.3333333333333333
5717460,BIG EQUIPA,0.6666666666666666
5717460,MIBR Female,0.3333333333333333
5718842,TYLOO,0.3333333333333333
5718842,Team Liquid,0.3333333333333333
5718843,B8 Esports,0.6666666666666666
5718843,Team 3DMAX,0.6666666666666666
5718844,Astralis,0.3333333333333333
5718844,Aurora Gaming,0.3333333333333333
5718845,Imperial Esports,0.6666666666666666
5718845,M80,0.6666666666666666
5718846,Fnatic,0.3333333333333333
5718846,Passion UA,0.3333333333333333
5718847,Ninjas in Pyjamas,0.6666666666666666
5718847,PARIVISION,0.6666666666666666
5722850,500,0.0
5722850,SPARTA Esports,1.0
5724509,FORZE Reload,0.6666666666666666
5724509,Sashi Esport,0.6666666666666666
5725244,Ninjas in Pyjamas,0.3333333333333333
5725244,Team 3DMAX,0.6666666666666666
5725245,Astralis,0.6666666666666666
5725245,Team Liquid,0.6666666666666666
5725246,M80,0.6666666666666666
5725246,Passion UA,0.6666666666666666
5731269,B8 Esports,0.6666666666666666
5731269,Team Falcons,0.6666666666666666
5731270,FURIA Esports,1.0
5731270,Natus Vincere,1.0
5731271,FaZe Clan,1.0
5731271,Team Vitality,0.3333333333333333
5731273,Team Liquid,1.0
5731273,Team Spirit,0.3333333333333333
5731274,G2 Esports,0.3333333333333333
5731274,Passion UA,0.6666666666666666
5731275,Imperial Esports,0.6666666666666666
5731275,The Mongolz,0.0
5731276,MOUZ,0.3333333333333333
5731276,PARIVISION,1.0
5741637,500,0.3333333333333333
5741637,Johnny Speeds,1.0
5743098,Natus Vincere,0.6666666666666666
5743098,PARIVISION,0.6666666666666666
5743099,FURIA Esports,1.0
5743099,Imperial Esports,1.0
5743100,Team Liquid,0.6666666666666666
5743100,The Mongolz,0.0
5743101,B8 Esports,0.6666666666666666
5743101,MOUZ,0.3333333333333333
5743102,Passion UA,0.6666666666666666
5743102,Team Falcons,0.3333333333333333
5743103,FaZe Clan,1.0
5743103,Team Spirit,0.6666666666666666
5743104,Team 3DMAX,0.3333333333333333
5743104,Team Vitality,0.3333333333333333
5743105,G2 Esports,0.6666666666666666
5743105,paiN Gaming,0.6666666666666666
5744435,PARIVISION,0.3333333333333333
5744435,Team 3DMAX,0.3333333333333333
5744436,FURIA Esports,1.0
5744436,G2 Esports,0.6666666666666666
5744437,Passion UA,0.3333333333333333
5744437,Team Liquid,0.3333333333333333
5744438,MOUZ,0.6666666666666666
5744438,Team Spirit,0.6666666666666666
5751087,B8 Esports,0.3333333333333333
5751087,paiN Gaming,0.3333333333333333
5751088,Natus Vincere,0.6666666666666666
5751088,Team Vitality,0.6666666666666666
5751128,FaZe Clan,0.3333333333333333
5751128,Team 3DMAX,0.3333333333333333
5751129,G2 Esports,0.6666666666666666
5751129,The Mongolz,0.6666666666666666
5751130,Imperial Esports,0.3333333333333333
5751130,Passion UA,0.3333333333333333
5751131,MOUZ,0.6666666666666666
5751131,Team Falcons,0.6666666666666666
5757368,G2 Esports,0.3333333333333333
5757368,Team Falcons,0.6666666666666666
5757369,FaZe Clan,0.3333333333333333
5757369,Passion UA,0.6666666666666666
5757370,B8 Esports,0.3333333333333333
5757370,Natus Vincere,0.6666666666666666
5762768,Dynamo Eclot,0.6666666666666666
5762768,Sangal Esports,0.3333333333333333
5763118,FaZe Clan,0.6666666666666666
5763118,MOUZ,0.6666666666666666
5763119,FURIA Esports,1.0
5763119,Natus Vincere,0.6666666666666666
5763120,Team Vitality,1.0
5763120,The Mongolz,1.0
5763121,Team Falcons,0.6666666666666666
5763121,Team Spirit,1.0
5771030,ALLINNERS,0.3333333333333333
5771030,Oxuji Esports,0.5
5771598,Oxuji Esports,0.6666666666666666
5771598,QWENTRY,0.6666666666666666
5777137,BIG,0.6666666666666666
5777137,Sangal Esports,0.6666666666666666
5783570,Team Spirit,1.0
5783570,Team Vitality,1.0
5790721,FaZe Clan,1.0
5790721,Natus Vincere,0.6666666666666666
5796076,9INE,0.6666666666666666
5796076,BIG,0.6666666666666666
5796473,FaZe Clan,1.0
5796473,Team Vitality,1.0
5842295,DEPO,0.5
5842295,OMEGA,0.5
5842335,Altay Esports,0.5
5842335,HOTU,0.0
5842337,BetBoom Team,0.3333333333333333
5842337,WINNERS,0.5
5849508,ALLINNERS,0.3333333333333333
5849508,Novaq,0.0
5898417,DEPO,0.0
5898417,WINNERS,0.0
5898418,BetBoom Team,0.6666666666666666
5898418,OMEGA,1.0
5899425,ALLINNERS,0.0
5899425,Altay Esports,0.0
5899426,HOTU,0.3333333333333333
5899426,Novaq,0.3333333333333333
5900141,ALLINNERS,0.3333333333333333
5900141,OMEGA,0.5
5900902,BetBoom Team,0.6666666666666666
5900902,HOTU,0.6666666666666666
5900903,DEPO,0.5
5900903,Novaq,0.3333333333333333
5901567,ALLINNERS,0.6666666666666666
5901567,DEPO,0.6666666666666666
5903743,9INE,0.6666666666666666
5903743,Wildcard Gaming,0.0
5903744,M80,0.3333333333333333
5903744,Marsborne,0.3333333333333333
5903745,NRG Esports,0.0
5903745,Team Voca,0.5
5903746,GamerLegion,0.3333333333333333
5903746,Team Venom,0.0
5904850,DEPO,1.0
5904850,HOTU,0.6666666666666666
5905288,BetBoom Team,1.0
5905288,HOTU,0.6666666666666666
5905770,9INE,0.6666666666666666
5905770,M80,0.3333333333333333
5905771,GamerLegion,0.6666666666666666
5905771,NRG Esports,0.3333333333333333
5906878,ALGO Esports,0.3333333333333333
5906878,MOUZ NXT,0.6666666666666666
5925478,FUT Esports,1.0
5925478,OG,0.0
5925541,9INE,0.6666666666666666
5925541,FURIA Esports,0.6666666666666666
5925542,BetBoom Team,1.0
5925542,paiN Gaming,0.0
5925543,Sinners Esports,0.3333333333333333
5925543,Team Spirit,0.6666666666666666
5925544,ECSTATIC,0.3333333333333333
5925544,Team Falcons,0.3333333333333333
5925545,Ninjas in Pyjamas,0.0
5925545,Team Liquid,0.0
5925546,Inner Circle,0.3333333333333333
5925546,Team 3DMAX,0.3333333333333333
5925547,Gentle Mates,0.6666666666666666
5925547,M80,1.0
5925548,ENCE,0.3333333333333333
5925548,PARIVISION,0.0
5925549,Team Vitality,1.0
5925549,Virtus.pro,0.3333333333333333
5925550,Monte,0.0
5925550,Natus Vincere,0.6666666666666666
5925552,GamerLegion,0.6666666666666666
5925552,Passion UA,0.6666666666666666
5925553,Aurora Gaming,0.0
5925553,HOTU,0.3333333333333333
5925554,Astralis,0.6666666666666666
5925554,Fnatic,0.0
5925555,EYEBALLERS,1.0
5925555,FaZe Clan,0.6666666666666666
5946902,M80,1.0
5946902,NRG Esports,1.0
5957749,Friendly Campers,0.0
5957749,Heroic,0.6666666666666666
6019352,Eruption,0.3333333333333333
6019352,FengDa Gaming,0.5
6019782,FURIA Esports,0.6666666666666666
6019782,FUT Esports,1.0
6019783,EYEBALLERS,1.0
6019783,Team Vitality,1.0
6019784,Inner Circle,0.6666666666666666
6019784,Team Spirit,0.6666666666666666
6019785,Astralis,0.6666666666666666
6019785,PARIVISION,0.3333333333333333
6019786,Monte,0.3333333333333333
6019786,Team Falcons,0.6666666666666666
6019787,Aurora Gaming,0.3333333333333333
6019787,GamerLegion,0.6666666666666666
6019788,Gentle Mates,0.6666666666666666
6019788,Team Liquid,0.3333333333333333
6019789,Heroic,0.6666666666666666
6019789,paiN Gaming,0.3333333333333333
6020630,BASEMENT BOYS,0.0
6020630,Rebels Gaming,0.3333333333333333
6021205,Nuclear TigeRES,0.3333333333333333
6021205,Virtus.pro,0.3333333333333333
6029637,Ninjas in Pyjamas,0.0
6029637,Team Liquid,0.6666666666666666
6029638,Heroic,0.6666666666666666
6029638,PARIVISION,1.0
6029639,Aurora Gaming,0.3333333333333333
6029639,GamerLegion,0.3333333333333333
6029740,B8 Esports,0.3333333333333333
6029740,NRG Esports,0.6666666666666666
6029741,Astralis,0.3333333333333333
6029741,paiN Gaming,0.3333333333333333
6029742,FUT Esports,0.3333333333333333
6029742,Team 3DMAX,0.3333333333333333
6029743,BCGame,0.0
6029743,Legacy,0.3333333333333333
6029744,G2 Esports,0.0
6029744,Passion UA,0.3333333333333333
6055724,Eruption,0.6666666666666666
6055724,Lynn Vision Gaming,0.3333333333333333
6055818,Chinggis Warriors,0.6666666666666666
6055818,FlyQuest,0.3333333333333333
6059495,HOTU,0.3333333333333333
6059495,Sangal Esports,0.6666666666666666
6059496,BIG Academy,0.6666666666666666
6059496,FUT Esports,0.6666666666666666
6059497,9INE,0.3333333333333333
6059497,K27,1.0
6059579,BCGame,0.0
6059579,Ursa,0.3333333333333333
6059580,Fnatic,0.0
6059580,KOLESIE,0.5
6059581,EYEBALLERS,0.6666666666666666
6059581,Team Nemesis,0.6666666666666666
6059582,BetBoom Team,0.6666666666666666
6059582,GenOne,0.0
6059583,Gentle Mates,0.3333333333333333
6059583,Nuclear TigeRES,0.6666666666666666
6085805,Nuclear TigeRES,0.3333333333333333
6085805,Sangal Esports,0.3333333333333333
6085809,Gentle Mates,0.6666666666666666
6085809,HOTU,0.3333333333333333
6086242,FUT Esports,0.3333333333333333
6086242,K27,0.6666666666666666
6086243,9INE,0.3333333333333333
6086243,BIG Academy,1.0
6087636,BCGame,0.0
6087636,Team Nemesis,0.3333333333333333
6087637,EYEBALLERS,0.6666666666666666
6087637,Ursa,0.6666666666666666
6088851,Fnatic,0.0
6088851,GenOne,0.0
6088852,BetBoom Team,0.6666666666666666
6088852,KOLESIE,0.6666666666666666
6089300,PARIVISION,0.6666666666666666
6089300,Team Spirit,0.6666666666666666
6089301,GamerLegion,1.0
6089301,Team Vitality,1.0
6089302,FURIA Esports,0.6666666666666666
6089302,Heroic,0.6666666666666666
6089303,Team Falcons,0.6666666666666666
6089303,Team Liquid,0.6666666666666666
6089722,FAVBET Team,0.6666666666666666
6089722,Sangal Esports,0.3333333333333333
6091114,KOLESIE,0.3333333333333333
6091114,Nuclear TigeRES,0.6666666666666666
6091290,BetBoom Team,0.6666666666666666
6091290,Ursa,0.6666666666666666
6091292,EYEBALLERS,0.3333333333333333
6091292,FUT Esports,0.3333333333333333
6091819,9INE,0.6666666666666666
6091819,HOTU,0.6666666666666666
6091998,GenOne,0.6666666666666666
6091998,Gentle Mates,0.3333333333333333
6093749,BIG Academy,0.6666666666666666
6093749,Team Nemesis,0.3333333333333333
6100425,EYEBALLERS,0.6666666666666666
6100425,Nuclear TigeRES,0.6666666666666666
6100982,Gentle Mates,0.6666666666666666
6100982,Team Nemesis,0.6666666666666666
6101791,BetBoom Team,1.0
6101791,HOTU,1.0
6102259,9INE,0.6666666666666666
6102259,Nuclear TigeRES,1.0
6102336,Gentle Mates,0.6666666666666666
6102336,Ursa,0.6666666666666666
6102910,Team Falcons,1.0
6102910,Team Vitality,1.0
6112719,JiJieHao,0.6666666666666666
6112719,Lynn Vision Gaming,0.6666666666666666
6113540,BetBoom Team,0.6666666666666666
6113540,Gentle Mates,1.0
6113972,FURIA Esports,1.0
6113972,PARIVISION,1.0
6114038,GenOne,0.6666666666666666
6114038,Team Nemesis,0.3333333333333333
6120648,ALLINNERS,0.0
6120648,OMEGA,0.3333333333333333
6120649,Altay Esports,0.0
6120649,HOTU,1.0
6120700,BetBoom Team,0.3333333333333333
6120700,GOOD GAME SPOT,0.5
6120701,Novaq,0.3333333333333333
6120701,mix52,0.5
6121896,PARIVISION,1.0
6121896,Team Falcons,1.0
6139933,Nemiga Gaming,1.0
6139933,Virtus.pro,0.0
6139983,Eternal Fire,0.3333333333333333
6139983,GenOne,0.3333333333333333
6146355,KOLESIE,1.0
6146355,ex-RUBY,0.3333333333333333
6148224,BetBoom Team,0.6666666666666666
6148224,HOTU,1.0
6153365,ALLINNERS,1.0
6153365,HOTU,0.6666666666666666
6153846,Aurora Gaming,0.6666666666666666
6153846,PARIVISION,1.0
6153847,GamerLegion,0.0
6153847,Heroic,0.3333333333333333
6154302,BetBoom Team,1.0
6154302,HOTU,0.6666666666666666
6155009,Nemiga Gaming,0.6666666666666666
6155009,Oxuji Esports,0.6666666666666666
6155011,ARCRED,0.3333333333333333
6155011,WW Team,0.3333333333333333
6155012,Rustec,0.6666666666666666
6155012,Virtus.pro,0.0
6155013,FORZE Reload,0.6666666666666666
6155013,WHITEBIRD,0.5
6155014,K27,0.3333333333333333
6155014,watermelons,0.5
6155132,Astralis,0.6666666666666666
6155132,NRG Esports,0.6666666666666666
6155134,B8 Esports,0.3333333333333333
6155134,paiN Gaming,0.3333333333333333
6156556,BCGame,0.3333333333333333
6156556,Team 3DMAX,0.3333333333333333
6156559,FUT Esports,0.3333333333333333
6156559,Legacy,0.0
6157398,G2 Esports,0.3333333333333333
6157398,Team Liquid,0.6666666666666666
6157399,Ninjas in Pyjamas,0.0
6157399,Passion UA,0.0
6164918,Aurora Gaming,0.3333333333333333
6164918,paiN Gaming,0.3333333333333333
6165008,1win Team,0.6666666666666666
6165008,Sinners Esports,0.6666666666666666
6166073,BCGame,0.3333333333333333
6166073,Ninjas in Pyjamas,0.3333333333333333
6176200,MOUZ,0.3333333333333333
6176200,NRG Esports,0.6666666666666666
6176201,FaZe Clan,0.3333333333333333
6176201,Team 3DMAX,0.6666666666666666
6176202,Natus Vincere,0.3333333333333333
6176202,PARIVISION,1.0
6176203,G2 Esports,0.6666666666666666
6176203,The Mongolz,0.6666666666666666
6176380,Aurora Gaming,0.6666666666666666
6176380,Team Falcons,0.6666666666666666
6176382,BCGame,0.6666666666666666
6176382,Team Vitality,0.6666666666666666
6176383,Astralis,0.6666666666666666
6176383,Team Spirit,0.6666666666666666
6176385,FURIA Esports,0.6666666666666666
6176385,FUT Esports,0.6666666666666666
6183720,K27,0.3333333333333333
6183720,WHITEBIRD,1.0
6184074,Virtus.pro,0.0
6184074,WW Team,0.0
6185230,FURIA Esports,0.3333333333333333
6185230,The Mongolz,0.3333333333333333
6185231,FUT Esports,1.0
6185231,G2 Esports,1.0
6185835,Astralis,0.3333333333333333
6185835,PARIVISION,0.6666666666666666
6185837,Natus Vincere,0.3333333333333333
6185837,Team Spirit,0.6666666666666666
6186573,BCGame,0.3333333333333333
6186573,FaZe Clan,0.0
6186574,Team 3DMAX,1.0
6186574,Team Vitality,0.6666666666666666
6188588,AM Gaming,0.3333333333333333
6188588,Sashi Esport,0.3333333333333333
6193806,NRG Esports,0.6666666666666666
6193806,Team Falcons,0.3333333333333333
6193807,Aurora Gaming,0.6666666666666666
6193807,MOUZ,0.6666666666666666
6196157,G2 Esports,1.0
6196157,Team Spirit,0.6666666666666666
6196158,FURIA Esports,0.3333333333333333
6196158,Natus Vincere,0.3333333333333333
6196374,Astralis,0.6666666666666666
6196374,FUT Esports,0.6666666666666666
6203393,FAVBET Team,1.0
6203393,Oramond,0.6666666666666666
6203394,ex-RUBY,0.6666666666666666
6203394,magic,0.6666666666666666
6204833,Aurora Gaming,1.0
6204833,Team Vitality,0.6666666666666666
6206315,FaZe Clan,0.3333333333333333
6206315,MOUZ,0.3333333333333333
6206465,Team 3DMAX,0.6666666666666666
6206465,Team Falcons,0.3333333333333333
6207684,Astralis,0.6666666666666666
6207684,FURIA Esports,0.6666666666666666
6207740,ARCRED,1.0
6207740,Nemiga Gaming,0.6666666666666666
6215558,MOUZ,0.6666666666666666
6215558,Team Falcons,0.6666666666666666
6216021,ARCRED,0.6666666666666666
6216021,K27,0.6666666666666666
6218295,G2 Esports,0.6666666666666666
6218295,MOUZ,0.6666666666666666
6218296,Aurora Gaming,0.6666666666666666
6218296,FURIA Esports,1.0
6229102,Nuclear TigeRES,0.3333333333333333
6229102,illwill,1.0
6239440,Alliance,0.6666666666666666
6239440,BCGame,0.3333333333333333
6239442,Gentle Mates,1.0
6239442,Ninjas in Pyjamas,0.3333333333333333
6242502,The Mongolz,0.0
6242502,paiN Gaming,0.3333333333333333
6242503,B8 Esports,0.0
6242503,FURIA Esports,0.6666666666666666
6242504,Team 3DMAX,0.0
6242504,Team Falcons,0.6666666666666666
6242505,G2 Esports,0.3333333333333333
6242505,Team Vitality,1.0
6242506,FaZe Clan,0.3333333333333333
6242506,Heroic,0.0
6242507,MOUZ,0.3333333333333333
6242507,PARIVISION,0.3333333333333333
6242508,Aurora Gaming,0.3333333333333333
6242508,FUT Esports,0.3333333333333333
6242509,Astralis,0.6666666666666666
6242509,Natus Vincere,0.3333333333333333
6246318,HOTU,0.3333333333333333
6246318,ROCEAN Lords,0.5
6246926,FURIA Esports,1.0
6246926,Team Spirit,1.0
6247002,BetBoom Team,1.0
6247002,Magic,1.0
6248502,MOUZ,1.0
6248502,Team Vitality,1.0
6249014,BCGame,0.3333333333333333
6249014,GamerLegion,0.6666666666666666
6255972,GamerLegion,0.6666666666666666
6255972,Ninjas in Pyjamas,0.6666666666666666
6258175,FURIA Esports,1.0
6258175,Team Vitality,1.0
6258176,MOUZ,0.6666666666666666
6258176,Team Spirit,0.6666666666666666
6279559,BET-M 33,0.6666666666666666
6279559,EYEBALLERS,0.3333333333333333
6279560,Inner Circle,0.3333333333333333
6279560,Tricked Esport,0.3333333333333333
6279561,K27,1.0
6279561,Team Nemesis,0.3333333333333333
6279562,Fnatic,0.0
6279562,OG,0.6666666666666666
6279563,Nuclear TigeRES,0.6666666666666666
6279563,Sinners Esports,0.3333333333333333
6279564,Alliance,0.3333333333333333
6279564,Johnny Speeds,0.6666666666666666
6279565,CYBERSHOKE Esports,0.6666666666666666
6279565,ENCE,0.3333333333333333
6279566,BASEMENT BOYS,0.6666666666666666
6279566,BetBoom Team,0.6666666666666666
6291417,BetBoom Team,0.6666666666666666
6291417,ENCE,0.3333333333333333
6293010,OG,0.6666666666666666
6293010,Team Nemesis,0.0
6293011,Fnatic,0.3333333333333333
6293011,K27,1.0
6294993,Johnny Speeds,0.3333333333333333
6294993,K27,0.6666666666666666
6294994,ENCE,0.3333333333333333
6294994,EYEBALLERS,0.3333333333333333
6294995,BetBoom Team,0.6666666666666666
6294995,Sinners Esports,0.6666666666666666
6296716,CYBERSHOKE Esports,0.3333333333333333
6296716,Inner Circle,0.3333333333333333
6297396,Alliance,0.3333333333333333
6297396,OG,0.6666666666666666
6307958,BET-M 33,1.0
6307958,BetBoom Team,1.0
6320013,Misa Esports,1.0
6320013,magic,0.3333333333333333
6333590,FC Famalicão Esports,0.0
6333590,Gentle Mates,1.0
6333764,100 Thieves,0.5
6333764,Ninjas in Pyjamas,1.0
6333765,Fnatic,0.3333333333333333
6333765,Oramond,0.6666666666666666
6333766,BetBoom Team,1.0
6333766,SAW,0.6666666666666666
6333767,Passion UA,0.0
6333767,Rebels Gaming,0.3333333333333333
6347628,Gentle Mates,1.0
6347628,HOTU,1.0
6349582,Astralis,0.3333333333333333
6349582,Team 3DMAX,0.0
6349583,MOUZ,0.3333333333333333
6349583,Natus Vincere,0.3333333333333333
6349669,B8 Esports,0.0
6349669,Heroic,0.0
6349670,Team Vitality,1.0
6349670,The Mongolz,0.3333333333333333
6349671,Aurora Gaming,0.0
6349671,paiN Gaming,0.3333333333333333
6349672,FURIA Esports,0.6666666666666666
6349672,FUT Esports,0.3333333333333333
6349673,G2 Esports,0.0
6349673,PARIVISION,0.0
6349674,FaZe Clan,0.6666666666666666
6349674,Team Falcons,0.6666666666666666
6359492,Nuclear TigeRES,0.6666666666666666
6359492,Oxuji Esports,1.0
6363774,G2 Esports,0.0
6363774,paiN Gaming,0.0
6363775,FURIA Esports,0.6666666666666666
6363775,Team Falcons,0.6666666666666666
6363776,Heroic,0.0
6363776,Team 3DMAX,0.0
6363777,MOUZ,0.6666666666666666
6363777,Team Vitality,1.0
6363778,B8 Esports,0.3333333333333333
6363778,The Mongolz,0.3333333333333333
6363779,Astralis,0.3333333333333333
6363779,FUT Esports,0.3333333333333333
6363780,Aurora Gaming,0.3333333333333333
6363780,Natus Vincere,0.3333333333333333
6363781,FaZe Clan,0.3333333333333333
6363781,PARIVISION,0.3333333333333333
6379239,G2 Esports,0.3333333333333333
6379239,Heroic,0.3333333333333333
6379240,FURIA Esports,0.6666666666666666
6379240,PARIVISION,0.6666666666666666
6379241,Aurora Gaming,0.3333333333333333
6379241,B8 Esports,0.3333333333333333
6379242,Natus Vincere,0.6666666666666666
6379242,The Mongolz,0.6666666666666666
6379243,Astralis,0.3333333333333333
6379243,FaZe Clan,0.3333333333333333
6379244,FUT Esports,0.6666666666666666
6379244,MOUZ,0.6666666666666666
6379909,Lazer Cats,0.6666666666666666
6379909,Sinners Esports,0.6666666666666666
6379910,AM Gaming,0.3333333333333333
6379910,Acend,1.0
6401000,G2 Esports,0.6666666666666666
6401000,Natus Vincere,0.3333333333333333
6401001,FUT Esports,0.3333333333333333
6401001,PARIVISION,0.6666666666666666
6401002,Astralis,0.6666666666666666
6401002,Aurora Gaming,0.6666666666666666
6416388,Sashi Esport,0.6666666666666666
6416388,illwill,1.0
6416389,BCGame,0.3333333333333333
6416389,BOSS,0.0
6416391,GamerLegion,0.6666666666666666
6416391,Minlate,0.3333333333333333
6416392,MASONIC,0.6666666666666666
6416392,Sashi Esport,0.6666666666666666
6416393,9INE,0.3333333333333333
6416393,illwill,1.0
6416395,Phantom Esports,0.6666666666666666
6416395,Sinners Esports,1.0
6416396,BOSS,0.0
6416396,MASONIC,0.3333333333333333
6416397,BCGame,0.6666666666666666
6416397,illwill,0.6666666666666666
6416398,Avanti Esport,0.0
6416398,Minlate,0.0
6416399,GamerLegion,0.6666666666666666
6416399,Phantom Esports,0.6666666666666666
6416400,9INE,0.3333333333333333
6416400,Sashi Esport,0.6666666666666666
6416401,ECSTATIC,0.3333333333333333
6416401,Sinners Esports,1.0
6416402,BCGame,0.6666666666666666
6416402,Sashi Esport,0.3333333333333333
6416403,BOSS,0.0
6416403,illwill,0.3333333333333333
6416404,ECSTATIC,0.6666666666666666
6416404,GamerLegion,0.3333333333333333
6416405,Minlate,0.0
6416405,Phantom Esports,0.6666666666666666
6416406,9INE,0.3333333333333333
6416406,BCGame,0.6666666666666666
6416407,MASONIC,0.3333333333333333
6416407,illwill,0.3333333333333333
6416408,GamerLegion,0.6666666666666666
6416408,Sinners Esports,0.6666666666666666
6416409,Avanti Esport,0.0
6416409,Phantom Esports,0.6666666666666666
6416410,BOSS,0.0
6416410,Sashi Esport,0.3333333333333333
6416411,9INE,0.6666666666666666
6416411,MASONIC,0.0
6416413,Avanti Esport,0.0
6416413,Sinners Esports,0.6666666666666666
6416415,BCGame,0.3333333333333333
6416415,MASONIC,0.3333333333333333
6423316,FURIA Esports,0.6666666666666666
6423316,The Mongolz,0.6666666666666666
6423317,Aurora Gaming,0.6666666666666666
6423317,Team Vitality,1.0
6423318,MOUZ,0.6666666666666666
6423318,Natus Vincere,0.6666666666666666
6423319,PARIVISION,0.6666666666666666
6423319,Team Falcons,1.0
6439895,BetBoom Team,0.6666666666666666
6439895,FOKUS,0.5
6442356,Betclic,0.3333333333333333
6442356,FC Famalicão Esports,0.0
6442357,EYEBALLERS,0.6666666666666666
6442357,Gentle Mates,1.0
6452396,HOTU,0.6666666666666666
6452396,Rebels Gaming,0.6666666666666666
6470202,BetBoom Team,1.0
6470202,Fnatic,0.6666666666666666
6472367,Fnatic,0.3333333333333333
6472367,SAW,0.3333333333333333
6474130,MOUZ,0.6666666666666666
6474130,PARIVISION,0.6666666666666666
6480560,Team Vitality,1.0
6480560,The Mongolz,1.0
6481394,WHITEBIRD,0.6666666666666666
6481394,los kogutos,0.3333333333333333
6486600,Betclic,0.6666666666666666
6486600,HOTU,0.6666666666666666
6495923,9z Team,0.3333333333333333
6495923,Team Vitality,1.0
6495924,MOUZ,0.6666666666666666
6495924,The Mongolz,0.3333333333333333
6495925,Team Liquid,0.3333333333333333
6495925,Team Spirit,0.6666666666666666
6495926,Ninjas in Pyjamas,1.0
6495926,PARIVISION,0.0
6495927,FURIA Esports,0.6666666666666666
6495927,TYLOO,0.0
6495928,Aurora Gaming,0.6666666666666666
6495928,FaZe Clan,0.3333333333333333
6495929,B8 Esports,0.0
6495929,Natus Vincere,1.0
6495930,NRG Esports,0.0
6495930,Team Falcons,0.6666666666666666
6499796,BetBoom Team,1.0
6499796,Gentle Mates,1.0
6501758,PARIVISION,1.0
6501758,Team Vitality,1.0
6501759,MOUZ,0.6666666666666666
6501759,The Mongolz,0.6666666666666666
6502877,Fnatic,0.6666666666666666
6502877,HOTU,1.0
6519978,Gentle Mates,1.0
6519978,HOTU,1.0
6519979,BetBoom Team,0.6666666666666666
6519979,Fnatic,0.6666666666666666
6527261,BCGame,0.3333333333333333
6527261,ECSTATIC,0.6666666666666666
6533779,BCGame,0.3333333333333333
6533779,MASONIC,0.3333333333333333
6535944,BCGame,0.6666666666666666
6535944,illwill,0.6666666666666666
6546396,Team Nemesis,0.3333333333333333
6546396,WW Team,1.0
6546400,Oramond,0.3333333333333333
6546400,QWENTRY,1.0
6583116,K27,0.6666666666666666
6583116,MOUZ NXT,0.6666666666666666
6583936,Heroic,0.3333333333333333
6583936,NRG Esports,0.3333333333333333
6583937,Legacy,0.0
6583937,Ninjas in Pyjamas,0.3333333333333333
6583938,Team 3DMAX,0.0
6583938,paiN Gaming,0.0
6583939,Passion UA,0.6666666666666666
6583939,Team Liquid,0.3333333333333333
6583940,Astralis,0.3333333333333333
6583940,Monte,0.6666666666666666
6583941,FUT Esports,0.3333333333333333
6583941,M80,0.6666666666666666
6583942,G2 Esports,0.6666666666666666
6583942,Gaimin Gladiators,0.3333333333333333
6583943,PARIVISION,0.6666666666666666
6583943,SemperFi,0.3333333333333333
6588077,Sinners Esports,0.3333333333333333
6588077,WW Team,1.0
6619635,TDK,1.0
6619635,WHITEBIRD,1.0
6620892,9INE,0.3333333333333333
6620892,BetBoom Team,0.6666666666666666
6644437,FOKUS,1.0
6644437,Inner Circle,1.0
6650153,Gaimin Gladiators,0.3333333333333333
6650153,Team Liquid,0.0
6650154,G2 Esports,0.6666666666666666
6650154,Legacy,0.3333333333333333
6650155,FUT Esports,0.3333333333333333
6650155,Passion UA,0.6666666666666666
6650156,M80,0.3333333333333333
6650156,Ninjas in Pyjamas,0.0
6650157,PARIVISION,0.6666666666666666
6650157,paiN Gaming,0.3333333333333333
6650158,SemperFi,0.3333333333333333
6650158,Team 3DMAX,0.0
6650159,Astralis,0.6666666666666666
6650159,Heroic,0.6666666666666666
6650160,Monte,0.3333333333333333
6650160,NRG Esports,0.0
6660678,CYBERSHOKE Esports,0.6666666666666666
6660678,ECSTATIC,0.6666666666666666
6662744,NRG Esports,0.0
6662744,Ninjas in Pyjamas,0.0
6662745,G2 Esports,0.3333333333333333
6662745,M80,0.3333333333333333
6662747,Gaimin Gladiators,0.3333333333333333
6662747,Team 3DMAX,0.3333333333333333
6662748,SemperFi,0.0
6662748,Team Liquid,0.0
6662749,Legacy,0.6666666666666666
6662749,PARIVISION,0.6666666666666666
6662750,Heroic,0.3333333333333333
6662750,Monte,0.3333333333333333
6662751,Astralis,0.6666666666666666
6662751,FUT Esports,0.6666666666666666
6673873,5Actors,0.0
6673873,Younglings,0.0
6673874,Nuclear TigeRES,0.6666666666666666
6673874,WHITEBIRD,0.6666666666666666
6676562,WW Team,0.3333333333333333
6676562,premghouls,0.5
6681033,M80,0.3333333333333333
6681033,Team Liquid,0.3333333333333333
6681034,G2 Esports,0.6666666666666666
6681034,paiN Gaming,0.6666666666666666
6681035,Heroic,0.3333333333333333
6681035,Passion UA,0.3333333333333333
6681036,Gaimin Gladiators,0.3333333333333333
6681036,Ninjas in Pyjamas,0.3333333333333333
6681037,Monte,0.6666666666666666
6681037,PARIVISION,0.6666666666666666
6681038,Astralis,0.6666666666666666
6681038,Team 3DMAX,0.6666666666666666
6692815,AM Gaming,0.6666666666666666
6692815,BIG,0.6666666666666666
6697557,VP.Prodigy,0.6666666666666666
6697557,WHITEBIRD,0.6666666666666666
6697558,TDK,0.6666666666666666
6697558,WW Team,0.6666666666666666
6699406,Team 3DMAX,0.6666666666666666
6699406,Team Liquid,0.6666666666666666
6699407,G2 Esports,0.3333333333333333
6699407,Ninjas in Pyjamas,0.6666666666666666
6699408,Heroic,0.3333333333333333
6699408,PARIVISION,0.3333333333333333
6717669,BIG,1.0
6717669,ECSTATIC,1.0
6718686,Nemiga Gaming,0.6666666666666666
6718686,Nuclear TigeRES,0.6666666666666666
6718687,1win Team,0.6666666666666666
6718687,ARCRED,0.6666666666666666
6723211,Heroic,0.6666666666666666
6723211,MOUZ,0.6666666666666666
6723212,B8 Esports,0.3333333333333333
6723212,FURIA Esports,0.3333333333333333
6723213,The Mongolz,0.3333333333333333
6723213,paiN Gaming,0.6666666666666666
6723214,FaZe Clan,0.0
6723214,G2 Esports,0.6666666666666666
6723215,Team 3DMAX,0.6666666666666666
6723215,Team Spirit,0.6666666666666666
6723216,Aurora Gaming,0.6666666666666666
6723216,Legacy,1.0
6723217,Astralis,0.6666666666666666
6723217,FUT Esports,1.0
6723218,Monte,1.0
6723218,Natus Vincere,0.3333333333333333
6745681,ARCRED,1.0
6745681,WW Team,0.6666666666666666
6748632,B8 Esports,0.3333333333333333
6748632,Team Spirit,0.6666666666666666
6748633,Astralis,0.6666666666666666
6748633,MOUZ,0.6666666666666666
6748634,FUT Esports,0.6666666666666666
6748634,Heroic,0.6666666666666666
6748635,Legacy,0.6666666666666666
6748635,Monte,0.6666666666666666
6748636,G2 Esports,0.6666666666666666
6748636,Natus Vincere,0.6666666666666666
6748637,Aurora Gaming,0.6666666666666666
6748637,The Mongolz,0.3333333333333333
6748638,FaZe Clan,0.0
6748638,paiN Gaming,0.6666666666666666
6748805,FURIA Esports,0.3333333333333333
6748805,Team 3DMAX,0.3333333333333333
6771004,G2 Esports,1.0
6771004,Team Spirit,1.0
6771005,FURIA Esports,0.0
6771005,Heroic,0.3333333333333333
6771006,MOUZ,1.0
6771006,The Mongolz,0.6666666666666666
6771007,Astralis,0.6666666666666666
6771007,Legacy,0.6666666666666666
6771008,B8 Esports,0.3333333333333333
6771008,Natus Vincere,0.3333333333333333
6771009,FUT Esports,0.6666666666666666
6771009,Team 3DMAX,0.6666666666666666
6771010,FaZe Clan,0.0
6771010,Monte,0.3333333333333333
6771011,Aurora Gaming,0.3333333333333333
6771011,paiN Gaming,0.6666666666666666
6782427,Ninjas in Pyjamas,0.6666666666666666
6782427,Team Voca,0.6666666666666666
6782428,EYEBALLERS,1.0
6782428,Team Voca,0.6666666666666666
6782429,Ninjas in Pyjamas,0.3333333333333333
6782429,SAW,0.0
6782433,EYEBALLERS,0.3333333333333333
6782433,Ninjas in Pyjamas,0.6666666666666666
6782440,Nexus Gaming,0.3333333333333333
6782440,OG,0.6666666666666666
6782456,JiJieHao,0.6666666666666666
6782456,Nebula In Chaox,0.0
6782457,M80,0.6666666666666666
6782457,Rebels Gaming,0.3333333333333333
6796580,FURIA Esports,0.3333333333333333
6796580,paiN Gaming,0.3333333333333333
6796581,Astralis,0.3333333333333333
6796581,FaZe Clan,0.3333333333333333
6796582,Aurora Gaming,0.6666666666666666
6796582,G2 Esports,0.6666666666666666
6796583,Legacy,0.6666666666666666
6796583,Natus Vincere,0.6666666666666666
6796584,B8 Esports,0.3333333333333333
6796584,FUT Esports,0.3333333333333333
6796585,Team 3DMAX,0.6666666666666666
6796585,The Mongolz,0.6666666666666666
6811662,1win Team,0.3333333333333333
6811662,Nuclear TigeRES,0.3333333333333333
6817739,K27,0.6666666666666666
6817739,WW Team,0.6666666666666666
6820855,Astralis,0.3333333333333333
6820855,FURIA Esports,0.6666666666666666
6820856,FUT Esports,0.6666666666666666
6820856,G2 Esports,0.3333333333333333
6820857,Natus Vincere,0.3333333333333333
6820857,Team 3DMAX,0.6666666666666666
6821501,AM Gaming,0.6666666666666666
6821501,FAVBET Team,1.0
6845288,5Actors,0.3333333333333333
6845288,Nemiga Gaming,0.3333333333333333
6846773,Astralis,0.6666666666666666
6846773,Team Spirit,1.0
6846774,FUT Esports,0.6666666666666666
6846774,MOUZ,1.0
6846775,Aurora Gaming,0.6666666666666666
6846775,Legacy,1.0
6846776,Natus Vincere,0.6666666666666666
6846776,The Mongolz,0.6666666666666666
6860682,CYBERSHOKE Esports,0.6666666666666666
6860682,MOUZ NXT,0.6666666666666666
6866139,FAVBET Team,1.0
6866139,HOTU,0.6666666666666666
6869257,K27,1.0
6869257,ex-RUBY,1.0
6886321,Nemiga Gaming,0.6666666666666666
6886321,Team Nemesis,0.6666666666666666
6886531,CYBERSHOKE Esports,0.6666666666666666
6886531,ex-RUBY,1.0
6908080,FUT Esports,1.0
6908080,Natus Vincere,0.6666666666666666
6909892,Astralis,1.0
6909892,Aurora Gaming,1.0
6928140,Astralis,0.6666666666666666
6928140,FUT Esports,0.6666666666666666
6928141,Aurora Gaming,1.0
6928141,Natus Vincere,1.0
7016953,B8 Esports,0.0
7016953,NRG Esports,0.0
7016954,Natus Vincere,1.0
7016954,Team Falcons,0.6666666666666666
7024959,FaZe Clan,0.3333333333333333
7024959,TYLOO,0.0
7024961,Aurora Gaming,0.6666666666666666
7024961,FURIA Esports,0.6666666666666666
7042616,Ninjas in Pyjamas,0.6666666666666666
7042616,Team Liquid,0.0
7042617,PARIVISION,0.3333333333333333
7042617,Team Spirit,0.6666666666666666
7048401,9z Team,0.3333333333333333
7048401,MOUZ,0.3333333333333333
7048403,Team Vitality,1.0
7048403,The Mongolz,0.6666666666666666
7073663,TYLOO,0.3333333333333333
7073663,Team Falcons,0.3333333333333333
7076648,FURIA Esports,0.3333333333333333
7076648,NRG Esports,0.3333333333333333
7076650,Aurora Gaming,0.6666666666666666
7076650,Natus Vincere,1.0
7098612,9z Team,0.3333333333333333
7098612,Team Spirit,0.3333333333333333
7101081,Team Liquid,0.3333333333333333
7101081,The Mongolz,0.3333333333333333
7101083,PARIVISION,0.6666666666666666
7101083,Team Vitality,1.0
7119182,FURIA Esports,0.6666666666666666
7119182,Team Falcons,0.6666666666666666
7124116,Team Spirit,0.6666666666666666
7124116,The Mongolz,0.6666666666666666
7148751,PARIVISION,0.6666666666666666
7148751,Team Falcons,0.6666666666666666
7148752,Aurora Gaming,0.6666666666666666
7148752,The Mongolz,0.6666666666666666
7151025,Gentle Mates,0.3333333333333333
7151025,Ninjas in Pyjamas,0.3333333333333333
7151026,9INE,0.3333333333333333
7151026,GamerLegion,0.6666666666666666
7151027,BetBoom Team,1.0
7151027,Heroic,0.6666666666666666
7151028,G2 Esports,0.6666666666666666
7151028,Team Nemesis,0.6666666666666666
7159133,CarritoSpain,0.0
7159133,cswalkers,0.0
7159134,Acend,1.0
7159134,G2 Esports,1.0
7159135,Acend,0.6666666666666666
7159135,ESC Gaming,0.6666666666666666
7159136,G2 Esports,0.6666666666666666
7159136,cswalkers,0.0
7159139,Acend,0.3333333333333333
7159139,CarritoSpain,0.0
7159140,ESC Gaming,1.0
7159140,G2 Esports,0.6666666666666666
7159143,JiJieHao,0.3333333333333333
7159143,Sinners Esports,0.6666666666666666
7159145,JiJieHao,0.6666666666666666
7159145,OG,0.3333333333333333
7159146,BIG,0.3333333333333333
7159146,Sinners Esports,1.0
7159152,Heroic,0.6666666666666666
7159152,SAW,0.3333333333333333
7159156,CYBERSHOKE Esports,0.6666666666666666
7159156,Heroic,0.3333333333333333
7207001,BIG,1.0
7207001,Sinners Esports,1.0
7227693,Aurora Gaming,0.6666666666666666
7227693,Team Vitality,1.0
7230540,Natus Vincere,1.0
7230540,PARIVISION,0.6666666666666666
7255854,Natus Vincere,1.0
7255854,Team Vitality,1.0
7282201,Fluxo,0.6666666666666666
7282201,G2 Esports,1.0
7282202,Acend,0.6666666666666666
7282202,Heroic,1.0
7287896,ACROBATS,0.5
7287896,HOTU,0.3333333333333333
7287897,100 Thieves,0.6666666666666666
7287897,magic,0.3333333333333333
7287898,Lavked,0.5
7287898,illwill,0.3333333333333333
7287899,K27,0.6666666666666666
7287899,WW Team,0.6666666666666666
7298777,Alliance,1.0
7298777,Monte,0.3333333333333333
7298778,BetBoom Team,0.6666666666666666
7298778,G2 Esports,1.0
7298792,Acend,0.6666666666666666
7298792,BESTIA,1.0
7298794,Aurora Gaming,0.3333333333333333
7298794,Sashi Esport,0.0
7298796,M80,0.3333333333333333
7298796,Team Liquid,0.3333333333333333
7298807,BESTIA,1.0
7298807,BetBoom Team,1.0
7298808,Acend,0.3333333333333333
7298808,G2 Esports,0.6666666666666666
7298852,HAVU Gaming,0.3333333333333333
7298852,Team Liquid,0.3333333333333333
7298853,Eternal Fire,0.0
7298853,Sashi Esport,0.0
7298854,Aurora Gaming,0.6666666666666666
7298854,M80,0.6666666666666666
7298857,K27,0.6666666666666666
7298857,Lavked,1.0
7298858,WW Team,0.3333333333333333
7298858,illwill,0.3333333333333333
7298867,FaZe Clan,0.0
7298867,Fnatic,0.0
7298868,Monte,0.6666666666666666
7298868,Passion UA,0.0
7298877,Sashi Esport,0.3333333333333333
7298877,Team Liquid,0.3333333333333333
7298880,Alliance,0.6666666666666666
7298880,Fnatic,0.3333333333333333
7298885,ACROBATS,1.0
7298885,magic,0.3333333333333333
7298886,100 Thieves,0.3333333333333333
7298886,HOTU,0.0
7298889,Passion UA,0.0
7298889,Sashi Esport,0.6666666666666666
7298894,Alliance,0.6666666666666666
7298894,Aurora Gaming,0.3333333333333333
7298895,M80,0.6666666666666666
7298895,Monte,0.6666666666666666
7298924,Legacy,0.6666666666666666
7298924,PARIVISION,0.3333333333333333
7298925,Astralis,0.6666666666666666
7298925,MIBR,0.6666666666666666
7298926,BCGame,0.0
7298926,The Mongolz,0.6666666666666666
7298927,NRG Esports,0.3333333333333333
7298927,Team Voca,0.3333333333333333
7298928,B8 Esports,0.0
7298928,Wildcard Gaming,0.6666666666666666
7298929,FOKUS,1.0
7298929,Team 3DMAX,0.3333333333333333
7298930,FUT Esports,0.3333333333333333
7298930,Inner Circle,0.0
7298931,BetBoom Team,1.0
7298931,G2 Esports,0.6666666666666666
7298932,Heroic,0.3333333333333333
7298932,Team Nemesis,0.3333333333333333
7298940,100 Thieves,0.3333333333333333
7298940,Lavked,0.6666666666666666
7298946,BIG,0.6666666666666666
7298946,Betclic,0.6666666666666666
7298947,BIG,0.3333333333333333
7298947,Luminous,0.0
7298948,Betclic,0.6666666666666666
7298948,Luminous,0.5
7298949,PIVOSQUAD,0.0
7298949,Re`Di,0.0
7298950,CYBERSHOKE Esports,0.6666666666666666
7298950,magic,1.0
7298951,CYBERSHOKE Esports,0.6666666666666666
7298951,Re`Di,0.0
7298952,PIVOSQUAD,0.0
7298952,magic,1.0
7298953,CYBERSHOKE Esports,0.3333333333333333
7298953,PIVOSQUAD,0.5
7298954,Re`Di,0.5
7298954,magic,1.0
7298955,ex-Zero Tenacity,0.6666666666666666
7298955,illwill,0.3333333333333333
7298956,Deorum,0.0
7298956,illwill,0.0
7298957,Deorum,0.5
7298957,ex-Zero Tenacity,0.3333333333333333
7298958,Drama Esports,1.0
7298958,FaZe Clan,0.3333333333333333
7298959,Békéscsabai E-Sport,0.0
7298959,FaZe Clan,0.0
7298964,K27,1.0
7298964,magic,0.6666666666666666
7298965,ACROBATS,0.5
7298965,WW Team,0.3333333333333333
7298985,GamerLegion,0.6666666666666666
7298985,Ninjas in Pyjamas,0.3333333333333333
7298986,9INE,0.0
7298986,Gentle Mates,0.3333333333333333
7299028,100 Thieves,0.6666666666666666
7299028,ACROBATS,0.6666666666666666
7299031,M80,0.6666666666666666
7299031,Monte,1.0
7299043,9INE,0.3333333333333333
7299043,BetBoom Team,0.6666666666666666
7299050,100 Thieves,1.0
7299050,K27,0.6666666666666666
7299053,G2 Esports,1.0
7299053,GamerLegion,0.6666666666666666
7299054,Heroic,0.3333333333333333
7299054,Ninjas in Pyjamas,0.3333333333333333
7299086,RED Canids,0.3333333333333333
7299086,Team Vitality,1.0
7299087,Team 3DMAX,0.3333333333333333
7299087,Team Falcons,0.6666666666666666
7299089,Legacy,0.3333333333333333
7299089,MOUZ,0.0
7299090,Aurora Gaming,0.3333333333333333
7299090,HOTU,0.6666666666666666
7299091,B8 Esports,0.6666666666666666
7299091,Natus Vincere,0.6666666666666666
7299092,FURIA Esports,0.3333333333333333
7299092,Passion UA,0.3333333333333333
7299109,K27,0.6666666666666666
7299109,magic,1.0
7299111,BetBoom Team,0.6666666666666666
7299111,Heroic,0.6666666666666666
7299126,BetBoom Team,0.6666666666666666
7299126,GamerLegion,0.6666666666666666
7299149,Nemiga Gaming,0.6666666666666666
7299149,WW Team,0.6666666666666666
7299150,1w Team,0.6666666666666666
7299150,TDK,0.6666666666666666
7299151,BET-M 33,0.6666666666666666
7299151,HOTU,0.6666666666666666
7299152,CYBERSHOKE Prospects,0.6666666666666666
7299152,K27,0.3333333333333333
7299181,BET-M 33,0.6666666666666666
7299181,K27,0.6666666666666666
7299183,BetBoom Team,1.0
7299183,G2 Esports,1.0
7299192,EYEBALLERS,0.6666666666666666
7299192,The Mongolz,0.6666666666666666
7299194,FOKUS,1.0
7299194,PARIVISION,0.6666666666666666
7299195,Inner Circle,0.0
7299195,Legacy,0.3333333333333333
7299196,Astralis,0.6666666666666666
7299196,B8 Esports,0.3333333333333333
7299197,BCGame,0.0
7299197,MIBR,0.3333333333333333
7299198,FUT Esports,0.3333333333333333
7299198,NRG Esports,0.6666666666666666
7299199,Team 3DMAX,0.0
7299199,Team Voca,0.0
7299201,1w Team,0.6666666666666666
7299201,WW Team,1.0
7299205,Betclic,0.3333333333333333
7299205,illwill,0.6666666666666666
7299206,BIG,0.6666666666666666
7299206,ex-Zero Tenacity,0.3333333333333333
7299207,Drama Esports,0.5
7299207,magic,1.0
7299208,CYBERSHOKE Esports,0.6666666666666666
7299208,FaZe Clan,0.6666666666666666
7299243,FaZe Clan,0.3333333333333333
7299243,illwill,1.0
7299244,1w Team,1.0
7299244,BET-M 33,1.0
7299245,K27,0.3333333333333333
7299245,WW Team,0.6666666666666666
7299246,BIG,1.0
7299246,magic,1.0
7299252,BIG,1.0
7299252,FaZe Clan,0.6666666666666666
7299256,BCGame,0.0
7299256,Team Voca,0.0
7299257,FUT Esports,0.6666666666666666
7299257,PARIVISION,0.6666666666666666
7299258,FaZe Clan,0.3333333333333333
7299258,Inner Circle,0.0
7299259,Astralis,1.0
7299259,The Mongolz,0.6666666666666666
7299260,EYEBALLERS,0.3333333333333333
7299260,NRG Esports,0.3333333333333333
7299261,B8 Esports,0.3333333333333333
7299261,Team 3DMAX,0.3333333333333333
7299262,Legacy,0.3333333333333333
7299262,MIBR,0.3333333333333333
7299263,FOKUS,0.6666666666666666
7299263,Wildcard Gaming,0.6666666666666666
7299318,PARIVISION,0.6666666666666666
7299318,Team 3DMAX,0.6666666666666666
7299319,BCGame,0.3333333333333333
7299319,FOKUS,0.3333333333333333
7299320,The Mongolz,0.6666666666666666
7299320,Wildcard Gaming,0.6666666666666666
7299321,B8 Esports,0.3333333333333333
7299321,Inner Circle,0.3333333333333333
7299322,EYEBALLERS,0.6666666666666666
7299322,MIBR,0.6666666666666666
7299323,Legacy,0.3333333333333333
7299323,NRG Esports,0.3333333333333333
7299344,PARIVISION,0.3333333333333333
7299344,Wildcard Gaming,0.6666666666666666
7299345,B8 Esports,0.3333333333333333
7299345,Legacy,0.6666666666666666
7299346,EYEBALLERS,0.3333333333333333
7299346,FOKUS,0.3333333333333333
7299415,PARIVISION,0.3333333333333333
7299415,The Mongolz,0.6666666666666666
7299417,Astralis,1.0
7299417,EYEBALLERS,0.6666666666666666
7299418,MIBR,1.0
7299418,Team 3DMAX,1.0
7299568,B8 Esports,0.6666666666666666
7299568,FUT Esports,1.0
7299577,Astralis,1.0
7299577,Team 3DMAX,1.0
7299578,Astralis,0.6666666666666666
7299578,G2 Esports,0.3333333333333333
7299579,FUT Esports,1.0
7299579,Team Vitality,1.0
7299580,FURIA Esports,0.3333333333333333
7299580,GamerLegion,0.3333333333333333
7299581,FaZe Clan,0.3333333333333333
7299581,Natus Vincere,0.6666666666666666
7299594,FUT Esports,1.0
7299594,The Mongolz,0.6666666666666666
7299631,Team 3DMAX,0.6666666666666666
7299631,The Mongolz,0.6666666666666666
7299632,Astralis,1.0
7299632,FUT Esports,1.0
7299709,Gentle Mates,0.0
7299709,RED Canids,0.0
7299710,G2 Esports,1.0
7299710,Team Vitality,1.0
7299711,Team 3DMAX,0.0
7299711,Team Liquid,0.3333333333333333
7299712,Team Falcons,0.6666666666666666
7299712,Team Spirit,0.6666666666666666
7299733,B8 Esports,0.3333333333333333
7299733,Passion UA,0.3333333333333333
7299734,FURIA Esports,0.6666666666666666
7299734,Natus Vincere,0.6666666666666666
7299735,HOTU,0.3333333333333333
7299735,Legacy,0.3333333333333333
7299736,Aurora Gaming,0.3333333333333333
7299736,MOUZ,0.3333333333333333
7299748,Team Falcons,0.6666666666666666
7299748,Team Vitality,1.0
7299749,G2 Esports,0.6666666666666666
7299749,Team 3DMAX,0.3333333333333333
7299750,RED Canids,0.3333333333333333
7299750,Team Spirit,0.3333333333333333
7299751,HOTU,0.3333333333333333
7299751,Natus Vincere,0.3333333333333333
7299752,FURIA Esports,0.6666666666666666
7299752,MOUZ,0.6666666666666666
7299753,Aurora Gaming,0.3333333333333333
7299753,B8 Esports,0.3333333333333333
7299784,G2 Esports,0.6666666666666666
7299784,Team Spirit,0.6666666666666666
7299785,Aurora Gaming,0.6666666666666666
7299785,Natus Vincere,0.6666666666666666
7299794,Natus Vincere,0.6666666666666666
7299794,Team Vitality,0.6666666666666666
7299795,MOUZ,0.6666666666666666
7299795,Team Spirit,0.6666666666666666
7299888,Team Falcons,1.0
7299888,Team Spirit,1.0
7299894,FURIA Esports,1.0
7299894,Team Vitality,0.6666666666666666
7299911,Team Spirit,1.0
7299911,Team Vitality,0.6666666666666666
7299912,FURIA Esports,0.6666666666666666
7299912,Team Falcons,0.6666666666666666
7300309,CYBERSHOKE Esports,0.3333333333333333
7300309,Nemiga Gaming,0.6666666666666666
7300347,BIG,1.0
7300347,Nemiga Gaming,0.6666666666666666
7300406,Nemiga Gaming,1.0
7300406,Walczaki,1.0
7300568,G2 Esports,0.6666666666666666
7300568,Team Vitality,1.0
7300605,FURIA Esports,0.0
7300605,FaZe Clan,0.0
7300606,GamerLegion,0.3333333333333333
7300606,Natus Vincere,0.6666666666666666
7300742,Astralis,0.3333333333333333
7300742,GamerLegion,0.3333333333333333
7300763,Fnatic,0.6666666666666666
7300763,SPARTA Esports,0.6666666666666666
7300769,FaZe Clan,0.6666666666666666
7300769,Natus Vincere,0.6666666666666666
7300789,GamerLegion,0.6666666666666666
7300789,Team Vitality,1.0
7300791,Astralis,0.3333333333333333
7300791,Team Liquid,0.0
7300792,Legacy,0.0
7300792,M80,0.6666666666666666
7300793,GamerLegion,0.3333333333333333
7300793,Sinners Esports,0.3333333333333333
7300794,Natus Vincere,0.6666666666666666
7300794,Passion UA,0.0
7300795,FaZe Clan,0.6666666666666666
7300795,paiN Gaming,0.3333333333333333
7300796,FUT Esports,0.3333333333333333
7300796,NRG Esports,0.0
7300797,B8 Esports,0.3333333333333333
7300797,BetBoom Team,0.3333333333333333
7300798,BCGame,0.3333333333333333
7300798,Team Vitality,1.0
7300817,FC Famalicão Esports,0.0
7300817,Walczaki,0.3333333333333333
7300818,MOUZ NXT,0.3333333333333333
7300818,Ursa,0.3333333333333333
7300825,Natus Vincere,1.0
7300825,Team Vitality,1.0
7300883,K27,0.3333333333333333
7300883,Team Falcons,0.6666666666666666
7300884,The Mongolz,0.6666666666666666
7300884,magic,0.0
7300885,Gentle Mates,0.0
7300885,MOUZ,0.3333333333333333
7300886,Fisher College,0.0
7300886,G2 Esports,0.3333333333333333
7300887,Aurora Gaming,0.3333333333333333
7300887,Heroic,0.6666666666666666
7300888,FURIA Esports,0.0
7300888,Monte,0.6666666666666666
7300889,9z Team,0.3333333333333333
7300889,PARIVISION,0.3333333333333333
7300890,Team Spirit,0.6666666666666666
7300890,The Huns Esports,0.3333333333333333
7300903,Oxuji Esports,0.3333333333333333
7300903,ex-RUBY,0.3333333333333333
7300905,INOX Division,1.0
7300905,Walczaki,0.3333333333333333
7300906,Lavked,0.6666666666666666
7300906,TNC Esport,0.3333333333333333
7300985,FAVBET Team,0.6666666666666666
7300985,TNC Esport,0.6666666666666666
7300986,Walczaki,0.6666666666666666
7300986,ex-RUBY,0.6666666666666666
7300987,INOX Division,0.5
7300987,OMEGA,0.3333333333333333
7300988,GenOne,0.3333333333333333
7300988,TDK,0.3333333333333333
7300989,Oxuji Esports,0.3333333333333333
7300989,Ursa,0.3333333333333333
7300990,Lavked,0.3333333333333333
7300990,MOUZ NXT,0.3333333333333333
7300991,FC Famalicão Esports,0.0
7300991,HAVU Gaming,0.0
7300992,Bebop,0.0
7300992,UNiTY,0.0
7301016,MOUZ,0.6666666666666666
7301016,TYLOO,0.3333333333333333
7301017,Legacy,0.6666666666666666
7301017,NRG Esports,0.0
7301019,BCGame,0.0
7301019,Team Falcons,0.6666666666666666
7301020,PARIVISION,0.3333333333333333
7301020,Team Liquid,0.3333333333333333
7301021,MIBR,0.6666666666666666
7301021,Team 3DMAX,0.3333333333333333
7301022,B8 Esports,0.6666666666666666
7301022,Ninjas in Pyjamas,0.3333333333333333
7301023,Lynn Vision Gaming,0.6666666666666666
7301023,The Mongolz,0.3333333333333333
7301073,INOX Division,0.6666666666666666
7301073,ex-RUBY,0.6666666666666666
7301074,FAVBET Team,0.6666666666666666
7301074,Oxuji Esports,0.6666666666666666
7301076,MOUZ NXT,0.3333333333333333
7301076,UNiTY,0.3333333333333333
7301077,HAVU Gaming,0.3333333333333333
7301077,OMEGA,0.3333333333333333
7301098,Gentle Mates,0.0
7301098,K27,0.0
7301099,G2 Esports,0.3333333333333333
7301099,MOUZ,0.6666666666666666
7301100,Monte,0.3333333333333333
7301100,magic,0.0
7301101,9z Team,0.6666666666666666
7301101,Team Falcons,0.6666666666666666
7301102,Fisher College,0.0
7301102,PARIVISION,0.3333333333333333
7301103,FURIA Esports,0.3333333333333333
7301103,Heroic,0.6666666666666666
7301104,Aurora Gaming,0.3333333333333333
7301104,The Huns Esports,0.3333333333333333
7301105,Team Spirit,0.6666666666666666
7301105,The Mongolz,0.6666666666666666
7301163,FURIA Esports,0.6666666666666666
7301163,Team Spirit,0.6666666666666666
7301164,K27,0.0
7301164,magic,0.0
7301165,9z Team,0.6666666666666666
7301165,MOUZ,1.0
7301166,G2 Esports,0.3333333333333333
7301166,The Mongolz,0.6666666666666666
7301167,Monte,0.3333333333333333
7301167,Team Falcons,0.6666666666666666
7301168,Gentle Mates,0.3333333333333333
7301168,Heroic,0.3333333333333333
7301169,Aurora Gaming,0.3333333333333333
7301169,PARIVISION,0.3333333333333333
7301210,G2 Esports,0.3333333333333333
7301210,PARIVISION,0.3333333333333333
7301211,FURIA Esports,0.6666666666666666
7301211,Gentle Mates,0.6666666666666666
7301212,Monte,0.3333333333333333
7301212,The Huns Esports,0.3333333333333333
7301213,Team Falcons,0.6666666666666666
7301213,The Mongolz,0.6666666666666666
7301214,Heroic,0.3333333333333333
7301214,magic,0.3333333333333333
7301215,Aurora Gaming,0.6666666666666666
7301215,MOUZ,0.6666666666666666
7301218,Betclic,0.3333333333333333
7301218,TNC Esport,1.0
7301220,Nemiga Gaming,1.0
7301220,ex-RUBY,0.6666666666666666
7301221,HOTU,0.3333333333333333
7301221,INOX Division,0.6666666666666666
7301223,Oxuji Esports,0.6666666666666666
7301223,SPARTA Esports,0.3333333333333333
7301233,B8 Esports,0.3333333333333333
7301233,BCGame,0.3333333333333333
7301234,BetBoom Team,0.3333333333333333
7301234,Team Vitality,1.0
7301235,100 Thieves,0.6666666666666666
7301235,Lavked,0.6666666666666666
7301236,Fnatic,0.6666666666666666
7301236,HAVU Gaming,1.0
7301237,FaZe Clan,0.3333333333333333
7301237,NRG Esports,0.0
7301238,FUT Esports,0.3333333333333333
7301238,paiN Gaming,0.3333333333333333
7301239,Passion UA,0.0
7301239,Sinners Esports,0.3333333333333333
7301240,GamerLegion,0.6666666666666666
7301240,Natus Vincere,0.6666666666666666
7301249,M80,0.6666666666666666
7301249,Team Liquid,0.0
7301250,Astralis,0.6666666666666666
7301250,Legacy,0.3333333333333333
7301262,HOTU,0.6666666666666666
7301262,Walczaki,1.0
7301277,Aurora Gaming,0.6666666666666666
7301277,The Mongolz,0.3333333333333333
7301278,G2 Esports,0.3333333333333333
7301278,Monte,0.6666666666666666
7301279,Gentle Mates,0.6666666666666666
7301279,magic,0.6666666666666666
7301282,FaZe Clan,0.3333333333333333
7301282,Team Vitality,0.6666666666666666
7301283,Nemiga Gaming,1.0
7301283,SPARTA Esports,0.6666666666666666
7301284,BetBoom Team,0.6666666666666666
7301284,paiN Gaming,0.6666666666666666
7301285,B8 Esports,0.3333333333333333
7301285,FUT Esports,0.3333333333333333
7301286,Legacy,0.6666666666666666
7301286,Natus Vincere,0.6666666666666666
7301287,Astralis,0.3333333333333333
7301287,Sinners Esports,0.3333333333333333
7301315,GamerLegion,0.3333333333333333
7301315,Team Liquid,0.3333333333333333
7301329,FURIA Esports,0.6666666666666666
7301329,Team Falcons,0.6666666666666666
7301330,9z Team,1.0
7301330,magic,1.0
7301331,G2 Esports,0.6666666666666666
7301331,Team Spirit,1.0
7301332,Aurora Gaming,0.6666666666666666
7301332,MOUZ,0.6666666666666666
7301334,Fnatic,0.6666666666666666
7301334,TDK,1.0
7301338,Astralis,0.6666666666666666
7301338,GamerLegion,0.6666666666666666
7301346,Lavked,0.6666666666666666
7301346,TNC Esport,1.0
7301371,Natus Vincere,0.6666666666666666
7301371,Team Vitality,0.6666666666666666
7301398,Fnatic,0.6666666666666666
7301398,Lavked,1.0
7301416,Nemiga Gaming,1.0
7301416,Walczaki,1.0
7301519,MOUZ,0.6666666666666666
7301519,Team Spirit,1.0
7301523,Lavked,1.0
7301523,Nemiga Gaming,1.0
7301526,Team Falcons,1.0
7301526,magic,1.0
7301527,BetBoom Team,1.0
7301527,Natus Vincere,0.6666666666666666
7301532,GamerLegion,1.0
7301532,Legacy,1.0
7301543,Heroic,0.0
7301543,Sharks Esports,0.3333333333333333
7301544,MIBR,0.3333333333333333
7301544,THUNDERdOWNUNDER,0.5
7301545,FlyQuest,1.0
7301545,Sinners Esports,0.3333333333333333
7301546,Lynn Vision Gaming,0.3333333333333333
7301546,M80,0.3333333333333333
7301547,BIG,0.6666666666666666
7301547,Team Liquid,0.3333333333333333
7301548,BetBoom Team,0.3333333333333333
7301548,Gaimin Gladiators,0.6666666666666666
7301549,B8 Esports,0.3333333333333333
7301549,TYLOO,0.3333333333333333
7301550,GamerLegion,0.6666666666666666
7301550,NRG Esports,0.0
7301563,Team Falcons,1.0
7301563,Team Spirit,1.0
7301564,MOUZ,0.6666666666666666
7301564,magic,0.6666666666666666
7301584,GamerLegion,1.0
7301584,Natus Vincere,0.6666666666666666
7301585,BetBoom Team,0.6666666666666666
7301585,Legacy,0.6666666666666666
7301659,CYBERSHOKE Esports,0.3333333333333333
7301659,Dark Moon,0.5
7301660,1w Team,1.0
7301660,Virtus.pro,0.0
7301661,Team Tricksters,0.5
7301661,WW Team,0.3333333333333333
7301662,K27,0.0
7301662,PsychoFace,0.0
7301663,163NEWS,0.5
7301663,ARCRED,0.3333333333333333
7301664,Aurora Young Blood,0.3333333333333333
7301664,BET-M 33,0.3333333333333333
7301665,Athlon,0.5
7301665,SPARTA Esports,0.3333333333333333
7301666,Nuclear TigeRES,0.6666666666666666
7301666,Oxuji Esports,0.6666666666666666
7301745,Team 3DMAX,0.3333333333333333
7301745,Team Liquid,0.3333333333333333
7301746,MIBR,0.6666666666666666
7301746,PARIVISION,0.3333333333333333
7301747,Lynn Vision Gaming,0.3333333333333333
7301747,Ninjas in Pyjamas,0.0
7301748,B8 Esports,0.6666666666666666
7301748,The Mongolz,0.3333333333333333
7301749,MOUZ,0.3333333333333333
7301749,NRG Esports,0.0
7301750,Legacy,0.6666666666666666
7301750,TYLOO,0.6666666666666666
7301751,BCGame,0.0
7301751,paiN Gaming,0.0
7301752,M80,0.3333333333333333
7301752,Team Falcons,0.6666666666666666
7301753,B8 Esports,0.6666666666666666
7301753,MIBR,0.6666666666666666
7301777,Legacy,1.0
7301777,Team Falcons,0.6666666666666666
7301796,M80,0.3333333333333333
7301796,MOUZ,0.6666666666666666
7301801,Team Liquid,0.3333333333333333
7301801,The Mongolz,0.3333333333333333
7301802,TYLOO,0.3333333333333333
7301802,paiN Gaming,0.3333333333333333
7301803,Lynn Vision Gaming,0.3333333333333333
7301803,PARIVISION,0.3333333333333333
7301811,PARIVISION,0.6666666666666666
7301811,The Mongolz,0.6666666666666666
7301812,MOUZ,0.6666666666666666
7301812,paiN Gaming,0.6666666666666666
7301853,B8 Esports,0.6666666666666666
7301853,MOUZ,1.0
7301862,Legacy,0.6666666666666666
7301862,The Mongolz,0.6666666666666666
7301891,MOUZ,1.0
7301891,Team Falcons,1.0
7301900,Legacy,0.6666666666666666
7301900,MIBR,1.0
7301930,MIBR,0.6666666666666666
7301930,MOUZ,0.6666666666666666
7301931,Legacy,0.6666666666666666
7301931,Team Falcons,1.0
7302021,Nemiga Gaming,1.0
7302021,TDK,0.6666666666666666
7302022,INOX Division,0.3333333333333333
7302022,Team Nemesis,1.0
7302030,Athlon,0.0
7302030,Oxuji Esports,0.3333333333333333
7302031,Nuclear TigeRES,0.6666666666666666
7302031,SPARTA Esports,0.6666666666666666
7302034,Oxuji Esports,0.3333333333333333
7302034,SPARTA Esports,0.3333333333333333
7302038,PsychoFace,0.0
7302038,Team Tricksters,0.0
7302039,K27,0.3333333333333333
7302039,WW Team,0.6666666666666666
7302072,ARCRED,0.3333333333333333
7302072,Aurora Young Blood,0.3333333333333333
7302073,163NEWS,0.0
7302073,BET-M 33,0.0
7302075,Aurora Young Blood,0.3333333333333333
7302075,BET-M 33,0.3333333333333333
7302084,CYBERSHOKE Esports,0.6666666666666666
7302084,Virtus.pro,0.3333333333333333
7302085,1w Team,0.6666666666666666
7302085,Dark Moon,0.0
7302088,1w Team,0.6666666666666666
7302088,CYBERSHOKE Esports,0.3333333333333333
7302102,1w Team,0.3333333333333333
7302102,AM Gaming,0.3333333333333333
7302103,Just Players,0.3333333333333333
7302103,Tricked Esport,0.3333333333333333
7302104,Betclic,0.0
7302104,GenOne,0.3333333333333333
7302107,Nemiga Gaming,1.0
7302107,VRSDelivery,0.5
7302108,Johnny Speeds,0.6666666666666666
7302108,Phantom Esports,0.6666666666666666
7302109,BET-M 33,0.6666666666666666
7302109,Virtus.pro,0.6666666666666666
7302111,ARCRED,0.6666666666666666
7302111,CYBERSHOKE Esports,0.6666666666666666
7302112,Nuclear TigeRES,0.6666666666666666
7302112,PsychoFace,0.6666666666666666
7302126,ARCRED,1.0
7302126,Nuclear TigeRES,1.0
7302151,K27,1.0
7302151,Virtus.pro,1.0
7302155,TDK,0.6666666666666666
7302155,Team Nemesis,1.0
7302173,ARCRED,1.0
7302173,Virtus.pro,1.0
7302175,GenOne,0.6666666666666666
7302175,Just Players,0.6666666666666666
7302181,AM Gaming,0.3333333333333333
7302181,Johnny Speeds,0.6666666666666666
7302183,Nemiga Gaming,0.6666666666666666
7302183,WW Team,0.3333333333333333
7302184,9z Team,0.3333333333333333
7302184,FaZe Clan,0.3333333333333333
7302193,Alliance,0.3333333333333333
7302193,Sharks Esports,0.6666666666666666
7302194,Ninjas in Pyjamas,0.6666666666666666
7302194,magic,0.6666666666666666
7302212,Johnny Speeds,0.6666666666666666
7302212,WW Team,0.6666666666666666
7302216,FaZe Clan,0.6666666666666666
7302216,Sharks Esports,0.6666666666666666
7302225,FaZe Clan,0.6666666666666666
7302225,Ninjas in Pyjamas,0.6666666666666666
7302246,Ninjas in Pyjamas,0.6666666666666666
7302246,magic,1.0
7302247,Gentle Mates,1.0
7302247,WW Team,1.0
7302344,BIG,0.3333333333333333
7302344,Gaimin Gladiators,0.3333333333333333
7302345,BetBoom Team,0.3333333333333333
7302345,Team Liquid,0.6666666666666666
7302346,M80,0.3333333333333333
7302346,Sharks Esports,0.6666666666666666
7302347,NRG Esports,0.0
7302347,Sinners Esports,0.3333333333333333
7302349,B8 Esports,0.3333333333333333
7302349,THUNDERdOWNUNDER,1.0
7302350,FlyQuest,1.0
7302350,GamerLegion,0.6666666666666666
7302372,Gaimin Gladiators,0.0
7302372,Heroic,0.0
7302373,B8 Esports,0.6666666666666666
7302373,M80,0.6666666666666666
7302374,Sinners Esports,0.0
7302374,TYLOO,0.0
7302375,BetBoom Team,0.6666666666666666
7302375,GamerLegion,0.6666666666666666
7302376,BIG,0.3333333333333333
7302376,THUNDERdOWNUNDER,0.5
7302377,MIBR,0.3333333333333333
7302377,Team Liquid,0.3333333333333333
7302378,Lynn Vision Gaming,0.3333333333333333
7302378,Sharks Esports,0.3333333333333333
7302379,FlyQuest,0.6666666666666666
7302379,NRG Esports,0.3333333333333333
7302398,M80,0.6666666666666666
7302398,NRG Esports,0.6666666666666666
7302399,Heroic,0.3333333333333333
7302399,Team Liquid,0.3333333333333333
7302400,Lynn Vision Gaming,0.6666666666666666
7302400,MIBR,0.6666666666666666
7302401,BIG,0.6666666666666666
7302401,GamerLegion,0.6666666666666666
7302402,FlyQuest,0.3333333333333333
7302402,THUNDERdOWNUNDER,0.3333333333333333
7302403,Sharks Esports,0.3333333333333333
7302403,TYLOO,0.3333333333333333
7302425,BIG,0.6666666666666666
7302425,NRG Esports,0.6666666666666666
7302426,FlyQuest,0.3333333333333333
7302426,Team Liquid,0.3333333333333333
7302427,Lynn Vision Gaming,0.6666666666666666
7302427,TYLOO,0.6666666666666666
7302463,B8 Esports,1.0
7302463,FUT Esports,0.3333333333333333
7302464,G2 Esports,0.6666666666666666
7302464,M80,0.6666666666666666
7302465,Astralis,0.3333333333333333
7302465,GamerLegion,0.6666666666666666
7302466,BetBoom Team,1.0
7302466,Team Spirit,1.0
7302468,BIG,0.6666666666666666
7302468,Monte,0.3333333333333333
7302469,TYLOO,1.0
7302469,paiN Gaming,0.6666666666666666
7302478,MIBR,1.0
7302478,Team Spirit,1.0
7302479,BetBoom Team,0.6666666666666666
7302479,GamerLegion,0.3333333333333333
7302480,BIG,0.3333333333333333
7302480,paiN Gaming,0.3333333333333333
7302482,FlyQuest,0.6666666666666666
7302482,Legacy,0.6666666666666666
7302483,G2 Esports,0.6666666666666666
7302483,Monte,0.6666666666666666
7302485,FUT Esports,0.3333333333333333
7302485,TYLOO,1.0
7302506,9z Team,0.6666666666666666
7302506,Team Spirit,1.0
7302507,FUT Esports,0.6666666666666666
7302507,G2 Esports,0.6666666666666666
7302508,FlyQuest,0.3333333333333333
7302508,paiN Gaming,0.0
7302509,B8 Esports,0.3333333333333333
7302509,GamerLegion,0.3333333333333333
7302511,BetBoom Team,0.6666666666666666
7302511,M80,0.6666666666666666
7302512,Astralis,0.3333333333333333
7302512,TYLOO,0.6666666666666666
7302513,Legacy,0.6666666666666666
7302513,Monte,0.3333333333333333
7302525,Legacy,0.3333333333333333
7302525,M80,0.3333333333333333
7302526,BIG,0.6666666666666666
7302526,G2 Esports,0.6666666666666666
7302527,9z Team,0.6666666666666666
7302527,TYLOO,0.6666666666666666
7302528,BetBoom Team,0.6666666666666666
7302528,Monte,0.6666666666666666
7302529,B8 Esports,0.3333333333333333
7302529,MIBR,0.3333333333333333
7302530,Astralis,0.3333333333333333
7302530,paiN Gaming,0.3333333333333333
7302540,B8 Esports,0.6666666666666666
7302540,BIG,0.6666666666666666
7302541,Legacy,0.6666666666666666
7302541,TYLOO,0.3333333333333333
7302542,Monte,0.3333333333333333
7302542,paiN Gaming,0.6666666666666666
7302545,G2 Ares,0.3333333333333333
7302545,illwill,0.6666666666666666
7302547,GenOne,0.6666666666666666
7302547,PsychoFace,0.6666666666666666
7302548,Oxuji Esports,0.6666666666666666
7302548,Virtus.pro,1.0
7302557,Heroic Academy,0.6666666666666666
7302557,Ursa,0.0
7302558,SPARTA Esports,0.3333333333333333
7302558,brazylijski luz,0.0
7302561,Legacy,0.6666666666666666
7302561,MOUZ,0.6666666666666666
7302562,BetBoom Team,1.0
7302562,The Mongolz,0.6666666666666666
7302563,9z Team,0.6666666666666666
7302563,PARIVISION,0.3333333333333333
7302564,Aurora Gaming,0.3333333333333333
7302564,Monte,0.6666666666666666
7302565,B8 Esports,1.0
7302565,FURIA Esports,0.3333333333333333
7302566,Natus Vincere,1.0
7302566,Team Spirit,1.0
7302567,G2 Esports,0.6666666666666666
7302567,Team Falcons,0.6666666666666666
7302568,FUT Esports,1.0
7302568,Team Vitality,0.6666666666666666
7302597,G2 Ares,0.6666666666666666
7302597,ex-RUBY,0.3333333333333333
7302598,Heroic Academy,0.3333333333333333
7302598,KOLESIE,0.0
7302600,Rustec,0.3333333333333333
7302600,illwill,0.3333333333333333
7302601,PsychoFace,0.3333333333333333
7302601,brazylijski luz,0.0
7302611,FURIA Esports,0.6666666666666666
7302611,MOUZ,0.6666666666666666
7302612,9z Team,0.6666666666666666
7302612,Team Vitality,0.6666666666666666
7302613,Aurora Gaming,0.6666666666666666
7302613,Team Spirit,1.0
7302614,BetBoom Team,1.0
7302614,Team Falcons,0.6666666666666666
7302615,Legacy,0.6666666666666666
7302615,Natus Vincere,0.6666666666666666
7302616,Monte,0.3333333333333333
7302616,PARIVISION,0.3333333333333333
7302617,FUT Esports,0.6666666666666666
7302617,G2 Esports,0.3333333333333333
7302618,B8 Esports,0.6666666666666666
7302618,The Mongolz,0.3333333333333333
7302662,9z Team,1.0
7302662,Team Spirit,1.0
7302663,BetBoom Team,1.0
7302663,FURIA Esports,0.6666666666666666
7302664,Legacy,0.3333333333333333
7302664,PARIVISION,0.0
7302665,MOUZ,0.6666666666666666
7302665,Team Vitality,0.3333333333333333
7302666,Monte,0.6666666666666666
7302666,Team Falcons,0.3333333333333333
7302667,Aurora Gaming,0.3333333333333333
7302667,G2 Esports,0.6666666666666666
7302668,B8 Esports,0.3333333333333333
7302668,FUT Esports,0.3333333333333333
7302669,Natus Vincere,0.6666666666666666
7302669,The Mongolz,0.3333333333333333
7302674,GenOne,0.6666666666666666
7302674,Ursa,0.6666666666666666
7302675,INOX Division,0.6666666666666666
7302675,ex-RUBY,0.6666666666666666
7302677,Virtus.pro,0.6666666666666666
7302677,illwill,0.6666666666666666
7302678,Bebop,0.3333333333333333
7302678,KOLESIE,0.3333333333333333
7302722,Acend,0.0
7302722,Lavked,0.6666666666666666
7302723,Esport Academy CPH,0.5
7302723,KOLESIE,0.6666666666666666
7302727,Infinite Gaming,0.0
7302727,Virtus.pro,0.3333333333333333
7302731,G2 Esports,0.3333333333333333
7302731,Legacy,0.3333333333333333
7302732,Natus Vincere,0.6666666666666666
7302732,Team Falcons,0.6666666666666666
7302733,9z Team,0.6666666666666666
7302733,Aurora Gaming,0.6666666666666666
7302734,BetBoom Team,0.6666666666666666
7302734,Team Vitality,0.6666666666666666
7302735,Monte,0.3333333333333333
7302735,The Mongolz,0.3333333333333333
7302736,FUT Esports,0.3333333333333333
7302736,MOUZ,0.3333333333333333
7302742,Infinite Gaming,0.5
7302742,Oxuji Esports,0.3333333333333333
7302754,ex-RUBY,0.6666666666666666
7302754,illwill,0.6666666666666666
7302756,Virtus.pro,0.0
7302756,brazylijski luz,0.3333333333333333
7302757,Bebop,0.3333333333333333
7302757,Rustec,0.3333333333333333
7302759,G2 Esports,0.6666666666666666
7302759,Natus Vincere,0.6666666666666666
7302760,BetBoom Team,0.3333333333333333
7302760,FUT Esports,0.6666666666666666
7302761,9z Team,0.3333333333333333
7302761,The Mongolz,0.6666666666666666
7302767,TDK,1.0
7302767,Walczaki,0.6666666666666666
7302776,Team Falcons,0.6666666666666666
7302776,Team Vitality,0.6666666666666666
7302777,G2 Esports,0.6666666666666666
7302777,Team Spirit,1.0
7302778,9z Team,0.3333333333333333
7302778,FURIA Esports,1.0
7302779,Aurora Gaming,0.6666666666666666
7302779,BetBoom Team,0.3333333333333333
7302795,KOLESIE,0.6666666666666666
7302795,illwill,0.6666666666666666
7302797,PsychoFace,0.6666666666666666
7302797,Virtus.pro,0.3333333333333333
7302813,Acend,0.3333333333333333
7302813,INOX Division,1.0
7302821,TDK,1.0
7302821,Ursa,1.0
7302826,Infinite Gaming,0.6666666666666666
7302826,ex-RUBY,0.6666666666666666
7302827,1w Team,0.3333333333333333
7302827,INOX Division,1.0
7302828,K27,0.3333333333333333
7302828,Virtus.pro,0.6666666666666666
7302843,Infinite Gaming,0.6666666666666666
7302843,Walczaki,0.6666666666666666
7302847,100 Thieves,0.3333333333333333
7302847,GenOne,0.6666666666666666
7302850,Aurora Gaming,1.0
7302850,FURIA Esports,1.0
7302855,INOX Division,0.6666666666666666
7302855,KOLESIE,0.6666666666666666
7302864,1w Team,0.3333333333333333
7302864,Virtus.pro,1.0
7302865,Team Falcons,1.0
7302865,Team Spirit,1.0
7302867,KOLESIE,0.6666666666666666
7302867,Walczaki,1.0
7302868,INOX Division,0.3333333333333333
7302868,Infinite Gaming,0.3333333333333333
7302870,Virtus.pro,1.0
7302870,ex-RUBY,1.0
7302875,100 Thieves,0.6666666666666666
7302875,TDK,0.6666666666666666
7302876,FURIA Esports,1.0
7302876,Team Falcons,1.0
7302892,TDK,0.6666666666666666
7302892,ex-RUBY,1.0
7302919,Betclic,0.0
7302919,OG,0.3333333333333333
7302923,9INE,0.0
7302923,GamerLegion,0.0
7302941,AM Gaming,0.3333333333333333
7302941,Sashi Esport,0.3333333333333333
7302943,FOKUS,0.3333333333333333
7302943,Infinite Gaming,0.6666666666666666
7302944,Echo,1.0
7302944,Walczaki,1.0
7302955,Betclic,0.3333333333333333
7302955,Esport Academy CPH,0.3333333333333333
7302965,Betclic,0.6666666666666666
7302965,Infinite Gaming,0.6666666666666666
7302966,Inner Circle,0.6666666666666666
7302966,Sashi Esport,0.6666666666666666
7302974,Acend,0.6666666666666666
7302974,Infinite Gaming,1.0
7302975,Inner Circle,0.3333333333333333
7302975,Walczaki,0.6666666666666666
7302984,Inner Circle,0.6666666666666666
7302984,Sharks Esports,1.0
7302987,Acend,0.6666666666666666
7302987,Echo,1.0
7303014,Echo,0.6666666666666666
7303014,Sharks Esports,0.6666666666666666
7303015,Acend,0.6666666666666666
7303015,Inner Circle,0.6666666666666666
10064064,BetBoom Team,0.5
10064064,Team Vitality,0.5
10064065,FaZe Clan,0.5
10064065,GamerLegion,0.5
10064066,Apeks,0.3333333333333333
10064066,Natus Vincere,0.5
10064067,MOUZ,0.5
10064067,VERTEX,0.5
10064068,ENCE,0.5
10064068,Lynn Vision Gaming,0.5
10064069,Cloud9,0.5
10064069,Fnatic,0.5
10064070,Complexity,0.5
10064070,Monte,1.0
10064071,G2 Esports,0.5
10064071,Grayhound Gaming,0.5
10064132,Monte,0.5
10064132,PARIVISION,0.5
10064133,B8 Esports,0.5
10064133,FORZE,0.5
10064134,Team Falcons,0.5
10064134,Team Space,0.5
10064135,Apeks,0.5
10064135,The Prodigies,0.5
10064136,Sinners Esports,0.5
10064136,Sprout,0.5
10064137,Aurora Gaming,0.5
10064137,Sangal Esports,0.5
10064138,RUBIK,0.5
10064138,Team Spirit,0.5
10064139,Pompa Team,0.5
10064139,SAW,0.5
10064140,EYEBALLERS,0.5
10064140,Looking4Org,0.5
10064141,9INE,0.5
10064141,IKLA,0.5
10064142,1win Team,0.5
10064142,ORKS,0.5
10064143,Betera,0.5
10064143,Movistar Riders,0.5
10064144,Grindas,0.5
10064144,Movistar Riders,0.0
10064145,Apeks,1.0
10064145,Aurora Gaming,1.0
10064146,Looking4Org,1.0
10064146,Team Spirit,1.0
10064147,BIG,0.5
10064147,The Chosen Few,0.5
10064148,Apeks,1.0
10064148,Movistar Riders,0.5
10064149,Team Spirit,1.0
10064149,The Chosen Few,1.0
10064150,Aurora Gaming,0.5
10064150,Grindas,0.0
10064151,BIG,0.0
10064151,Looking4Org,0.5
10064152,Aurora Gaming,0.6666666666666666
10064152,The Chosen Few,0.5
10064153,Apeks,0.6666666666666666
10064153,Looking4Org,0.6666666666666666
10064154,Aurora Gaming,0.6666666666666666
10064154,Looking4Org,0.6666666666666666
10064155,Movistar Riders,0.6666666666666666
10064155,Team Spirit,1.0
10064156,Looking4Org,1.0
10064156,Movistar Riders,0.6666666666666666
10064157,Looking4Org,1.0
10064157,Team Spirit,1.0
10064159,FORZE,1.0
10064159,Team Space,1.0
10064160,PARIVISION,0.0
10064160,Team Falcons,0.0
10064162,FORZE,0.5
10064162,PARIVISION,0.5
10064163,B8 Esports,0.0
10064163,Team Space,1.0
10064164,Apeks,0.3333333333333333
10064164,Sangal Esports,0.0
10064165,Aurora Gaming,0.3333333333333333
10064165,Sinners Esports,1.0
10064166,Sprout,0.0
10064166,The Prodigies,0.0
10064167,Apeks,0.6666666666666666
10064167,Sprout,0.3333333333333333
10064168,Aurora Gaming,0.6666666666666666
10064168,The Prodigies,0.5
10064169,Sangal Esports,0.0
10064169,Sinners Esports,1.0
10064170,Pompa Team,0.0
10064170,Team Spirit,0.6666666666666666
10064171,Looking4Org,1.0
10064171,SAW,1.0
10064172,EYEBALLERS,0.0
10064172,RUBIK,0.0
10064173,EYEBALLERS,0.5
10064173,Team Spirit,0.6666666666666666
10064174,RUBIK,0.0
10064174,SAW,0.5
10064175,Looking4Org,1.0
10064175,Pompa Team,0.0
10064176,9INE,1.0
10064176,ORKS,0.5
10064177,1win Team,1.0
10064177,Movistar Riders,0.3333333333333333
10064178,9INE,1.0
10064178,Betera,1.0
10064179,Betera,1.0
10064179,IKLA,0.0
10064180,1win Team,1.0
10064180,IKLA,0.0
10064181,Movistar Riders,0.0
10064181,ORKS,0.0
10064190,Forsaken,0.5
10064190,Wildcard Gaming,0.5
10064191,Evil Geniuses,0.5
10064191,Nouns Esports,0.5
10064192,Forsaken,1.0
10064192,Nouns Esports,1.0
10064193,Evil Geniuses,0.0
10064193,Wildcard Gaming,0.0
10064194,Evil Geniuses,0.5
10064194,Forsaken,0.5
10064195,Evil Geniuses,0.6666666666666666
10064195,Nouns Esports,1.0
10064196,9z Team,0.5
10064196,RED Canids,0.5
10064197,MIBR,0.5
10064197,Sharks Esports,0.5
10064198,CYBERSHOKE Esports,0.5
10064198,GUN5,0.5
10064199,Forward Gaming,0.5
10064199,Insilio,0.5
10064200,FatherSAndSons,0.5
10064200,HUEC,0.5
10064201,ARCRED,0.5
10064201,Nemiga Gaming,0.5
10064202,Forward Gaming,1.0
10064202,GUN5,1.0
10064203,CYBERSHOKE Esports,0.0
10064203,Insilio,0.0
10064204,Forward Gaming,0.5
10064204,Insilio,0.5
10064205,ARCRED,1.0
10064205,HUEC,1.0
10064206,FatherSAndSons,0.0
10064206,Nemiga Gaming,0.0
10064207,FatherSAndSons,0.5
10064207,HUEC,0.5
10064261,FatherSAndSons,0.6666666666666666
10064261,GUN5,1.0
10064262,ARCRED,1.0
10064262,Insilio,0.6666666666666666
10064264,ARCRED,1.0
10064264,FatherSAndSons,1.0
10064281,MOUZ,1.0
10064281,Natus Vincere,1.0
10064282,Apeks,0.0
10064282,VERTEX,0.0
10064283,BetBoom Team,1.0
10064283,GamerLegion,1.0
10064284,FaZe Clan,0.0
10064284,Team Vitality,0.0
10064285,BetBoom Team,1.0
10064285,MOUZ,1.0
10064286,FaZe Clan,0.5
10064286,Natus Vincere,0.5
10064287,Apeks,0.3333333333333333
10064287,GamerLegion,0.5
10064288,FaZe Clan,0.6666666666666666
10064288,GamerLegion,0.6666666666666666
10064289,ENCE,1.0
10064289,Fnatic,1.0
10064290,Complexity,1.0
10064290,G2 Esports,1.0
10064291,ENCE,1.0
10064291,G2 Esports,1.0
10064292,Cloud9,0.0
10064292,Lynn Vision Gaming,0.0
10064293,Grayhound Gaming,0.0
10064293,Monte,0.5
10064294,Cloud9,0.5
10064294,Complexity,0.5
10064295,Fnatic,0.5
10064295,Monte,0.6666666666666666
10064296,Complexity,0.6666666666666666
10064296,Monte,0.6666666666666666
10064301,ENCE,0.6666666666666666
10064301,FaZe Clan,1.0
10064302,BetBoom Team,0.6666666666666666
10064302,Complexity,0.6666666666666666
10064303,FaZe Clan,1.0
10064303,MOUZ,1.0
10064304,Complexity,1.0
10064304,G2 Esports,1.0
10064305,Complexity,1.0
10064305,FaZe Clan,1.0
10064307,TYLOO,0.5
10064307,Wings Up Gaming,0.5
10064308,TYLOO,1.0
10064308,The Mongolz,1.0
10064309,Rare Atom,0.0
10064309,Wings Up Gaming,0.0
10064311,TYLOO,1.0
10064311,The Mongolz,0.6666666666666666
10064312,9z Team,0.0
10064312,MIBR,0.0
10064313,RED Canids,1.0
10064313,Sharks Esports,1.0
10064314,MIBR,0.5
10064314,RED Canids,0.5
10064315,MIBR,0.6666666666666666
10064315,Sharks Esports,1.0
10064317,FORZE,0.6666666666666666
10064317,Team Falcons,0.0
10064318,B8 Esports,0.5
10064318,PARIVISION,0.3333333333333333
10064320,B8 Esports,0.3333333333333333
10064320,Team Falcons,0.3333333333333333
10064323,Aurora Gaming,0.0
10064323,Sprout,0.3333333333333333
10064324,Sangal Esports,0.0
10064324,The Prodigies,0.6666666666666666
10064328,Looking4Org,1.0
10064328,Team Spirit,0.6666666666666666
10064329,EYEBALLERS,0.3333333333333333
10064329,SAW,0.6666666666666666
10064332,EYEBALLERS,0.6666666666666666
10064332,Pompa Team,0.3333333333333333
10064333,Looking4Org,0.6666666666666666
10064333,RUBIK,0.3333333333333333
10064334,9INE,0.6666666666666666
10064334,Movistar Riders,0.3333333333333333
10064335,1win Team,1.0
10064335,Betera,0.6666666666666666
10064338,Betera,0.3333333333333333
10064338,ORKS,0.3333333333333333
10064340,Aurora Young Blood,0.5
10064340,BIG,0.0
10064341,Sinners Esports,1.0
10064341,Sprout,0.0
10064342,Anonymo Esports,0.5
10064342,OG,0.5
10064343,Bad News Eagles,0.5
10064343,Team EndPoint,0.5
10064344,Permitta Esports,0.5
10064344,Team Spirit,1.0
10064345,ALTERNATE aTTaX,0.5
10064345,Into The Breach,0.5
10064346,9INE,1.0
10064346,Team Falcons,0.0
10064347,00Nation,0.5
10064347,Pompa Team,0.0
10064374,Aurora Gaming,0.3333333333333333
10064374,Heroic,0.5
10064375,Eternal Fire,0.5
10064375,FURIA Esports,0.5
10064377,9z Team,0.0
10064377,Movistar Riders,0.0
10064378,Team Spirit,0.6666666666666666
10064378,Virtus.pro,1.0
10064386,Австралия,0.5
10064386,Великобритания,0.5
10064387,Anonymo Esports,1.0
10064387,Team EndPoint,1.0
10064388,9INE,1.0
10064388,Pompa Team,0.3333333333333333
10064389,BIG,0.3333333333333333
10064389,Sprout,0.3333333333333333
10064390,Into The Breach,1.0
10064390,Team Spirit,1.0
10064397,BESTIA,0.5
10064397,ODDIK,0.5
10064398,Imperial Esports,0.5
10064398,RED Canids,0.3333333333333333
10064399,Metizport,0.5
10064399,Virtus.pro,0.5
10064400,ALTERNATE aTTaX,0.0
10064400,ECSTATIC,0.5
10064401,BetBoom Team,0.3333333333333333
10064401,Team Falcons,0.0
10064402,Looking4Org,0.6666666666666666
10064402,MOUZ NXT,0.5
10064403,9Pandas,0.5
10064403,BIG,0.3333333333333333
10064405,1win Team,1.0
10064405,Team Sampi,0.5
10064406,00Nation,0.0
10064406,Bad News Eagles,0.0
10064407,Imperial Esports,1.0
10064407,ODDIK,1.0
10064408,BESTIA,0.0
10064408,RED Canids,0.0
10064422,BESTIA,0.6666666666666666
10064422,Imperial Esports,1.0
10064423,BESTIA,0.5
10064423,ODDIK,0.5
10064452,Anonymo Esports,1.0
10064452,BIG,0.6666666666666666
10064494,9INE,1.0
10064494,Team Spirit,1.0
10064497,BIG,0.6666666666666666
10064497,Team Spirit,1.0
10064509,Complexity,0.6666666666666666
10064509,Team Spirit,0.0
10064542,1win Team,1.0
10064542,Looking4Org,1.0
10064588,ENCE,0.3333333333333333
10064588,TYLOO,0.6666666666666666
10064652,Team Space,0.3333333333333333
10064652,Team Spirit,0.6666666666666666
10064653,1win Team,0.6666666666666666
10064653,Apeks,0.3333333333333333
10064656,Betera,0.3333333333333333
10064656,PARIVISION,0.3333333333333333
10064659,RUBIK,0.3333333333333333
10064659,Team Falcons,0.0
10064663,Steel Helmet,0.5
10064663,TYLOO,1.0
10064664,Lynn Vision Gaming,0.0
10064664,Wings Up Gaming,0.0
10064665,Lynn Vision Gaming,0.3333333333333333
10064665,TYLOO,1.0
10064704,1win Team,0.3333333333333333
10064704,Team Space,0.3333333333333333
10064706,Betera,0.6666666666666666
10064706,EYEBALLERS,0.6666666666666666
10064710,Betera,0.6666666666666666
10064710,Movistar Riders,0.6666666666666666
10064719,B8 Esports,0.3333333333333333
10064719,Into The Breach,0.5
10064720,Bad News Eagles,0.3333333333333333
10064720,Sprout,0.3333333333333333
10064723,Aurora Gaming,0.6666666666666666
10064723,ThunderFlash,0.5
10064725,9Pandas,0.5
10064725,Permitta Esports,0.0
10064726,ECSTATIC,0.6666666666666666
10064726,Preasy Esport,0.6666666666666666
10064728,SAW,0.3333333333333333
10064728,Sinners Esports,0.3333333333333333
10064770,9INE,0.6666666666666666
10064770,Team Spirit,0.6666666666666666
10064771,MIBR,0.6666666666666666
10064771,Team Spirit,1.0
10064773,9INE,0.3333333333333333
10064773,FORZE,0.3333333333333333
10064774,FORZE,1.0
10064774,MIBR,0.3333333333333333
10064811,Preasy Esport,0.3333333333333333
10064811,Team EndPoint,0.5
10064812,Guild Eagles,0.5
10064812,Legacy,0.5
10064813,Aurora Gaming,0.3333333333333333
10064813,paiN Gaming,0.5
10064815,Into The Breach,0.3333333333333333
10064815,Looking4Org,1.0
10064840,9Pandas,0.6666666666666666
10064840,Alliance,0.5
10064843,00Nation,0.3333333333333333
10064843,GODSENT,0.5
10064845,Entropiq,0.5
10064845,SAW,0.3333333333333333
10064878,ALTERNATE aTTaX,0.6666666666666666
10064878,Guild Eagles,0.6666666666666666
10064922,BetBoom Team,0.6666666666666666
10064922,MIBR,0.3333333333333333
10065010,M80,0.0
10065010,Party Astronauts,0.5
10065011,Evil Geniuses,0.6666666666666666
10065011,Wildcard Gaming,0.0
10065012,Evil Geniuses,0.6666666666666666
10065012,Party Astronauts,1.0
10065013,Evil Geniuses,0.6666666666666666
10065013,M80,0.6666666666666666
10065014,M80,0.0
10065014,Wildcard Gaming,0.0
10065016,Movistar Riders,0.6666666666666666
10065016,Pera Esports,0.5
10065017,FORZE,0.3333333333333333
10065017,Team Space,0.6666666666666666
10065018,Aurora Gaming,0.3333333333333333
10065018,Pompa Team,0.0
10065019,Apeks,0.3333333333333333
10065019,FTW,0.5
10065021,Aurora Gaming,0.3333333333333333
10065021,FTW,1.0
10065022,FORZE,0.6666666666666666
10065022,FTW,1.0
10065024,Movistar Riders,0.3333333333333333
10065024,Team Space,0.3333333333333333
10065025,Apeks,0.3333333333333333
10065025,Pompa Team,0.0
10065029,Apeks,1.0
10065029,FTW,0.6666666666666666
10065033,TYLOO,0.6666666666666666
10065033,The Mongolz,0.6666666666666666
10065034,ATOX Esports,0.0
10065034,New Happy,0.0
10065074,Anonymo Esports,0.6666666666666666
10065074,Into The Breach,1.0
10065116,Eternal Fire,0.6666666666666666
10065116,MIBR,0.6666666666666666
10065118,Preasy Esport,1.0
10065118,paiN Gaming,1.0
10065120,BIG,0.6666666666666666
10065120,Sinners Esports,0.6666666666666666
10065121,BIG,0.6666666666666666
10065121,Into The Breach,1.0
10065128,Alliance,0.0
10065128,IKLA,0.0
10065130,00Nation,0.0
10065130,EYEBALLERS,0.6666666666666666
10065207,Eternal Fire,1.0
10065207,Monte,1.0
10065212,B8 Esports,0.3333333333333333
10065212,RUBIK,0.3333333333333333
10065214,Apeks,0.6666666666666666
10065214,Team Space,0.0
10065217,EYEBALLERS,0.6666666666666666
10065217,Monte,1.0
10065220,FORZE,0.3333333333333333
10065220,Team Space,0.0
10065235,BLAST Dream Team,0.5
10065235,Team Denmark,0.5
10065261,00Nation,0.0
10065261,Anonymo Esports,0.0
10065268,ECSTATIC,0.6666666666666666
10065268,Guild Eagles,0.3333333333333333
10065271,GODSENT,0.3333333333333333
10065271,Ninjas in Pyjamas,0.0
10065272,Alliance,1.0
10065272,EYEBALLERS,0.3333333333333333
10065273,EYEBALLERS,0.6666666666666666
10065273,GODSENT,0.6666666666666666
10065274,Alliance,0.6666666666666666
10065274,Ninjas in Pyjamas,0.0
10065283,9Pandas,0.6666666666666666
10065283,Legacy,0.3333333333333333
10065284,Into The Breach,0.6666666666666666
10065284,RED Canids,0.0
10065310,BetBoom Team,0.3333333333333333
10065310,GamerLegion,0.0
10065311,BetBoom Team,0.3333333333333333
10065311,Cloud9,0.3333333333333333
10065320,Anonymo Esports,0.3333333333333333
10065320,Fluxo,0.3333333333333333
10065347,FORZE,0.6666666666666666
10065347,Forward Gaming,0.3333333333333333
10065348,5bears,0.5
10065348,Wildcats,0.5
10065357,Alliance,0.3333333333333333
10065357,Sprout,0.3333333333333333
10065378,Aurora Gaming,0.6666666666666666
10065378,BIG,1.0
10065379,9Pandas,0.6666666666666666
10065379,Guild Eagles,1.0
10065429,BetBoom Team,0.6666666666666666
10065429,Virtus.pro,0.6666666666666666
10065431,HSG,0.5
10065431,Nigma Galaxy Female,0.5
10065434,FlyQuest RED,0.0
10065434,HSG,0.0
10065435,HSG,0.5
10065435,Nigma Galaxy Female,0.5
10065436,9Pandas Fearless,0.5
10065436,FURIA Esports Female,0.5
10065438,9Pandas Fearless,1.0
10065438,NAVI Javelins,1.0
10065447,Fluxo Demons,1.0
10065447,NAVI Javelins,0.6666666666666666
10065448,9Pandas Fearless,1.0
10065448,Nigma Galaxy Female,0.6666666666666666
10065449,NAVI Javelins,0.6666666666666666
10065449,Nigma Galaxy Female,0.6666666666666666
10065450,IKLA,0.0
10065450,Preasy Esport,0.6666666666666666
10065451,GODSENT,0.6666666666666666
10065451,TSM,0.6666666666666666
10065452,Sprout,0.3333333333333333
10065452,Team EndPoint,0.0
10065453,ALTERNATE aTTaX,0.6666666666666666
10065453,sYnck,0.5
10065454,IKLA,0.0
10065454,TSM,0.3333333333333333
10065455,Team EndPoint,0.0
10065455,sYnck,0.0
10065456,Sprout,0.3333333333333333
10065456,TSM,0.3333333333333333
10065458,GODSENT,0.3333333333333333
10065458,Preasy Esport,1.0
10065459,ALTERNATE aTTaX,0.6666666666666666
10065459,Sprout,0.6666666666666666
10065460,ALTERNATE aTTaX,0.6666666666666666
10065460,GODSENT,0.6666666666666666
10065462,GODSENT,0.3333333333333333
10065462,Preasy Esport,0.6666666666666666
10065468,Alliance,0.3333333333333333
10065468,Sprout,0.3333333333333333
10065469,Anonymo Esports,0.6666666666666666
10065469,Guild Eagles,0.6666666666666666
10065470,BetBoom Team,0.6666666666666666
10065470,Preasy Esport,1.0
10065474,9INE,0.3333333333333333
10065474,BetBoom Team,0.6666666666666666
10065476,9INE,0.6666666666666666
10065476,BIG,1.0
10065541,Apeks,0.6666666666666666
10065541,The Mongolz,1.0
10065542,Complexity,0.0
10065542,GamerLegion,0.0
10065559,Team LenaGol0vach,0.5
10065559,Team Paradeev1ch,0.5
10065560,Team Rachel,0.5
10065560,Team Shadowkek,0.5
10065561,Team Paradeev1ch,0.0
10065561,Team Shadowkek,0.0
10065562,Team LenaGol0vach,1.0
10065562,Team Rachel,1.0
10065563,Team LenaGol0vach,0.5
10065563,Team Paradeev1ch,0.5
10065564,Team LenaGol0vach,0.6666666666666666
10065564,Team Rachel,1.0
10065610,Alliance,0.3333333333333333
10065610,VP.Prodigy,0.5
10065615,Alliance,0.3333333333333333
10065615,Rhyno Esports,0.0
10065619,Aurora Young Blood,0.3333333333333333
10065619,Metizport,0.3333333333333333
10065621,Alliance,0.6666666666666666
10065621,The Witchers,1.0
10065807,Galaxy Gaming,0.5
10065807,PARIVISION,0.0
10065808,1ADL,0.5
10065808,OG,0.3333333333333333
10065809,TEAM MAXX,0.5
10065809,TSM,0.6666666666666666
10065810,Espionage,0.0
10065810,boomerdemons,0.5
10065811,AVANGAR,0.5
10065811,Bleed Esports,0.5
10065812,Alliance,0.6666666666666666
10065812,REAL MADRID,0.5
10065813,EYEBALLERS,0.3333333333333333
10065813,Fnatic,0.0
10065814,Heroic,0.0
10065814,Nemiga Gaming,0.0
10065815,00Nation,0.0
10065815,9INE,0.6666666666666666
10065816,Illuminar,0.3333333333333333
10065816,Team Secret,0.5
10065828,B8 Esports,0.3333333333333333
10065828,Johnny Speeds,0.5
10065845,ECSTATIC,0.0
10065845,Illuminar,0.3333333333333333
10065846,Dynamo Eclot,0.5
10065846,Espionage,0.3333333333333333
10065847,Bleed Esports,1.0
10065847,Sangal Esports,0.6666666666666666
10065848,9INE,0.6666666666666666
10065848,Forward Gaming,0.3333333333333333
10065849,Fnatic,0.3333333333333333
10065849,HAVU Gaming,0.6666666666666666
10065850,Johnny Speeds,1.0
10065850,ex-ThunderFlash,0.5
10065851,9INE,0.6666666666666666
10065851,Zero Tenacity,0.3333333333333333
10065852,K10,0.5
10065852,KOI,0.5
10065853,ENEIDA,0.5
10065853,Entropiq,0.3333333333333333
10065854,Bleed Esports,1.0
10065854,IKLA,0.0
10065855,ECSTATIC,0.3333333333333333
10065855,Fnatic,0.6666666666666666
10065856,Espionage,0.6666666666666666
10065856,ex-ThunderFlash,1.0
10065857,Bleed Esports,1.0
10065857,Entropiq,0.6666666666666666
10065858,9INE,1.0
10065858,KOI,1.0
10065859,Fnatic,1.0
10065859,ex-ThunderFlash,1.0
10065860,Entropiq,0.6666666666666666
10065860,KOI,1.0
10065874,Datejust,0.5
10065874,my life be like,1.0
10065875,NRG Esports,1.0
10065875,my life be like,1.0
10065876,MagicLight,0.5
10065876,NRG Esports,0.5
10065877,Los Grandes,0.5
10065877,Team Liquid,0.5
10065878,Team Liquid,1.0
10065878,vagrants,0.5
10065879,WICKED,0.5
10065879,vagrants,0.0
10065880,NRG Esports,1.0
10065880,Team Liquid,1.0
10065881,my life be like,0.5
10065881,vagrants,0.5
10065907,EYEBALLERS,0.0
10065907,Heroic,0.0
10065909,ESC Gaming,0.5
10065909,JANO Esports,0.5
10065910,Bleed Esports,0.6666666666666666
10065910,Team Space,0.0
10065911,XI Esport,0.5
10065911,boomerdemons,0.0
10065912,Nexus Gaming,0.5
10065912,PARIVISION,0.0
10065913,B8 Esports,0.0
10065913,CYBERSHOKE Esports,0.0
10065914,00Nation,0.0
10065914,Nemiga Gaming,0.3333333333333333
10065915,GUN5,0.6666666666666666
10065915,Heroic,0.3333333333333333
10065916,PARIVISION,0.3333333333333333
10065916,francesinha,0.5
10065917,GODSENT,0.3333333333333333
10065917,IKLA,0.0
10065919,GRGECHI,1.0
10065919,Team EndPoint,0.3333333333333333
10065920,GRGECHI,0.5
10065920,OG,0.0
10065922,HAVU Gaming,0.3333333333333333
10065922,TSM,0.3333333333333333
10065929,Gucci Gaming Academy,0.5
10065929,Team Space,0.3333333333333333
10065931,ILIN,1.0
10065931,Team EndPoint,0.6666666666666666
10065932,Anonymo Esports,0.6666666666666666
10065932,Betera,0.3333333333333333
10065933,Alliance,0.3333333333333333
10065933,Lazer Cats,0.5
10065964,ILIN,0.5
10065964,RUSH B,0.5
10065965,Alliance,0.3333333333333333
10065965,Betera,0.3333333333333333
10065971,Heroic,1.0
10065971,sYnck,0.3333333333333333
10065972,IKLA,0.6666666666666666
10065972,Team Space,0.6666666666666666
10065973,Anonymo Esports,0.6666666666666666
10065973,Pera Esports,0.3333333333333333
10065974,ILIN,1.0
10065974,Sinners Esports,0.3333333333333333
10065985,Heroic,1.0
10065985,IKLA,1.0
10065986,Pera Esports,0.6666666666666666
10065986,Sinners Esports,0.6666666666666666
10065987,Heroic,1.0
10065987,Sinners Esports,1.0
10065988,IKLA,0.6666666666666666
10065988,Pera Esports,0.6666666666666666
10065989,Los Grandes,0.0
10065989,WICKED,0.0
10065990,Los Grandes,0.5
10065990,Rocket,1.0
10065991,Rocket,0.5
10065991,The Nomads,0.5
10065992,Bad News Bricks,0.5
10065992,FLUFFY AIMERS,0.5
10065993,Cloud 10,1.0
10065993,FLUFFY AIMERS,1.0
10065994,Cloud 10,0.5
10065994,regain,0.5
10065995,Cloud 10,1.0
10065995,Rocket,1.0
10065996,FLUFFY AIMERS,0.5
10065996,Los Grandes,0.3333333333333333
10066077,Dynamo Eclot,0.0
10066077,TSM,0.0
10066078,Team EndPoint,0.3333333333333333
10066078,Team Secret,0.0
10066079,Espionage,0.6666666666666666
10066079,boomerdemons,0.0
10066081,9INE,0.6666666666666666
10066081,The Witchers,1.0
10066092,B8 Esports,0.0
10066092,BEZFORMbI,0.5
10066093,HAVU Gaming,0.3333333333333333
10066093,Passion UA,0.5
10066094,OG,0.0
10066094,Passion UA,1.0
10066095,CYBERSHOKE Esports,0.3333333333333333
10066095,LOADING-,0.5
10066096,B8 Esports,0.3333333333333333
10066096,Insilio,0.6666666666666666
10066097,Nexus Gaming,0.0
10066097,OG,0.3333333333333333
10066098,LOADING-,1.0
10066098,sYnck,0.6666666666666666
10066099,ECSTATIC,0.3333333333333333
10066099,UNiTY,0.5
10066100,Betera,0.3333333333333333
10066100,FTW,0.0
10066102,Anonymo Esports,0.3333333333333333
10066102,ESC Gaming,1.0
10066105,Complexity,0.6666666666666666
10066105,NRG Esports,0.6666666666666666
10066106,M80,0.3333333333333333
10066106,Team Liquid,1.0
10066107,BOSS,1.0
10066107,Wildcard Gaming,0.3333333333333333
10066108,Carpe Diem,1.0
10066108,Party Astronauts,0.3333333333333333
10066109,Nouns Esports,0.0
10066109,vagrants,0.3333333333333333
10066110,Badass Gaming,0.0
10066110,Los Grandes,0.3333333333333333
10066111,FLUFFY AIMERS,0.0
10066111,my life be like,0.3333333333333333
10066112,Cloud 10,0.3333333333333333
10066112,Rocket,0.6666666666666666
10066115,Insilio,0.6666666666666666
10066115,Permitta Esports,0.3333333333333333
10066116,Betera,0.6666666666666666
10066116,sYnck,0.6666666666666666
10066117,Anonymo Esports,0.6666666666666666
10066117,OG,0.6666666666666666
10066118,500,1.0
10066118,ECSTATIC,0.6666666666666666
10066119,OG,1.0
10066119,Permitta Esports,0.6666666666666666
10066121,ECSTATIC,0.6666666666666666
10066121,sYnck,1.0
10066122,M80,0.6666666666666666
10066122,Wildcard Gaming,0.6666666666666666
10066123,Complexity,0.6666666666666666
10066123,Party Astronauts,0.6666666666666666
10066124,Badass Gaming,0.5
10066124,Team Liquid,0.6666666666666666
10066125,NRG Esports,0.3333333333333333
10066125,Nouns Esports,0.3333333333333333
10066126,BOSS,0.5
10066126,my life be like,0.3333333333333333
10066127,Carpe Diem,0.5
10066127,Rocket,0.6666666666666666
10066128,FLUFFY AIMERS,0.0
10066128,Los Grandes,0.3333333333333333
10066129,Cloud 10,0.0
10066129,vagrants,0.0
10066130,Lilmix,0.5
10066130,Ninjas in Pyjamas,0.3333333333333333
10066131,Astralis,0.3333333333333333
10066131,Ninjas in Pyjamas,0.6666666666666666
10066132,ALTERNATE aTTaX,0.6666666666666666
10066132,Astralis,0.0
10066133,ALTERNATE aTTaX,0.3333333333333333
10066133,Lilmix,0.0
10066149,PARIVISION,0.3333333333333333
10066149,Sangal Esports,0.6666666666666666
10066150,HAVU Gaming,0.3333333333333333
10066150,m1xx,0.5
10066151,PARIVISION,0.6666666666666666
10066151,Peanut5,0.5
10066152,M80,0.6666666666666666
10066152,Nouns Esports,0.6666666666666666
10066153,BOSS,0.6666666666666666
10066153,Rocket,0.6666666666666666
10066154,Party Astronauts,0.6666666666666666
10066154,Team Liquid,0.6666666666666666
10066155,Los Grandes,0.3333333333333333
10066155,NRG Esports,0.3333333333333333
10066156,Carpe Diem,0.3333333333333333
10066156,my life be like,0.3333333333333333
10066157,Badass Gaming,0.3333333333333333
10066157,Cloud 10,0.3333333333333333
10066158,Badass Gaming,0.6666666666666666
10066158,Party Astronauts,0.3333333333333333
10066159,NRG Esports,0.3333333333333333
10066159,Rocket,0.6666666666666666
10066160,Carpe Diem,0.3333333333333333
10066160,Nouns Esports,0.6666666666666666
10066169,Bleed Esports,0.3333333333333333
10066169,ENTERPRISE esports,0.5
10066170,REAL MADRID,1.0
10066170,Sprout,0.3333333333333333
10066171,Illuminar,0.3333333333333333
10066171,Passion UA,0.5
10066172,ENTERPRISE esports,1.0
10066172,Nemiga Gaming,0.3333333333333333
10066173,00Nation,0.3333333333333333
10066173,CYBERSHOKE Esports,0.3333333333333333
10066174,Dynamo Eclot,0.5
10066174,TSM,0.0
10066175,B8 Esports,0.3333333333333333
10066175,fency&dogs,0.5
10066181,Galorys,0.5
10066181,Imperial Esports,0.6666666666666666
10066184,Lynn Vision Gaming,0.3333333333333333
10066184,秽土转生,0.5
10066187,SHPL,0.5
10066187,TYLOO,0.0
10066188,Lynn Vision Gaming,0.6666666666666666
10066188,Wings Up Gaming,0.3333333333333333
10066189,New Happy,0.6666666666666666
10066189,TYLOO,0.3333333333333333
10066190,Steel Helmet,0.0
10066190,秽土转生,0.0
10066192,New Happy,0.3333333333333333
10066192,Steel Helmet,0.3333333333333333
10066193,Rare Atom,0.3333333333333333
10066193,Wings Up Gaming,0.3333333333333333
10066197,Team NKT,0.5
10066197,The Mongolz,0.3333333333333333
10066198,MungYu Esports,0.5
10066198,The Huns Esports,0.5
10066199,MungYu Esports,1.0
10066199,The Mongolz,0.6666666666666666
10066200,ATOX Esports,0.3333333333333333
10066200,GR Gaming,1.0
10066201,ATOX Esports,0.0
10066201,Fort Arena,0.5
10066202,Eruption,0.5
10066202,GR Gaming,0.5
10066388,PIXEL Team,0.5
10066388,TSM,0.3333333333333333
10066389,EYEBALLERS,0.0
10066389,PARIVISION,0.6666666666666666
10066390,Alliance,0.3333333333333333
10066390,xGOD,0.5
10066391,00Nation,0.3333333333333333
10066391,Turow Zgorzelec Esport,0.5
10066392,Aurora Young Blood,0.3333333333333333
10066392,For The Win eSports,0.5
10066393,EYEBALLERS,0.3333333333333333
10066393,Espionage,0.6666666666666666
10066394,ESC Gaming,0.5
10066394,Nexus Gaming,0.3333333333333333
10066395,00Nation,0.6666666666666666
10066395,Team EndPoint,0.3333333333333333
10066396,Passion UA,0.6666666666666666
10066396,Rebels Gaming,0.5
10066397,Zero Tenacity,0.3333333333333333
10066397,samaloyod,0.5
10066398,Linx Legacy Madagaskar,0.5
10066398,The Witchers,1.0
10066399,EYEBALLERS,0.6666666666666666
10066399,The Witchers,1.0
10066400,Aurora Young Blood,0.3333333333333333
10066400,JANO Esports,0.5
10066401,Nexus Gaming,0.6666666666666666
10066401,Team EndPoint,0.3333333333333333
10066402,Passion UA,0.6666666666666666
10066402,Zero Tenacity,0.3333333333333333
10066403,Alliance,0.6666666666666666
10066403,Nexus Gaming,0.0
10066404,Anonymo Esports,0.3333333333333333
10066404,JANO Esports,0.0
10066407,Sinners Esports,0.6666666666666666
10066407,Virtus.pro,1.0
10066408,ECSTATIC,1.0
10066408,Natus Vincere,0.6666666666666666
10066409,Cloud9,0.3333333333333333
10066409,OG,1.0
10066410,BIG,1.0
10066410,Permitta Esports,0.6666666666666666
10066411,BetBoom Team,0.3333333333333333
10066411,Zero Tenacity,0.6666666666666666
10066413,9Pandas,0.3333333333333333
10066413,Nexus Gaming,1.0
10066414,Fnatic,0.6666666666666666
10066414,SAW,0.3333333333333333
10066415,EYEBALLERS,1.0
10066415,MOUZ,0.6666666666666666
10066416,KOI,1.0
10066416,Team Spirit,1.0
10066417,Eternal Fire,0.6666666666666666
10066417,Pera Esports,0.3333333333333333
10066418,AMKAL Esports,1.0
10066418,sYnck,0.3333333333333333
10066419,Astralis,0.6666666666666666
10066419,ex-ThunderFlash,1.0
10066420,Entropiq,0.6666666666666666
10066420,Preasy Esport,0.6666666666666666
10066421,Aurora Gaming,0.3333333333333333
10066421,IKLA,0.6666666666666666
10066427,For The Win eSports,0.0
10066427,Natus Vincere Junior,0.5
10066428,Insilio,0.3333333333333333
10066428,PARIVISION,0.6666666666666666
10066429,For The Win eSports,0.5
10066429,Insilio,0.6666666666666666
10066430,FreeESPI,0.5
10066430,sYnck,0.6666666666666666
10066431,AMKAL Esports,1.0
10066431,FreeESPI,1.0
10066432,AMKAL Esports,0.5
10066432,PIXEL Team,1.0
10066433,Gucci Gaming Academy,0.0
10066433,Into The Breach,0.3333333333333333
10066434,Guild Eagles,0.6666666666666666
10066434,Into The Breach,0.3333333333333333
10066435,Capcarap,0.5
10066435,Guild Eagles,0.3333333333333333
10066436,500,0.5
10066436,Ninjas in Pyjamas,0.6666666666666666
10066437,500,0.6666666666666666
10066437,Sprout,0.3333333333333333
10066438,GUN5,0.3333333333333333
10066438,Sprout,0.3333333333333333
10066439,AMKAL Esports,1.0
10066439,Insilio,0.6666666666666666
10066440,Guild Eagles,0.6666666666666666
10066440,Sprout,0.6666666666666666
10066441,Team Liquid,0.6666666666666666
10066441,Wildcard Gaming,1.0
10066442,Team Liquid,1.0
10066442,huge sweaty,1.0
10066443,MIGHT,0.5
10066443,huge sweaty,0.5
10066444,Badass Gaming,0.6666666666666666
10066444,Party Astronauts,0.0
10066445,Badass Gaming,1.0
10066445,NRG Esports,0.6666666666666666
10066446,NRG Esports,0.3333333333333333
10066446,regain,0.0
10066447,Badass Gaming,1.0
10066447,Team Liquid,1.0
10066448,BESTIA,0.3333333333333333
10066448,w7m esports,0.5
10066449,Patins da Ferrari,0.5
10066449,Sharks Esports,0.3333333333333333
10066450,ODDIK,0.3333333333333333
10066450,paiN Gaming,0.3333333333333333
10066451,Legacy,0.0
10066451,RED Canids,0.6666666666666666
10066456,BESTIA,0.6666666666666666
10066456,Sharks Esports,0.3333333333333333
10066457,RED Canids,0.6666666666666666
10066457,paiN Gaming,0.6666666666666666
10066458,Sharks Esports,0.6666666666666666
10066458,paiN Gaming,0.6666666666666666
10066459,TIMACETA,0.5
10066459,w7m esports,0.0
10066460,Legacy,0.3333333333333333
10066460,w7m esports,0.5
10066461,Imperial Esports,1.0
10066461,Legacy,0.0
10066462,Case Esports,0.6666666666666666
10066462,paiN Gaming,0.6666666666666666
10066463,RED Canids,0.3333333333333333
10066463,adalYamigos,0.5
10066464,Case Esports,0.6666666666666666
10066464,RED Canids,0.6666666666666666
10066465,Legacy,0.6666666666666666
10066465,RED Canids,0.6666666666666666
10066530,Heroic,1.0
10066530,MOUZ,0.6666666666666666
10066531,Eternal Fire,0.6666666666666666
10066531,IKLA,0.6666666666666666
10066532,AMKAL Esports,1.0
10066532,KOI,1.0
10066533,Astralis,1.0
10066533,Preasy Esport,0.6666666666666666
10066538,SAW,0.3333333333333333
10066538,Virtus.pro,1.0
10066539,9Pandas,0.3333333333333333
10066539,Natus Vincere,0.6666666666666666
10066540,Cloud9,0.3333333333333333
10066540,Team 3DMAX,1.0
10066541,BIG,1.0
10066541,BetBoom Team,0.6666666666666666
10066543,ECSTATIC,0.6666666666666666
10066543,Nexus Gaming,0.6666666666666666
10066547,BetBoom Team,0.6666666666666666
10066547,Cloud9,0.6666666666666666
10066550,9Pandas,0.3333333333333333
10066550,ECSTATIC,0.6666666666666666
10066554,Heroic,0.6666666666666666
10066554,KOI,0.6666666666666666
10066556,IKLA,0.6666666666666666
10066556,Pera Esports,0.3333333333333333
10066562,Nouns Esports,0.6666666666666666
10066562,Rocket,0.6666666666666666
10066563,NRG Esports,0.6666666666666666
10066563,Wildcard Gaming,0.6666666666666666
10066564,Nouns Esports,1.0
10066564,Wildcard Gaming,0.6666666666666666
10066565,Immunity Apartments,0.5
10066565,Rooster,0.5
10066566,Mindfreak,0.5
10066566,Vantage Esports,0.5
10066567,Bad News Kangaroos,0.5
10066567,DXA Esports,0.5
10066568,Grayhound Gaming,0.0
10066568,RKON,0.5
10066569,Mindfreak,1.0
10066569,Rooster,1.0
10066570,Bad News Kangaroos,1.0
10066570,Grayhound Gaming,0.3333333333333333
10066571,Immunity Apartments,0.0
10066571,Vantage Esports,0.0
10066573,Grayhound Gaming,0.3333333333333333
10066573,Vantage Esports,0.5
10066576,Grayhound Gaming,0.6666666666666666
10066576,Rooster,0.6666666666666666
10066582,Eruption,0.5
10066582,MungYu Esports,0.5
10066584,ATOX Esports,0.6666666666666666
10066584,The Huns Esports,1.0
10066585,ATOX Esports,0.6666666666666666
10066585,The Mongolz,0.6666666666666666
10066586,Gods Reign,0.5
10066586,RESILIENCE,0.5
10066587,2ez Gaming,0.5
10066587,SR Nacague,0.5
10066588,DEWA United,0.5
10066588,Troublemakers,0.5
10066589,Drippy Lab,0.5
10066589,Myth Avenue Gaming,0.5
10066590,DEWA United,1.0
10066590,Myth Avenue Gaming,1.0
10066591,Gods Reign,1.0
10066591,SR Nacague,1.0
10066594,2ez Gaming,0.5
10066594,DEWA United,0.5
10066595,SR Nacague,0.5
10066595,Troublemakers,0.5
10066596,DEWA United,0.6666666666666666
10066596,Troublemakers,0.6666666666666666
10066597,Gods Reign,0.6666666666666666
10066597,Troublemakers,1.0
10066598,Gods Reign,1.0
10066598,Myth Avenue Gaming,1.0
10066599,Myth Avenue Gaming,1.0
10066599,Troublemakers,1.0
10066633,BetBoom Team,0.6666666666666666
10066633,OG,0.6666666666666666
10066636,KOI,0.6666666666666666
10066636,ex-ThunderFlash,0.6666666666666666
10066638,Cloud9,0.3333333333333333
10066638,Rebels Gaming,0.0
10066639,BetBoom Team,0.6666666666666666
10066639,Eternal Fire,1.0
10066646,FaZe Clan,1.0
10066646,Rebels Gaming,0.6666666666666666
10066657,KOI,0.3333333333333333
10066657,Pera Esports,0.6666666666666666
10066658,MOUZ,0.3333333333333333
10066658,Preasy Esport,0.3333333333333333
10066659,Heroic,0.3333333333333333
10066659,sYnck,0.6666666666666666
10066660,MIBR,0.3333333333333333
10066660,TIMACETA,0.5
10066661,Legacy,0.6666666666666666
10066661,paiN Gaming,0.3333333333333333
10066662,Fluxo,0.3333333333333333
10066662,RED Canids,0.3333333333333333
10066663,BESTIA,0.6666666666666666
10066663,Imperial Esports,0.6666666666666666
10066664,9z Team,1.0
10066664,adalYamigos,0.0
10066665,Galorys,0.0
10066665,Sharks Esports,0.3333333333333333
10066666,Flamengo Esports,0.0
10066666,ODDIK,0.0
10066667,Case Esports,0.3333333333333333
10066667,w7m esports,0.3333333333333333
10066668,Sharks Esports,0.3333333333333333
10066668,paiN Gaming,0.3333333333333333
10066669,TIMACETA,0.3333333333333333
10066669,w7m esports,0.3333333333333333
10066670,9z Team,1.0
10066670,ODDIK,0.3333333333333333
10066671,Fluxo,0.3333333333333333
10066671,Imperial Esports,0.3333333333333333
10066672,BESTIA,0.6666666666666666
10066672,MIBR,0.6666666666666666
10066673,Legacy,0.6666666666666666
10066673,RED Canids,0.6666666666666666
10066676,ECSTATIC,0.3333333333333333
10066676,Pera Esports,0.3333333333333333
10066680,Pera Esports,0.0
10066680,sYnck,0.3333333333333333
10066681,Team 3DMAX,0.3333333333333333
10066681,sYnck,0.0
10066686,9z Team,0.6666666666666666
10066686,Sharks Esports,0.3333333333333333
10066687,Case Esports,0.3333333333333333
10066687,Fluxo,0.3333333333333333
10066688,M80,0.6666666666666666
10066688,Wildcard Gaming,1.0
10066689,BOSS,0.6666666666666666
10066689,Team Liquid,1.0
10066690,BOSS,0.6666666666666666
10066690,M80,0.3333333333333333
10066691,Team Liquid,1.0
10066691,Wildcard Gaming,1.0
10066692,M80,0.6666666666666666
10066692,Wildcard Gaming,0.6666666666666666
10066693,M80,0.6666666666666666
10066693,Team Liquid,1.0
10066736,Case Esports,0.6666666666666666
10066736,paiN Gaming,0.3333333333333333
10066737,Flamengo Esports,0.6666666666666666
10066737,RED Canids,0.3333333333333333
10066738,BESTIA,0.6666666666666666
10066738,w7m esports,0.6666666666666666
10066739,Mindfreak,0.3333333333333333
10066739,Rooster,0.3333333333333333
10066740,Bad News Kangaroos,0.6666666666666666
10066740,Grayhound Gaming,1.0
10066742,Grayhound Gaming,1.0
10066742,Mindfreak,0.6666666666666666
10066745,MIBR,0.6666666666666666
10066745,Sharks Esports,1.0
10066746,9z Team,0.3333333333333333
10066746,RED Canids,1.0
10066747,RED Canids,0.6666666666666666
10066747,Sharks Esports,0.6666666666666666
10066748,MIBR,0.3333333333333333
10066748,Sharks Esports,0.6666666666666666
10066749,9z Team,0.3333333333333333
10066749,MIBR,0.6666666666666666
10066750,9z Team,0.6666666666666666
10066750,MIBR,0.6666666666666666
10067020,The Huns Esports,0.6666666666666666
10067020,The Mongolz,1.0
10067021,TYLOO,0.6666666666666666
10067021,Wings Up Gaming,0.3333333333333333
10067022,TYLOO,0.6666666666666666
10067022,The Mongolz,1.0
10067023,The Huns Esports,0.3333333333333333
10067023,Wings Up Gaming,0.0
10067024,TYLOO,0.6666666666666666
10067024,The Huns Esports,0.3333333333333333
10067025,TYLOO,0.6666666666666666
10067025,The Mongolz,1.0
10067093,Nigma Galaxy Female,1.0
10067093,Sprout,0.6666666666666666
10067101,Dynamo Eclot,0.3333333333333333
10067101,Sprout,0.6666666666666666
10067102,9Pandas,0.6666666666666666
10067102,Nemiga Gaming,0.6666666666666666
10067104,Permitta Esports,0.3333333333333333
10067104,Team 3DMAX,0.3333333333333333
10067105,Espionage,0.3333333333333333
10067105,RUSH B,0.0
10067106,FORZE,0.3333333333333333
10067106,GUN5,0.0
10067107,Insilio,0.6666666666666666
10067107,Team 7AM,0.5
10067108,500,0.3333333333333333
10067108,Fnatic,0.6666666666666666
10067115,Fnatic,0.6666666666666666
10067115,Insilio,0.6666666666666666
10067116,Permitta Esports,0.6666666666666666
10067116,RUBY,1.0
10067117,Nemiga Gaming,0.6666666666666666
10067117,Sprout,0.6666666666666666
10067118,Espionage,0.6666666666666666
10067118,FORZE,0.6666666666666666
10067119,Espionage,0.6666666666666666
10067119,Insilio,0.6666666666666666
10067120,Nemiga Gaming,1.0
10067120,RUBY,1.0
10067122,Eternal Fire,1.0
10067122,Rebels Gaming,0.5
10067126,BetBoom Team,0.3333333333333333
10067126,Cloud9,0.0
10067133,M80,0.6666666666666666
10067133,Rebels Gaming,0.3333333333333333
10067181,Rebels Gaming,0.3333333333333333
10067181,Team Falcons,0.3333333333333333
10067214,Nigma Galaxy Female,0.6666666666666666
10067214,Team Sampi,0.0
10067215,9INE,0.0
10067215,Alliance,0.3333333333333333
10067283,KOI,0.6666666666666666
10067283,Natus Vincere,0.6666666666666666
10067287,BetBoom Team,0.0
10067287,Fnatic,0.3333333333333333
10067290,Sprout,0.3333333333333333
10067290,Team 3DMAX,0.3333333333333333
10067291,Fnatic,0.6666666666666666
10067291,Sprout,0.3333333333333333
10067292,Team 3DMAX,0.3333333333333333
10067292,Team EndPoint,0.6666666666666666
10067293,Fnatic,0.3333333333333333
10067293,Team 3DMAX,0.3333333333333333
10067295,FURIA Esports,0.0
10067295,Metizport,0.6666666666666666
10067296,Apeks,0.3333333333333333
10067296,Metizport,1.0
10067297,FURIA Esports,0.0
10067297,ex-Anonymo Esports,0.0
10067298,FURIA Esports,0.3333333333333333
10067298,Metizport,0.6666666666666666
10067302,BetBoom Team,0.3333333333333333
10067302,Nemiga Gaming,1.0
10067306,BetBoom Team,0.0
10067306,FORZE,0.3333333333333333
10067311,Espionage,0.6666666666666666
10067311,Insilio,0.3333333333333333
10067350,ALTERNATE aTTaX,0.6666666666666666
10067350,Passion UA,0.3333333333333333
10067351,Alliance,0.3333333333333333
10067351,Sangal Esports,0.6666666666666666
10067451,BetBoom Team,0.0
10067451,Into The Breach,0.3333333333333333
10067452,KOI,0.3333333333333333
10067452,Team 3DMAX,0.3333333333333333
10067459,9Pandas,0.3333333333333333
10067459,KOI,0.6666666666666666
10067463,BetBoom Team,0.3333333333333333
10067463,ENTERPRISE esports,0.3333333333333333
10067468,Fnatic,0.6666666666666666
10067468,KOI,0.6666666666666666
10067472,BetBoom Team,0.6666666666666666
10067472,Natus Vincere,0.6666666666666666
10067521,BetBoom Team,0.6666666666666666
10067521,Eternal Fire,0.3333333333333333
10067522,B8 Esports,0.3333333333333333
10067522,Pera Esports,0.3333333333333333
10067523,500,0.0
10067523,Sinners Esports,0.0
10067524,500,0.3333333333333333
10067524,B8 Esports,0.3333333333333333
10067525,Pera Esports,0.3333333333333333
10067525,Sinners Esports,0.0
10067526,500,0.3333333333333333
10067526,Sinners Esports,0.3333333333333333
10067527,Monte,0.3333333333333333
10067527,The Chosen Few,0.3333333333333333
10067528,Aurora Gaming,0.0
10067528,ENEIDA,0.0
10067529,Aurora Gaming,0.3333333333333333
10067529,Monte,0.6666666666666666
10067530,ENEIDA,0.0
10067530,The Chosen Few,0.0
10067533,Aurora Gaming,0.3333333333333333
10067533,ENEIDA,0.3333333333333333
10067534,Aurora Gaming,0.6666666666666666
10067534,Monte,1.0
10067548,ENCE,0.0
10067548,Guild Eagles,0.0
10067549,GamerLegion,0.0
10067549,Pera Esports,0.0
10067555,Heroic,0.6666666666666666
10067555,Team Vitality,0.3333333333333333
10067593,ECSTATIC,0.3333333333333333
10067593,Guild Eagles,0.6666666666666666
10067665,Betera,0.3333333333333333
10067665,Monte,0.6666666666666666
10067666,ALTERNATE aTTaX,0.3333333333333333
10067666,Aurora Gaming,0.6666666666666666
10067667,Rebels Gaming,0.6666666666666666
10067667,Sprout,0.0
10067672,Pera Esports,0.0
10067672,System5,0.5
10067675,Rebels Gaming,0.3333333333333333
10067675,brazylijski luz,0.5
10067677,Betera,0.0
10067677,Pera Esports,0.0
10067685,Betera,0.3333333333333333
10067685,RUSH B,0.0
10067687,Sprout,0.0
10067687,brazylijski luz,0.3333333333333333
10067692,KOI,0.0
10067692,TSM,0.3333333333333333
10067693,Betera,0.6666666666666666
10067693,SAW,0.3333333333333333
10067695,9Pandas,0.3333333333333333
10067695,KOI,1.0
10067699,Betera,0.6666666666666666
10067699,System5,0.0
10067703,KOI,0.3333333333333333
10067703,Sangal Esports,0.6666666666666666
10067704,Apeks,0.6666666666666666
10067704,Team Space,0.3333333333333333
10067706,B8 Esports,0.6666666666666666
10067706,Team 3DMAX,0.0
10067709,EYEBALLERS,0.3333333333333333
10067709,KOI,0.0
10067714,B8 Esports,1.0
10067714,PARIVISION,0.3333333333333333
10067715,9INE,0.0
10067715,KOI,0.3333333333333333
10067725,Looking For 0rg,0.5
10067725,Zero Tenacity,0.3333333333333333
10067726,HOTU,0.5
10067726,Ramboot R10,0.5
10067727,Looking For 0rg,1.0
10067727,Ramboot R10,0.0
10067728,HOTU,1.0
10067728,Zero Tenacity,0.0
10067729,HOTU,1.0
10067729,Looking For 0rg,1.0
10067730,Ramboot R10,0.0
10067730,Zero Tenacity,0.0
10067731,Rare Atom,0.6666666666666666
10067731,xGOD,0.0
10067732,Donstu Esports,0.5
10067732,Love Kazan,0.5
10067733,Love Kazan,1.0
10067733,xGOD,0.5
10067734,Donstu Esports,0.0
10067734,Rare Atom,0.3333333333333333
10067735,Donstu Esports,0.5
10067735,xGOD,0.3333333333333333
10067736,Love Kazan,1.0
10067736,Rare Atom,0.0
10067737,HOTU,1.0
10067737,xGOD,0.6666666666666666
10067738,Looking For 0rg,0.6666666666666666
10067738,Love Kazan,1.0
10067739,Looking For 0rg,0.6666666666666666
10067739,xGOD,0.6666666666666666
10067740,HOTU,0.6666666666666666
10067740,Love Kazan,0.6666666666666666
10067741,FURIA Esports,0.3333333333333333
10067741,Imperial Esports,0.6666666666666666
10067742,9z Team,0.6666666666666666
10067742,BESTIA,0.6666666666666666
10067743,BESTIA,0.3333333333333333
10067743,Imperial Esports,0.6666666666666666
10067744,9z Team,1.0
10067744,FURIA Esports,0.6666666666666666
10067745,9z Team,0.6666666666666666
10067745,BESTIA,0.6666666666666666
10067747,Rooster,0.0
10067747,Vantage Esports,0.3333333333333333
10067748,Bad News Kangaroos,0.0
10067748,Grayhound Gaming,1.0
10067749,Bad News Kangaroos,0.0
10067749,Vantage Esports,0.3333333333333333
10067750,Grayhound Gaming,1.0
10067750,Rooster,0.3333333333333333
10067751,Bad News Kangaroos,0.3333333333333333
10067751,Rooster,0.3333333333333333
10067752,Grayhound Gaming,1.0
10067752,Rooster,0.6666666666666666
10067764,Myth Avenue Gaming,0.6666666666666666
10067764,The Mongolz,0.3333333333333333
10067765,ATOX Esports,0.6666666666666666
10067765,Grayhound Gaming,1.0
10067766,JiJieHao,1.0
10067766,TYLOO,0.6666666666666666
10067767,Lynn Vision Gaming,1.0
10067767,Twisted Minds,0.6666666666666666
10067768,Grayhound Gaming,1.0
10067768,The Mongolz,0.3333333333333333
10067769,Lynn Vision Gaming,1.0
10067769,TYLOO,1.0
10067773,ATOX Esports,0.6666666666666666
10067773,TYLOO,0.6666666666666666
10067777,BOSS,0.3333333333333333
10067777,Wildcard Gaming,0.3333333333333333
10067778,Nouns Esports,0.6666666666666666
10067778,Team Liquid,0.3333333333333333
10067779,BOSS,0.3333333333333333
10067779,Nouns Esports,0.6666666666666666
10067780,Team Liquid,0.0
10067780,Wildcard Gaming,0.0
10067781,BOSS,0.3333333333333333
10067781,Team Liquid,0.3333333333333333
10067782,Nouns Esports,0.6666666666666666
10067782,Team Liquid,0.6666666666666666
10067804,Heroic,0.6666666666666666
10067804,OG,0.3333333333333333
10067809,BIG,0.3333333333333333
10067809,Bleed Esports,0.6666666666666666
10067814,ALTERNATE aTTaX,0.6666666666666666
10067814,BetBoom Team,0.0
10067815,Fnatic,0.0
10067815,Preasy Esport,0.3333333333333333
10067816,ALTERNATE aTTaX,0.3333333333333333
10067816,Fnatic,0.0
10067817,BetBoom Team,0.3333333333333333
10067817,Preasy Esport,0.6666666666666666
10067822,Aurora Gaming,1.0
10067822,Rebels Gaming,0.3333333333333333
10067827,Monte,0.3333333333333333
10067827,Team 3DMAX,0.6666666666666666
10067831,KOI,1.0
10067831,ex-ENEIDA,0.5
10067832,Aurora Gaming,0.6666666666666666
10067832,FORZE,0.6666666666666666
10067833,HAVU Gaming,0.0
10067833,Team Spirit Academy,0.5
10067834,9Pandas,0.6666666666666666
10067834,Lotus,0.5
10067835,FORZE,0.6666666666666666
10067835,KOI,1.0
10067836,9Pandas,1.0
10067836,Team Spirit Academy,1.0
10067838,HAVU Gaming,0.0
10067838,Lotus,0.0
10067841,HAVU Gaming,0.3333333333333333
10067841,KOI,0.6666666666666666
10067842,Aurora Gaming,1.0
10067842,KOI,0.6666666666666666
10067894,BetBoom Team,0.6666666666666666
10067894,Sprout,0.3333333333333333
10067895,Preasy Esport,0.3333333333333333
10067895,ex-ENEIDA,0.0
10067898,KOI,0.3333333333333333
10067898,The Chosen Few,0.0
10067900,9INE,0.0
10067900,ILIN,0.6666666666666666
10067919,BetBoom Team,1.0
10067919,Preasy Esport,0.3333333333333333
10067920,ECSTATIC,1.0
10067920,Fnatic,1.0
10067921,TSM,0.6666666666666666
10067921,The Chosen Few,0.3333333333333333
10067922,ILIN,0.6666666666666666
10067922,Metizport,0.6666666666666666
10067923,ECSTATIC,1.0
10067923,Preasy Esport,0.6666666666666666
10067924,Metizport,0.6666666666666666
10067924,The Chosen Few,0.6666666666666666
10067926,Bleed Esports,1.0
10067926,Rebels Gaming,0.6666666666666666
10067927,BetBoom Team,0.6666666666666666
10067927,ECSTATIC,0.6666666666666666
10067953,ALTERNATE aTTaX,0.0
10067953,Sprout,0.0
10067963,AMKAL Esports,0.3333333333333333
10067963,GamerLegion,0.3333333333333333
10067964,KOI,0.3333333333333333
10067964,SAW,1.0
10067966,JiJieHao,0.5
10067966,Twisted Minds,0.5
10067967,Nixuh,0.5
10067967,Onyx Ravens,0.5
10067968,15 Average Gaming,0.5
10067968,Team Shush,0.5
10067969,Bravado Gaming,0.5
10067969,Kitsune Esports,0.5
10067970,JiJieHao,1.0
10067970,Onyx Ravens,1.0
10067971,Nixuh,0.0
10067971,Twisted Minds,0.0
10067972,Kitsune Esports,0.0
10067972,Team Shush,0.0
10067973,15 Average Gaming,1.0
10067973,Bravado Gaming,1.0
10067974,Bravado Gaming,0.5
10067974,Twisted Minds,0.5
10067975,JiJieHao,0.5
10067975,Team Shush,0.5
10067976,JiJieHao,0.6666666666666666
10067976,Twisted Minds,0.6666666666666666
10067977,JiJieHao,0.6666666666666666
10067977,Onyx Ravens,1.0
10067978,15 Average Gaming,1.0
10067978,Onyx Ravens,0.6666666666666666
10067979,Espionage,0.6666666666666666
10067979,Johnny Speeds,0.5
10067980,Betera,0.3333333333333333
10067980,Insilio,0.3333333333333333
10067981,Fnatic,0.6666666666666666
10067981,Passion UA,0.6666666666666666
10067982,B8 Esports,0.6666666666666666
10067982,UGANDA,0.5
10067983,KOI,0.3333333333333333
10067983,Sprout,0.3333333333333333
10067984,GUN5,0.0
10067984,Nemiga Gaming,1.0
10067986,FORZE,0.6666666666666666
10067986,Team 3DMAX,0.6666666666666666
10067987,B8 Esports,0.6666666666666666
10067987,Passion UA,0.6666666666666666
10067998,Insilio,0.6666666666666666
10067998,Johnny Speeds,0.6666666666666666
10067999,KOI,0.3333333333333333
10067999,Nemiga Gaming,1.0
10068000,AMKAL Esports,0.3333333333333333
10068000,FORZE,0.6666666666666666
10068001,B8 Esports,0.6666666666666666
10068001,Johnny Speeds,0.6666666666666666
10068002,FORZE,0.6666666666666666
10068002,KOI,0.6666666666666666
10068027,Alliance,0.6666666666666666
10068027,Sprout,0.3333333333333333
10068188,Apeks,0.6666666666666666
10068188,KOI,1.0
10068265,B8 Esports,0.3333333333333333
10068265,KOI,0.6666666666666666
10068270,B8 Esports,0.6666666666666666
10068270,Metizport,0.6666666666666666
10068512,ENCE,0.0
10068512,KOI,0.3333333333333333
10068526,FURIA Esports,0.3333333333333333
10068526,KOI,0.3333333333333333
10068626,Legacy,0.3333333333333333
10068626,The Mongolz,0.6666666666666666
10068630,B8 Esports,0.3333333333333333
10068630,Sprout,0.3333333333333333
10068631,GUN5,0.0
10068631,Team 3DMAX,0.3333333333333333
10068632,TSM,0.3333333333333333
10068632,VP.Prodigy,0.6666666666666666
10068633,FORZE,0.6666666666666666
10068633,Natus Vincere Junior,0.0
10068634,B8 Esports,0.3333333333333333
10068634,BetBoom Team,0.3333333333333333
10068638,BetBoom Team,0.6666666666666666
10068638,Fnatic,0.6666666666666666
10068640,BetBoom Team,0.6666666666666666
10068640,FORZE,0.6666666666666666
10068934,Astralis,0.3333333333333333
10068934,Steel Helmet,0.3333333333333333
10068937,Metizport,0.0
10068937,TSM,0.3333333333333333
10068938,9z Team,0.6666666666666666
10068938,Natus Vincere Junior,0.0
10068939,AURA,0.5
10068939,Team 3DMAX,0.6666666666666666
10068940,Aurora Gaming,1.0
10068940,DMS,0.5
10068941,500,1.0
10068941,Buenas Tardes,0.5
10068942,FORZE,0.6666666666666666
10068942,Team Secret,0.0
10068943,Betera,0.3333333333333333
10068943,Verdant,0.5
10068944,Coalesce,0.5
10068944,Ninjas in Pyjamas,0.0
10068945,BetBoom Team,0.6666666666666666
10068945,brazylijski luz,0.6666666666666666
10068946,BLESSED,0.5
10068946,L&G,0.5
10068947,Guild Eagles,0.3333333333333333
10068947,MANGANES,0.5
10068948,ALTERNATE aTTaX,0.6666666666666666
10068948,Heimo,0.5
10068949,Passion UA,0.3333333333333333
10068949,Rebels Gaming,0.0
10068950,Espionage,0.6666666666666666
10068950,Pera Esports,0.0
10068951,B8 Esports,0.6666666666666666
10068951,ECSTATIC,0.3333333333333333
10068952,Bleed Esports,0.6666666666666666
10068952,Team Sampi,0.3333333333333333
10068980,ECSTATIC,0.3333333333333333
10068980,Team Denmark,0.0
10068995,BLESSED,1.0
10068995,BetBoom Team,0.6666666666666666
10068996,ALTERNATE aTTaX,0.6666666666666666
10068996,Guild Eagles,0.3333333333333333
10068997,Metizport,0.3333333333333333
10068997,Natus Vincere Junior,0.3333333333333333
10068998,AURA,1.0
10068998,Aurora Gaming,1.0
10068999,B8 Esports,0.6666666666666666
10068999,Team Sampi,0.3333333333333333
10069000,Espionage,0.6666666666666666
10069000,Rebels Gaming,0.3333333333333333
10069001,500,1.0
10069001,FORZE,0.6666666666666666
10069002,Ninjas in Pyjamas,0.3333333333333333
10069002,Verdant,1.0
10069003,ALTERNATE aTTaX,1.0
10069003,BLESSED,1.0
10069004,B8 Esports,1.0
10069004,Rebels Gaming,0.6666666666666666
10069005,500,1.0
10069005,Ninjas in Pyjamas,0.6666666666666666
10069037,Party Astronauts,0.0
10069037,Take Flyte,0.0
10069038,BOSS,0.3333333333333333
10069038,Nouns Esports,0.3333333333333333
10069040,Nouns Esports,0.6666666666666666
10069040,Party Astronauts,0.6666666666666666
10069043,BESTIA,0.0
10069043,Sharks Esports,0.0
10069044,Fluxo,0.3333333333333333
10069044,MIBR,0.6666666666666666
10069045,BESTIA,0.3333333333333333
10069045,Fluxo,0.3333333333333333
10069046,Fluxo,0.6666666666666666
10069046,MIBR,0.6666666666666666
10069047,LYG Gaming,0.5
10069047,The Mongolz,0.0
10069050,ATOX Esports,0.3333333333333333
10069050,The Mongolz,0.0
10069051,LYG Gaming,0.5
10069051,The Mongolz,0.3333333333333333
10069053,Nexus Gaming,0.0
10069053,Sashi Esport,0.5
10069054,Bleed Esports,0.6666666666666666
10069054,ENTERPRISE esports,0.0
10069055,Metizport,0.6666666666666666
10069055,PARIVISION,1.0
10069058,AMKAL Esports,0.6666666666666666
10069058,Alliance,0.6666666666666666
10069059,B8 Esports,0.3333333333333333
10069059,Team EndPoint,0.6666666666666666
10069075,ALTERNATE aTTaX,0.6666666666666666
10069075,AMKAL Esports,0.0
10069076,500,0.6666666666666666
10069076,Guild Eagles,0.3333333333333333
10069081,Nemiga Gaming,0.6666666666666666
10069081,Zero Tenacity,0.6666666666666666
10069082,GUN5,0.0
10069082,GamerLegion,0.3333333333333333
10069086,LEON,0.5
10069086,Lazer Cats,0.0
10069091,KOI,0.6666666666666666
10069091,NOM eSports,0.5
10069093,Insilio,0.3333333333333333
10069093,PARIVISION,1.0
10069094,AMKAL Esports,0.3333333333333333
10069094,Guild Eagles,0.3333333333333333
10069095,AMKAL Esports,0.3333333333333333
10069095,PARIVISION,0.6666666666666666
10069098,AMKAL Esports,1.0
10069098,Insilio,0.6666666666666666
10069100,Alliance,0.3333333333333333
10069100,BenchedHeroes,0.5
10069101,BenchedHeroes,0.0
10069101,Bleed Esports,0.3333333333333333
10069102,Alliance,0.6666666666666666
10069102,BetBoom Team,0.6666666666666666
10069105,1win Team,0.0
10069105,Aurora Gaming,1.0
10069108,1win Team,0.3333333333333333
10069108,9Pandas,0.6666666666666666
10069110,1win Team,0.6666666666666666
10069110,Aurora Gaming,1.0
10069111,Apeks,0.3333333333333333
10069111,GUN5,0.0
10069112,Fnatic,0.6666666666666666
10069112,KOI,1.0
10069113,GUN5,0.0
10069113,KOI,0.6666666666666666
10069115,Apeks,0.3333333333333333
10069115,KOI,0.6666666666666666
10069118,Aurora Gaming,0.6666666666666666
10069118,BetBoom Team,1.0
10069120,AMKAL Esports,0.6666666666666666
10069120,BetBoom Team,1.0
10069121,Aurora Gaming,1.0
10069121,BetBoom Team,0.6666666666666666
10069123,Bleed Esports,1.0
10069123,KOI,0.6666666666666666
10069156,Fluxo,0.3333333333333333
10069156,RED Canids,0.3333333333333333
10069224,BIG,0.6666666666666666
10069224,BetBoom Team,1.0
10069227,BetBoom Team,0.6666666666666666
10069227,Ninjas in Pyjamas,0.6666666666666666
10069233,Aurora Gaming,1.0
10069233,BetBoom Team,0.3333333333333333
10069234,BetBoom Team,0.3333333333333333
10069234,OG,1.0
10069242,Sashi Esport,0.0
10069242,Team EndPoint,0.6666666666666666
10069260,Aurora Gaming,1.0
10069260,KOI,0.3333333333333333
10069264,Betera,0.6666666666666666
10069264,TSM,0.3333333333333333
10069268,Apeks,0.6666666666666666
10069268,ex-Sprout,0.5
10069289,BetBoom Team,0.3333333333333333
10069289,M80,0.6666666666666666
10069290,Team Falcons,0.0
10069290,The Mongolz,1.0
10069323,ALTERNATE aTTaX,0.3333333333333333
10069323,Team EndPoint,0.3333333333333333
10069324,Bleed Esports,0.6666666666666666
10069324,MOUZ NXT,0.0
10069325,Dynamo Eclot,0.3333333333333333
10069325,ex-sYnck,0.5
10069326,ECF,0.5
10069326,GODSENT,0.6666666666666666
10069327,INGLORIOUS,0.5
10069327,Metizport,1.0
10069328,Permitta Esports,0.6666666666666666
10069328,Team Secret,0.5
10069329,Espionage,0.6666666666666666
10069329,JANO Esports,0.0
10069330,Young Ninjas,1.0
10069330,Zero Tenacity,0.3333333333333333
10069331,ECF,1.0
10069331,MOUZ NXT,0.3333333333333333
10069332,Team Secret,0.6666666666666666
10069332,Zero Tenacity,0.6666666666666666
10069333,Dynamo Eclot,0.3333333333333333
10069333,Metizport,1.0
10069334,ALTERNATE aTTaX,0.0
10069334,Espionage,0.6666666666666666
10069335,INGLORIOUS,0.0
10069335,ex-sYnck,0.0
10069336,Bleed Esports,1.0
10069336,GODSENT,0.0
10069337,JANO Esports,0.0
10069337,Team EndPoint,0.0
10069338,ALTERNATE aTTaX,0.6666666666666666
10069338,MOUZ NXT,0.6666666666666666
10069339,Dynamo Eclot,0.6666666666666666
10069339,Zero Tenacity,0.6666666666666666
10069340,ECF,0.5
10069340,Permitta Esports,0.6666666666666666
10069341,Espionage,0.3333333333333333
10069341,ex-sYnck,0.5
10069342,Metizport,1.0
10069342,Team Secret,0.6666666666666666
10069343,Bleed Esports,0.6666666666666666
10069343,Team EndPoint,0.6666666666666666
10069344,INGLORIOUS,0.0
10069344,JANO Esports,0.0
10069345,GODSENT,0.0
10069345,Young Ninjas,0.6666666666666666
10069346,Bleed Esports,0.6666666666666666
10069346,Espionage,0.6666666666666666
10069347,Dynamo Eclot,0.6666666666666666
10069347,Permitta Esports,0.6666666666666666
10069348,ALTERNATE aTTaX,0.3333333333333333
10069348,Metizport,0.6666666666666666
10069349,Team EndPoint,0.6666666666666666
10069349,Team Secret,0.3333333333333333
10069350,ECF,0.3333333333333333
10069350,JANO Esports,0.3333333333333333
10069351,Young Ninjas,0.6666666666666666
10069351,ex-sYnck,0.3333333333333333
10069352,Dynamo Eclot,0.3333333333333333
10069352,Espionage,0.6666666666666666
10069353,Team EndPoint,0.6666666666666666
10069353,ex-sYnck,0.6666666666666666
10069354,ECF,0.3333333333333333
10069354,Metizport,0.3333333333333333
10069355,ALTERNATE aTTaX,0.0
10069355,Sinners Esports,1.0
10069356,B8 Esports,0.3333333333333333
10069356,MOUZ NXT,1.0
10069360,Gaimin Gladiators,0.5
10069360,Team EndPoint,0.3333333333333333
10069362,Alliance,0.0
10069362,Zero Tenacity,0.3333333333333333
10069368,MIBR,1.0
10069368,paiN Gaming,0.6666666666666666
10069369,KOI,0.6666666666666666
10069369,RUSH B,0.6666666666666666
10069372,Monte,0.6666666666666666
10069372,Rebels Gaming,0.6666666666666666
10069373,Betera,0.3333333333333333
10069373,brazylijski luz,0.3333333333333333
10069391,Sangal Esports,0.6666666666666666
10069391,TSM,0.3333333333333333
10069392,Rebels Gaming,0.6666666666666666
10069392,brazylijski luz,0.6666666666666666
10069427,Team DD,0.5
10069427,Team captainMo,0.5
10069428,Alliance,0.3333333333333333
10069428,MOUZ NXT,1.0
10069433,ECF,0.6666666666666666
10069433,ENTERPRISE esports,0.6666666666666666
10069436,Metizport,0.0
10069436,Team EndPoint,0.0
10069437,Alliance,0.3333333333333333
10069437,HAVU Gaming,0.0
10069440,Guild Eagles,0.3333333333333333
10069440,Sashi Esport,1.0
10069466,BIG,0.3333333333333333
10069466,GamerLegion,0.3333333333333333
10069467,Team Liquid,0.3333333333333333
10069467,straykids,0.5
10069468,G3,0.5
10069468,NRG Esports,0.0
10069469,Elevate,0.0
10069469,Wildcard Gaming,0.0
10069470,Nouns Esports,0.6666666666666666
10069470,Take Flyte,0.0
10069471,G3,1.0
10069471,Team Liquid,0.3333333333333333
10069472,Elevate,0.3333333333333333
10069472,Nouns Esports,0.6666666666666666
10069476,O Plano,0.5
10069476,RED Canids,0.3333333333333333
10069477,Fluxo,0.3333333333333333
10069477,ODDIK,0.3333333333333333
10069478,MIBR,1.0
10069478,RED Canids,0.3333333333333333
10069479,TYLOO,0.0
10069479,The Huns Esports,0.3333333333333333
10069480,DEWA United,0.3333333333333333
10069480,Sheer Conquer,0.5
10069481,MIRAI Gaming,0.5
10069481,Rare Atom,0.0
10069482,LYG Gaming,0.3333333333333333
10069482,Team NKT,0.0
10069484,Rare Atom,0.3333333333333333
10069484,Team NKT,0.3333333333333333
10069485,JiJieHao,0.3333333333333333
10069485,midnights,0.5
10069486,R8 Esports,0.5
10069486,VC esport,0.5
10069487,Baltimore,0.5
10069487,NoChance,0.5
10069488,Onyx Ravens,0.3333333333333333
10069488,XO Esports,0.5
10069489,Gaimin Gladiators,1.0
10069489,Nemiga Gaming,1.0
10069520,BetBoom Team,0.3333333333333333
10069520,Team Vitality,0.6666666666666666
10069527,BetBoom Team,0.6666666666666666
10069527,M80,0.6666666666666666
10069559,DMS,0.0
10069559,EYEBALLERS,0.0
10069562,GamerLegion,0.3333333333333333
10069562,Sashi Esport,0.6666666666666666
10069563,Fnatic,0.6666666666666666
10069563,KOI,0.6666666666666666
10069564,9Pandas,0.0
10069564,Sashi Esport,0.6666666666666666
10069565,Heroic,0.6666666666666666
10069565,brazylijski luz,0.6666666666666666
10069566,9INE,0.0
10069566,Aurora Gaming,1.0
10069567,1win Team,0.6666666666666666
10069567,Gaimin Gladiators,1.0
10069568,ENCE,0.3333333333333333
10069568,FRAGMATIC,0.5
10069569,Aloha,0.5
10069569,BIG,0.6666666666666666
10069570,RUBY,0.3333333333333333
10069570,Team Falcons,0.0
10069575,M80,0.6666666666666666
10069575,Team Liquid,1.0
10069576,Elevate,0.6666666666666666
10069576,Legacy,0.3333333333333333
10069578,M80,0.6666666666666666
10069578,Team Liquid,1.0
10069581,Imperial Esports,1.0
10069581,MIBR,1.0
10069582,Fluxo,0.6666666666666666
10069582,paiN Gaming,0.3333333333333333
10069585,Rare Atom,0.6666666666666666
10069585,The Mongolz,1.0
10069586,Lynn Vision Gaming,0.3333333333333333
10069586,TYLOO,0.6666666666666666
10069587,TYLOO,1.0
10069587,The Mongolz,1.0
10069588,Lynn Vision Gaming,0.3333333333333333
10069588,Rare Atom,0.6666666666666666
10069590,Rare Atom,0.6666666666666666
10069590,The Mongolz,1.0
10069591,JiJieHao,0.6666666666666666
10069591,VC esport,1.0
10069592,NoChance,1.0
10069592,Onyx Ravens,0.3333333333333333
10069627,Guild Eagles,0.6666666666666666
10069627,KOI,0.6666666666666666
10069629,RUBY,0.6666666666666666
10069629,Sashi Esport,0.6666666666666666
10069630,Apeks,0.3333333333333333
10069630,DMS,0.5
10069631,Guild Eagles,0.6666666666666666
10069631,Sashi Esport,1.0
10069632,Apeks,0.6666666666666666
10069632,BetBoom Team,0.6666666666666666
10069641,9INE,0.0
10069641,ex-Sprout,0.0
10069642,Cloud9,0.3333333333333333
10069642,Sashi Esport,1.0
10069643,BetBoom Team,1.0
10069643,Eternal Fire,0.6666666666666666
10069644,Eternal Fire,0.6666666666666666
10069644,Sashi Esport,1.0
10069645,Eternal Fire,0.6666666666666666
10069645,Sashi Esport,0.6666666666666666
10069646,BetBoom Team,0.6666666666666666
10069646,Cloud9,0.3333333333333333
10069647,Cloud9,0.3333333333333333
10069647,Sashi Esport,0.6666666666666666
10069648,9Pandas,0.0
10069648,Sangal Esports,0.6666666666666666
10069649,Alliance,0.6666666666666666
10069649,Nemiga Gaming,0.3333333333333333
10069650,B8 Esports,0.0
10069650,Zero Tenacity,0.3333333333333333
10069651,HAVU Gaming,0.0
10069651,PARIVISION,0.0
10069652,ALTERNATE aTTaX,0.0
10069652,Bleed Esports,0.6666666666666666
10069653,ENTERPRISE esports,0.3333333333333333
10069653,MOUZ NXT,0.6666666666666666
10069654,Passion UA,0.6666666666666666
10069654,Permitta Esports,0.6666666666666666
10069655,Nexus Gaming,0.3333333333333333
10069655,Young Ninjas,0.3333333333333333
10069656,9Pandas,0.0
10069656,Alliance,0.3333333333333333
10069658,Alliance,0.6666666666666666
10069658,Sangal Esports,0.6666666666666666
10069661,B8 Esports,0.6666666666666666
10069661,PARIVISION,0.3333333333333333
10069670,Sangal Esports,0.6666666666666666
10069670,brazylijski luz,0.6666666666666666
10069683,Nemiga Gaming,0.6666666666666666
10069683,Zero Tenacity,0.6666666666666666
10069684,B8 Esports,0.6666666666666666
10069684,Bleed Esports,0.6666666666666666
10069689,B8 Esports,0.3333333333333333
10069689,PARIVISION,0.3333333333333333
10069690,Bleed Esports,1.0
10069690,Sashi Esport,0.6666666666666666
10069691,Alliance,0.6666666666666666
10069691,Metizport,0.3333333333333333
10069692,Gaimin Gladiators,0.6666666666666666
10069692,Sashi Esport,1.0
10069693,Bleed Esports,0.6666666666666666
10069693,MOUZ NXT,0.3333333333333333
10069695,Alliance,0.3333333333333333
10069695,B8 Esports,1.0
10069745,Passion UA,0.3333333333333333
10069745,Sashi Esport,1.0
10069761,Apeks,0.6666666666666666
10069761,Aurora Gaming,0.6666666666666666
10069766,MIBR,0.6666666666666666
10069766,Rebels Gaming,0.3333333333333333
10069799,Apeks,1.0
10069799,MIBR,0.6666666666666666
10069801,Aurora Gaming,0.6666666666666666
10069801,MIBR,0.6666666666666666
10069805,500,1.0
10069805,Sashi Esport,1.0
10069808,BetBoom Team,0.6666666666666666
10069808,Team 3DMAX,0.6666666666666666
10069809,OG,0.6666666666666666
10069809,Sashi Esport,1.0
10069811,Sashi Esport,1.0
10069811,Team 3DMAX,0.6666666666666666
10069812,Fnatic,1.0
10069812,Sashi Esport,1.0
10069813,Alliance,0.3333333333333333
10069813,Team EndPoint,0.6666666666666666
10069848,ALTERNATE aTTaX,0.6666666666666666
10069848,Grannys Knockers,0.3333333333333333
10069849,Fnatic,0.3333333333333333
10069849,PARIVISION,0.6666666666666666
10069854,KOI,0.3333333333333333
10069854,Zero Tenacity,0.3333333333333333
10069855,BetBoom Team,0.6666666666666666
10069855,EYEBALLERS,0.6666666666666666
10069861,Grannys Knockers,0.3333333333333333
10069861,Team EndPoint,0.6666666666666666
10069864,9Pandas,0.6666666666666666
10069864,BetBoom Team,0.6666666666666666
10069868,AMKAL Esports,1.0
10069868,BetBoom Team,1.0
10069869,BetBoom Team,0.6666666666666666
10069869,MOUZ,1.0
10069999,ENCE,0.3333333333333333
10069999,Fnatic,0.3333333333333333
10070006,Astralis,0.6666666666666666
10070006,BetBoom Team,0.3333333333333333
10070008,BetBoom Team,0.0
10070008,MIBR,0.3333333333333333
10070009,BetBoom Team,0.3333333333333333
10070009,MIBR,0.3333333333333333
10070017,Sashi Esport,1.0
10070017,Team EndPoint,0.6666666666666666
10070021,Guild Eagles,0.0
10070021,Sashi Esport,0.6666666666666666
10070024,Monte,1.0
10070024,Sashi Esport,0.6666666666666666
10070026,B8 Esports,1.0
10070026,Sashi Esport,1.0
10070064,9INE,0.3333333333333333
10070064,EYEBALLERS,0.0
10070067,System5,0.6666666666666666
10070067,Team Space,0.6666666666666666
10070098,Bleed Esports,0.3333333333333333
10070098,MOUZ NXT,0.3333333333333333
10070099,DMS,0.3333333333333333
10070099,Monte,0.6666666666666666
10070100,DMS,0.3333333333333333
10070100,MOUZ NXT,0.0
10070101,Bleed Esports,0.6666666666666666
10070101,Monte,0.6666666666666666
10070103,Team 3DMAX,0.3333333333333333
10070103,Zero Tenacity,0.3333333333333333
10070108,Passion UA,0.3333333333333333
10070108,Sashi Esport,1.0
10070110,ALTERNATE aTTaX,0.0
10070110,Sashi Esport,0.6666666666666666
10070111,9Pandas,0.6666666666666666
10070111,Passion UA,0.6666666666666666
10070112,Passion UA,0.3333333333333333
10070112,Sashi Esport,0.6666666666666666
10070118,ALTERNATE aTTaX,0.3333333333333333
10070118,Sangal Esports,0.6666666666666666
10070119,Bleed Esports,0.3333333333333333
10070119,MOUZ NXT,0.6666666666666666
10070120,PARIVISION,0.3333333333333333
10070120,Passion UA,0.0
10070121,B8 Esports,0.3333333333333333
10070121,Nemiga Gaming,1.0
10070122,ALTERNATE aTTaX,0.6666666666666666
10070122,MOUZ NXT,0.6666666666666666
10070123,Nemiga Gaming,1.0
10070123,Passion UA,0.3333333333333333
10070124,MOUZ NXT,0.6666666666666666
10070124,Nemiga Gaming,1.0
10070125,EYEBALLERS,0.3333333333333333
10070125,Pera Esports,0.6666666666666666
10070189,Monte,0.6666666666666666
10070189,Sashi Esport,0.6666666666666666
10070191,9Pandas,0.6666666666666666
10070191,Bleed Esports,0.3333333333333333
10070198,BetBoom Team,0.6666666666666666
10070198,Eternal Fire,0.6666666666666666
10070213,Bleed Esports,0.6666666666666666
10070213,Chinggis Warriors,0.5
10070222,Bleed Esports,0.6666666666666666
10070222,The Mongolz,0.6666666666666666
10070223,Bleed Esports,0.6666666666666666
10070223,The Mongolz,1.0
10070245,Pera Esports,1.0
10070245,System5,0.6666666666666666
10070247,1win Team,0.3333333333333333
10070247,ECSTATIC,0.3333333333333333
10070248,Metizport,0.6666666666666666
10070248,Team Space,1.0
10070252,Alliance,0.3333333333333333
10070252,B8 Esports,0.6666666666666666
10070253,BetBoom Team,0.3333333333333333
10070253,DMS,0.3333333333333333
10070254,Passion UA,0.3333333333333333
10070254,Permitta Esports,0.0
10070255,Sinners Esports,0.0
10070255,VP.Prodigy,0.6666666666666666
10070256,Illuminar,0.3333333333333333
10070256,Team Sampi,0.0
10070257,ALTERNATE aTTaX,0.0
10070257,Nexus Gaming,0.6666666666666666
10070258,RUBY,0.3333333333333333
10070258,Team EndPoint,0.3333333333333333
10070259,DMS,0.0
10070259,MOUZ NXT,0.3333333333333333
10070260,GUN5,0.0
10070260,Zero Tenacity,1.0
10070261,B8 Esports,0.6666666666666666
10070261,Rhyno Esports,0.0
10070262,Illuminar,0.0
10070262,Zero Tenacity,0.6666666666666666
10070263,MOUZ NXT,0.3333333333333333
10070263,Rhyno Esports,0.0
10070264,Permitta Esports,0.0
10070264,Team EndPoint,0.0
10070265,ALTERNATE aTTaX,0.0
10070265,VP.Prodigy,0.3333333333333333
10070266,Passion UA,0.3333333333333333
10070266,Sinners Esports,0.3333333333333333
10070267,B8 Esports,0.6666666666666666
10070267,DMS,0.3333333333333333
10070269,GUN5,0.3333333333333333
10070269,Team Sampi,0.3333333333333333
10070270,Imperial Esports,0.0
10070270,KRÜ Esports,0.5
10070271,BESTIA,0.3333333333333333
10070271,Team Solid,0.0
10070272,Fluxo,0.3333333333333333
10070272,Vikings KR,0.5
10070273,Corinthians Esports,0.5
10070273,ODDIK,0.3333333333333333
10070274,9z Team,0.3333333333333333
10070274,inSanitY Sports,0.5
10070275,Case Esports,0.3333333333333333
10070275,Galorys,0.0
10070276,FURIA Academy,0.5
10070276,RED Canids,0.3333333333333333
10070277,Sharks Esports,0.0
10070277,w7m esports,0.0
10070278,BESTIA,0.6666666666666666
10070278,Imperial Esports,0.3333333333333333
10070279,Fluxo,0.3333333333333333
10070279,ODDIK,0.6666666666666666
10070280,9z Team,0.3333333333333333
10070280,Galorys,0.3333333333333333
10070281,RED Canids,0.6666666666666666
10070281,Sharks Esports,0.3333333333333333
10070282,Fluxo,0.6666666666666666
10070282,Imperial Esports,0.6666666666666666
10070283,9z Team,0.6666666666666666
10070283,Sharks Esports,0.6666666666666666
10070284,9z Team,1.0
10070284,Imperial Esports,1.0
10070285,E-Xolos LAZER,0.5
10070285,M80,0.3333333333333333
10070286,Elevate,0.3333333333333333
10070286,Mythic,0.5
10070287,BOSS,0.0
10070287,LAG Gaming,0.5
10070288,Limitless,0.5
10070288,Wildcard Gaming,0.0
10070289,Carpe Diem,0.3333333333333333
10070289,Legacy,0.3333333333333333
10070290,NRG Esports,0.0
10070290,Take Flyte,0.0
10070291,G3,0.5
10070291,Party Astronauts,0.3333333333333333
10070292,FLUFFY AIMERS,0.0
10070292,Nouns Esports,0.3333333333333333
10070293,M80,0.6666666666666666
10070293,Mythic,1.0
10070294,LAG Gaming,1.0
10070294,Wildcard Gaming,0.3333333333333333
10070295,Legacy,0.6666666666666666
10070295,NRG Esports,0.3333333333333333
10070296,Nouns Esports,0.6666666666666666
10070296,Party Astronauts,0.6666666666666666
10070327,B8 Esports,1.0
10070327,BetBoom Team,0.6666666666666666
10070328,Illuminar,0.0
10070328,MOUZ NXT,0.3333333333333333
10070329,ALTERNATE aTTaX,0.0
10070329,Team EndPoint,0.0
10070330,DMS,0.3333333333333333
10070330,VP.Prodigy,0.3333333333333333
10070331,GUN5,0.3333333333333333
10070331,Sinners Esports,0.3333333333333333
10070360,1win Team,0.6666666666666666
10070360,9Pandas,0.6666666666666666
10070378,KOI,0.0
10070378,Team 3DMAX,0.6666666666666666
10070388,KOI,0.3333333333333333
10070388,Sinners Esports,0.3333333333333333
10070389,KOI,0.6666666666666666
10070389,Sangal Esports,1.0
10070390,DMS,0.0
10070390,GUN5,0.3333333333333333
10070465,GUN5,0.3333333333333333
10070465,Permitta Esports,0.6666666666666666
10070561,Sashi Esport,0.3333333333333333
10070561,The Mongolz,1.0
10070563,Astralis,0.6666666666666666
10070563,Sashi Esport,0.3333333333333333
10070566,ENCE,0.0
10070566,Sashi Esport,0.3333333333333333
10070569,BetBoom Team,0.3333333333333333
10070569,Fnatic,0.6666666666666666
10070571,BetBoom Team,0.6666666666666666
10070571,FURIA Esports,0.3333333333333333
10070573,BIG,0.3333333333333333
10070573,BetBoom Team,0.3333333333333333
10070577,Heroic,0.0
10070577,Sashi Esport,0.3333333333333333
10070581,Ninjas in Pyjamas,0.6666666666666666
10070581,Sashi Esport,0.3333333333333333
10070584,BetBoom Team,0.6666666666666666
10070584,Complexity,0.6666666666666666
10070588,BetBoom Team,0.6666666666666666
10070588,Eternal Fire,0.3333333333333333
10070653,FAVBET Team,0.5
10070653,SAW,0.3333333333333333
10070654,Fnatic,0.3333333333333333
10070654,Sangal Esports,0.6666666666666666
10070655,Fnatic,0.3333333333333333
10070655,SAW,0.3333333333333333
10070657,SAW,0.3333333333333333
10070657,Sangal Esports,0.3333333333333333
10070658,DMS,0.0
10070658,ENCE,0.6666666666666666
10070659,KOI,0.0
10070659,Zero Tenacity,0.6666666666666666
10070660,DMS,0.3333333333333333
10070660,Zero Tenacity,0.6666666666666666
10070661,ENCE,0.3333333333333333
10070661,KOI,0.0
10070662,DMS,0.3333333333333333
10070662,ENCE,0.3333333333333333
10070663,B8 Esports,0.3333333333333333
10070663,Verdant,0.5
10070665,Aurora Gaming,1.0
10070665,Verdant,0.6666666666666666
10070666,B8 Esports,0.0
10070666,Pera Esports,0.6666666666666666
10070667,B8 Esports,0.3333333333333333
10070667,Verdant,0.3333333333333333
10070670,1win Team,0.3333333333333333
10070670,Quixal,0.0
10070671,AMKAL Esports,0.6666666666666666
10070671,Monte,0.3333333333333333
10070672,1win Team,0.3333333333333333
10070672,Monte,0.3333333333333333
10070673,FURIA Esports,0.3333333333333333
10070673,RUBY,0.0
10070674,FURIA Esports,0.6666666666666666
10070674,Zero Tenacity,1.0
10070675,Passion UA,0.6666666666666666
10070675,Zero Tenacity,0.6666666666666666
10070677,MOUZ NXT,0.6666666666666666
10070677,Sangal Esports,1.0
10070678,AMKAL Esports,0.6666666666666666
10070678,MOUZ NXT,1.0
10070679,GUN5,0.3333333333333333
10070679,GamerLegion,0.6666666666666666
10070680,B8 Esports,0.6666666666666666
10070680,Sinners Esports,0.6666666666666666
10070681,GUN5,0.6666666666666666
10070681,Sinners Esports,1.0
10070682,Team 3DMAX,0.3333333333333333
10070682,Team Sampi,0.3333333333333333
10070683,Team 3DMAX,0.6666666666666666
10070683,VP.Prodigy,1.0
10070684,Alliance,0.3333333333333333
10070684,VP.Prodigy,1.0
10070685,HSG,0.3333333333333333
10070685,Imperial Female,0.5
10070686,BIG EQUIPA,0.5
10070686,FlyQuest RED,0.0
10070687,BIG EQUIPA,1.0
10070687,Imperial Female,1.0
10070688,FlyQuest RED,0.0
10070688,HSG,0.3333333333333333
10070689,BIG EQUIPA,0.5
10070689,HSG,0.3333333333333333
10070690,Let Her Cook,0.5
10070690,NAVI Javelins,0.6666666666666666
10070694,Fluxo Demons,0.3333333333333333
10070694,NAVI Javelins,0.3333333333333333
10070695,Fluxo Demons,0.6666666666666666
10070695,Imperial Female,1.0
10070696,HSG,0.6666666666666666
10070696,Let Her Cook,1.0
10070697,Imperial Female,1.0
10070697,Let Her Cook,1.0
10070701,FURIA Esports,1.0
10070701,GUN5,1.0
10070702,GUN5,0.6666666666666666
10070702,VP.Prodigy,1.0
10070703,Team IEM,0.5
10070703,Team NA,0.5
10070711,Rare Atom,0.0
10070711,Team Sampi,0.3333333333333333
10070712,GUN5,1.0
10070712,Permitta Esports,0.3333333333333333
10070716,Sinners Esports,0.6666666666666666
10070716,VP.Prodigy,0.6666666666666666
10070717,Illuminar,0.0
10070717,Passion UA,0.3333333333333333
10070725,DMS,0.6666666666666666
10070725,Team Sampi,0.6666666666666666
10070726,CYBERSHOKE Esports,0.3333333333333333
10070726,Nemiga Gaming,0.6666666666666666
10070727,CYBERSHOKE Esports,0.0
10070727,DMS,0.3333333333333333
10070730,MOUZ NXT,0.6666666666666666
10070730,Natus Vincere Junior,0.3333333333333333
10070731,Rhyno Esports,0.3333333333333333
10070731,Team EndPoint,0.3333333333333333
10070732,Natus Vincere Junior,0.3333333333333333
10070732,Team EndPoint,0.3333333333333333
10070733,MOUZ NXT,1.0
10070733,Rhyno Esports,0.6666666666666666
10070734,Natus Vincere Junior,0.3333333333333333
10070734,Rhyno Esports,0.3333333333333333
10070743,Bleed Esports,0.6666666666666666
10070743,Rebels Gaming,0.6666666666666666
10070779,RUBY,0.0
10070779,Rare Atom,0.0
10070782,CYBERSHOKE Esports,0.0
10070782,GUN5,0.6666666666666666
10070783,MOUZ NXT,0.6666666666666666
10070783,Passion UA,0.3333333333333333
10070833,Astralis,0.6666666666666666
10070833,BetBoom Team,1.0
10070841,GUN5,0.6666666666666666
10070841,HAVU Gaming,0.3333333333333333
10070842,Aurora Young Blood,0.3333333333333333
10070842,Zero Tenacity,0.3333333333333333
10070852,DMS,0.6666666666666666
10070852,Fnatic,0.6666666666666666
10070853,DMS,0.6666666666666666
10070853,Zero Tenacity,1.0
10070854,SAW,0.6666666666666666
10070854,Zero Tenacity,0.6666666666666666
10070856,Legacy,0.3333333333333333
10070856,Vibe,0.5
10070857,Legacy,0.6666666666666666
10070857,Mythic,0.6666666666666666
10070858,Mythic,0.5
10070858,Take Flyte,0.0
10070859,Nouns Esports,0.6666666666666666
10070859,TSM Shimmer,0.0
10070861,Elevate,0.0
10070861,FlyQuest RED,0.0
10070862,Strife Esports,0.5
10070862,Wildcard Gaming,0.6666666666666666
10070864,Carpe Diem,0.0
10070864,LAG Gaming,0.5
10070865,E-Xolos LAZER,0.0
10070865,Party Astronauts,0.3333333333333333
10070867,FLUFFY AIMERS,0.0
10070867,NRG Esports,0.6666666666666666
10070868,Legacy,0.6666666666666666
10070868,Nouns Esports,0.6666666666666666
10071022,Party Astronauts,0.6666666666666666
10071022,Wildcard Gaming,0.6666666666666666
10071033,AMKAL Esports,1.0
10071033,Monte,0.6666666666666666
10071052,Monte,0.3333333333333333
10071052,SAW,0.3333333333333333
10071057,9Pandas,0.6666666666666666
10071057,RUSH B,0.6666666666666666
10071070,PARIVISION,0.0
10071070,RUSH B,0.6666666666666666
10071085,Illuminar,0.3333333333333333
10071085,VP.Prodigy,0.3333333333333333
10071089,EYEBALLERS,0.6666666666666666
10071089,GUN5,0.6666666666666666
10071114,GamerLegion,0.0
10071114,Team EndPoint,0.0
10071118,ARCRED,0.6666666666666666
10071118,CYBERSHOKE Esports,0.6666666666666666
10071119,HOTU,0.6666666666666666
10071119,VP.Prodigy,0.0
10071120,GUN5,1.0
10071120,Team Spirit Academy,0.3333333333333333
10071121,LEON,0.5
10071121,RUBY,0.0
10071122,ARCRED,0.6666666666666666
10071122,VP.Prodigy,0.3333333333333333
10071123,RUBY,0.3333333333333333
10071123,Team Spirit Academy,0.3333333333333333
10071124,ARCRED,1.0
10071124,RUBY,0.3333333333333333
10071125,Illuminar,0.6666666666666666
10071125,Team Sampi,0.0
10071126,EYEBALLERS,0.3333333333333333
10071126,Zero Tenacity,0.6666666666666666
10071128,9INE,0.3333333333333333
10071128,Verdant,0.3333333333333333
10071129,DMS,0.0
10071129,Zero Tenacity,0.6666666666666666
10071130,Nemiga Gaming,1.0
10071130,Permitta Esports,1.0
10071131,FAVBET Team,0.0
10071131,Nexus Gaming,0.0
10071132,9INE,0.6666666666666666
10071132,Zero Tenacity,1.0
10071134,DMS,0.0
10071134,Verdant,0.0
10071137,9INE,0.3333333333333333
10071137,Permitta Esports,0.6666666666666666
10071138,9INE,0.3333333333333333
10071138,EYEBALLERS,0.0
10071142,ARCRED,1.0
10071142,EYEBALLERS,0.3333333333333333
10071144,9INE,0.3333333333333333
10071144,FAVBET Team,0.6666666666666666
10071152,9z Team,0.3333333333333333
10071152,paiN Gaming,0.3333333333333333
10071154,Imperial Esports,1.0
10071154,KOI,0.6666666666666666
10071155,KOI,0.6666666666666666
10071155,RED Canids,0.6666666666666666
10071158,9z Team,0.6666666666666666
10071158,KOI,0.6666666666666666
10071160,9z Team,1.0
10071160,Fnatic,1.0
10071161,Party Astronauts,0.6666666666666666
10071161,The Mongolz,0.6666666666666666
10071165,Team Falcons,0.3333333333333333
10071165,The Mongolz,0.6666666666666666
10071166,Alliance,0.0
10071166,Complexity,0.0
10071169,Alliance,0.0
10071169,MIBR,0.3333333333333333
10071177,GUN5,0.6666666666666666
10071177,Gaimin Gladiators,0.0
10071178,GamerLegion,0.3333333333333333
10071178,Illuminar,0.6666666666666666
10071184,FORZE Reload,0.5
10071184,Monte,0.3333333333333333
10071245,GUN5,0.6666666666666666
10071245,Team 3DMAX,1.0
10071246,BIG,0.3333333333333333
10071246,Permitta Esports,0.6666666666666666
10071307,HOTU,0.3333333333333333
10071307,OMEMO,0.5
10071308,DOSKI,0.5
10071308,Donstu Esports,0.3333333333333333
10071309,Team Aunkere,0.5
10071309,Team Boombl4,0.5
10071310,Perfecto Team,0.5
10071310,Team nafany,0.5
10071311,Perfecto Team,0.0
10071311,Team Boombl4,0.0
10071312,Team Aunkere,1.0
10071312,Team nafany,1.0
10071313,Perfecto Team,0.6666666666666666
10071313,Team nafany,1.0
10071314,Perfecto Team,0.5
10071314,Team Aunkere,0.5
10071456,DOSKI,0.0
10071456,OMEMO,0.0
10071457,Donstu Esports,0.6666666666666666
10071457,HOTU,0.6666666666666666
10071465,G2 Esports,0.6666666666666666
10071465,KOI,0.0
10071615,Дания,0.5
10071615,Косово,0.5
10071616,Ирландия,0.5
10071616,Словакия,0.5
10071617,Венгрия,0.5
10071617,Уэльс,0.5
10071618,Дания,1.0
10071618,Ирландия,0.0
10071619,Косово,0.0
10071619,Уэльс,0.0
10071620,Венгрия,1.0
10071620,Словакия,1.0
10071621,Дания,0.5
10071621,Уэльс,0.0
10071622,Венгрия,1.0
10071622,Ирландия,0.5
10071623,Косово,0.5
10071623,Словакия,0.5
10071624,Венгрия,1.0
10071624,Дания,0.6666666666666666
10071625,Словакия,0.3333333333333333
10071625,Уэльс,0.0
10071626,Ирландия,0.3333333333333333
10071626,Косово,0.6666666666666666
10071627,Дания,0.3333333333333333
10071627,Словакия,0.3333333333333333
10071628,Венгрия,1.0
10071628,Косово,1.0
10071629,Ирландия,0.3333333333333333
10071629,Уэльс,0.0
10071630,Германия,0.5
10071630,Нидерланды,0.5
10071631,Португалия,0.5
10071631,Франция,0.5
10071632,Германия,1.0
10071632,Словения,0.5
10071633,Нидерланды,0.0
10071633,Франция,1.0
10071634,Германия,1.0
10071634,Франция,1.0
10071635,Португалия,0.0
10071635,Словения,0.0
10071636,Германия,1.0
10071636,Португалия,0.5
10071637,Нидерланды,0.0
10071637,Словения,0.0
10071638,Нидерланды,0.3333333333333333
10071638,Португалия,0.6666666666666666
10071639,Словения,0.0
10071639,Франция,0.6666666666666666
10071640,Люксембург,0.5
10071640,Чехия,0.5
10071641,Латвия,0.5
10071641,Швейцария,0.5
10071642,Испания,0.5
10071642,Чехия,1.0
10071643,Латвия,1.0
10071643,Люксембург,0.0
10071644,Латвия,1.0
10071644,Чехия,1.0
10071645,Испания,0.0
10071645,Швейцария,0.0
10071646,Чехия,0.6666666666666666
10071646,Швейцария,0.0
10071647,Испания,0.5
10071647,Люксембург,0.0
10071648,Люксембург,0.0
10071648,Швейцария,0.0
10071649,Испания,0.6666666666666666
10071649,Латвия,1.0
10071650,Австрия,0.5
10071650,Бельгия,0.5
10071651,Исландия,0.5
10071651,Мальта,0.5
10071652,Бельгия,0.0
10071652,Норвегия,0.5
10071653,Австрия,1.0
10071653,Исландия,1.0
10071654,Бельгия,0.5
10071654,Исландия,0.5
10071655,Мальта,0.0
10071655,Норвегия,0.0
10071656,Бельгия,0.6666666666666666
10071656,Мальта,0.0
10071657,Австрия,1.0
10071657,Норвегия,0.5
10071658,Австрия,0.6666666666666666
10071658,Мальта,0.0
10071659,Исландия,0.3333333333333333
10071659,Норвегия,0.6666666666666666
10071660,Турция,0.5
10071660,Украина,0.5
10071661,Армения,0.5
10071661,Греция,0.5
10071662,Албания,0.5
10071662,Украина,0.0
10071664,Армения,0.0
10071664,Турция,1.0
10071665,Армения,0.0
10071665,Украина,0.5
10071666,Албания,0.0
10071666,Греция,1.0
10071667,Греция,0.5
10071667,Украина,0.6666666666666666
10071668,Греция,0.3333333333333333
10071668,Турция,1.0
10071669,Албания,0.3333333333333333
10071669,Армения,0.0
10071670,Израиль,0.5
10071670,Польша,0.5
10071671,Грузия,0.5
10071671,Румыния,0.5
10071672,Польша,0.0
10071672,Черногория,0.5
10071673,Грузия,0.0
10071673,Израиль,1.0
10071674,Грузия,0.0
10071674,Польша,0.5
10071675,Румыния,1.0
10071675,Черногория,0.0
10071676,Польша,0.6666666666666666
10071676,Румыния,1.0
10071677,Израиль,1.0
10071677,Черногория,0.0
10071678,Израиль,1.0
10071678,Румыния,1.0
10071679,Грузия,0.0
10071679,Черногория,0.0
10071680,Молдова,0.5
10071680,Сербия,0.5
10071681,Азербайджан,0.5
10071681,Болгария,0.5
10071682,Болгария,1.0
10071682,Сербия,1.0
10071683,Азербайджан,0.0
10071683,Молдова,0.0
10071684,Азербайджан,0.0
10071684,Сербия,0.5
10071685,Болгария,1.0
10071685,Молдова,0.5
10071686,Северная Македония,0.5
10071686,Хорватия,0.5
10071687,Беларусь,0.5
10071687,Босния и Герцеговина,0.5
10071688,Босния и Герцеговина,0.0
10071688,Северная Македония,0.0
10071689,Беларусь,1.0
10071689,Хорватия,1.0
10071690,Беларусь,1.0
10071690,Северная Македония,0.5
10071691,Босния и Герцеговина,0.0
10071691,Хорватия,0.5
10071699,Complexity,0.6666666666666666
10071699,M80,0.0
10071804,Албания,0.5
10071804,Турция,1.0
10071805,Сербия,0.6666666666666666
10071805,Турция,1.0
10071806,Израиль,1.0
10071806,Хорватия,0.6666666666666666
10071807,Беларусь,0.6666666666666666
10071807,Румыния,0.6666666666666666
10071808,Болгария,1.0
10071808,Украина,1.0
10071809,Турция,1.0
10071809,Хорватия,0.6666666666666666
10071810,Румыния,0.6666666666666666
10071810,Украина,1.0
10071811,Турция,1.0
10071811,Украина,1.0
10071812,Турция,1.0
10071812,Украина,0.6666666666666666
10071813,Северная Македония,0.6666666666666666
10071813,Сербия,0.3333333333333333
10071814,Албания,0.3333333333333333
10071814,Израиль,0.6666666666666666
10071815,Беларусь,0.3333333333333333
10071815,Молдова,0.3333333333333333
10071816,Болгария,0.6666666666666666
10071816,Польша,0.6666666666666666
10071817,Израиль,0.6666666666666666
10071817,Сербия,0.6666666666666666
10071818,Беларусь,0.3333333333333333
10071818,Польша,0.6666666666666666
10071819,Румыния,0.3333333333333333
10071819,Сербия,0.6666666666666666
10071820,Польша,0.6666666666666666
10071820,Хорватия,0.6666666666666666
10071821,Румыния,0.6666666666666666
10071821,Украина,0.6666666666666666
10071822,Польша,1.0
10071822,Румыния,0.6666666666666666
10071823,Сербия,0.6666666666666666
10071823,Хорватия,0.3333333333333333
10071854,Венгрия,0.3333333333333333
10071854,Норвегия,0.3333333333333333
10071855,Венгрия,1.0
10071855,Чехия,0.6666666666666666
10071856,Австрия,0.6666666666666666
10071856,Германия,0.6666666666666666
10071857,Норвегия,1.0
10071857,Португалия,1.0
10071858,Косово,0.6666666666666666
10071858,Латвия,1.0
10071859,Бельгия,1.0
10071859,Венгрия,0.6666666666666666
10071860,Австрия,0.3333333333333333
10071860,Словакия,0.6666666666666666
10071861,Испания,0.6666666666666666
10071861,Норвегия,0.6666666666666666
10071862,Латвия,0.6666666666666666
10071862,Франция,0.6666666666666666
10071863,Германия,0.6666666666666666
10071863,Чехия,0.6666666666666666
10071864,Косово,0.6666666666666666
10071864,Португалия,1.0
10071865,Косово,0.6666666666666666
10071865,Чехия,1.0
10071866,Косово,0.6666666666666666
10071866,Чехия,1.0
10071867,Венгрия,0.6666666666666666
10071867,Словакия,1.0
10071868,Латвия,0.6666666666666666
10071868,Норвегия,0.6666666666666666
10071869,Португалия,0.6666666666666666
10071869,Словакия,1.0
10071870,Германия,0.3333333333333333
10071870,Латвия,0.6666666666666666
10071871,Германия,0.6666666666666666
10071871,Словакия,1.0
10071872,Германия,0.6666666666666666
10071872,Косово,0.6666666666666666
10071980,FURIA Esports,0.6666666666666666
10071980,The Mongolz,0.6666666666666666
10072143,Fnatic,0.6666666666666666
10072143,Sangal Esports,1.0
10072144,Fnatic,0.6666666666666666
10072144,MOUZ NXT,0.3333333333333333
10072145,Bleed Esports,0.3333333333333333
10072145,MOUZ NXT,0.3333333333333333
10072146,B8 Esports,1.0
10072146,Zero Tenacity,0.6666666666666666
10072147,Passion UA,0.6666666666666666
10072147,Zero Tenacity,0.6666666666666666
10072148,Ninjas in Pyjamas,0.6666666666666666
10072148,Passion UA,0.3333333333333333
10072185,Bounty Hunters Esports,0.5
10072185,paiN Gaming,0.3333333333333333
10072186,Fluxo,0.6666666666666666
10072186,paiN Gaming,0.3333333333333333
10072187,Fluxo,0.6666666666666666
10072187,Sharks Esports,0.6666666666666666
10072188,Case Esports,0.0
10072188,RED Canids,0.3333333333333333
10072189,BESTIA,0.3333333333333333
10072189,RED Canids,0.3333333333333333
10072190,BESTIA,0.0
10072190,KRÜ Esports,0.0
10072191,BESTIA,0.6666666666666666
10072191,Fluxo,0.6666666666666666
10072203,Aurora Gaming,0.6666666666666666
10072203,PARIVISION,0.3333333333333333
10072204,Bleed Esports,0.0
10072204,ENCE,0.6666666666666666
10072205,Eternal Fire,0.3333333333333333
10072205,Revenant Esports,0.5
10072206,AMKAL Esports,1.0
10072206,Team 3DMAX,0.3333333333333333
10072207,PARIVISION,0.3333333333333333
10072207,The Mongolz,0.6666666666666666
10072208,DMS,0.0
10072208,Eternal Fire,0.6666666666666666
10072209,Bleed Esports,0.0
10072209,True Rippers Esports,0.0
10072210,AMKAL Esports,0.6666666666666666
10072210,Revenant Esports,0.0
10072211,ENCE,0.6666666666666666
10072211,The Mongolz,0.3333333333333333
10072212,Aurora Gaming,0.6666666666666666
10072212,ENCE,0.3333333333333333
10072213,DMS,0.0
10072213,Team 3DMAX,0.3333333333333333
10072214,Bleed Esports,0.3333333333333333
10072214,The Mongolz,0.6666666666666666
10072215,AMKAL Esports,0.6666666666666666
10072215,Eternal Fire,0.6666666666666666
10072216,ENCE,0.3333333333333333
10072216,PARIVISION,0.3333333333333333
10072217,Revenant Esports,0.0
10072217,Team 3DMAX,0.6666666666666666
10072218,Aurora Gaming,0.6666666666666666
10072218,True Rippers Esports,0.0
10072219,Aurora Gaming,1.0
10072219,Bleed Esports,0.6666666666666666
10072220,DMS,0.0
10072220,Revenant Esports,0.0
10072221,PARIVISION,0.3333333333333333
10072221,True Rippers Esports,0.0
10072222,AMKAL Esports,0.3333333333333333
10072222,DMS,0.3333333333333333
10072223,Eternal Fire,1.0
10072223,Team 3DMAX,1.0
10072224,Aurora Gaming,1.0
10072224,The Mongolz,0.3333333333333333
10072225,ENCE,0.3333333333333333
10072225,True Rippers Esports,0.0
10072231,The Mongolz,0.6666666666666666
10072231,True Rippers Esports,0.5
10072309,9z Team,1.0
10072309,RUBY,0.6666666666666666
10072311,Monte,0.3333333333333333
10072311,Team Space,0.3333333333333333
10072312,B8 Esports,0.6666666666666666
10072312,Sinners Esports,0.3333333333333333
10072314,Permitta Esports,0.6666666666666666
10072314,Sangal Esports,0.6666666666666666
10072315,Fnatic,1.0
10072315,Team Sampi,0.0
10072317,Aurora Young Blood,0.6666666666666666
10072317,MOUZ NXT,0.3333333333333333
10072318,BCGame,0.5
10072318,SAW,0.0
10072320,Gaimin Gladiators,0.0
10072320,Passion UA,0.6666666666666666
10072341,Monte,0.6666666666666666
10072341,Sangal Esports,1.0
10072343,Fnatic,0.6666666666666666
10072343,SAW,1.0
10072344,GUN5,0.3333333333333333
10072344,NOM eSports,0.0
10072346,GUN5,0.3333333333333333
10072346,TSM,0.0
10072348,GUN5,0.3333333333333333
10072348,NOM eSports,0.3333333333333333
10072350,9Pandas,0.3333333333333333
10072350,Team QUAZAR,0.5
10072352,9Pandas,0.6666666666666666
10072352,Insilio,0.6666666666666666
10072355,Fnatic,1.0
10072355,Johnny Speeds,0.6666666666666666
10072363,Bleed Esports,0.6666666666666666
10072363,Cloud9,0.3333333333333333
10072365,9Pandas,0.6666666666666666
10072365,GUN5,0.6666666666666666
10072368,9Pandas,1.0
10072368,Insilio,0.6666666666666666
10072370,9Pandas,1.0
10072370,Johnny Speeds,1.0
10072418,RED Canids,0.3333333333333333
10072418,paiN Gaming,0.3333333333333333
10072419,Imperial Esports,0.3333333333333333
10072419,MIBR,0.0
10072420,MIBR,0.0
10072420,RED Canids,0.3333333333333333
10072421,Imperial Esports,0.3333333333333333
10072421,paiN Gaming,0.6666666666666666
10072424,Legacy,1.0
10072424,Smoke Gaming,0.5
10072425,Bounty Hunters Esports,0.0
10072425,Team Solid,0.0
10072426,Bounty Hunters Esports,0.0
10072426,Smoke Gaming,0.0
10072428,Smoke Gaming,0.5
10072428,Team Solid,0.3333333333333333
10072429,Fluxo,0.6666666666666666
10072429,Intense Game,0.5
10072430,BESTIA,1.0
10072430,Vikings KR,0.0
10072435,Hype Esports,0.5
10072435,Sharks Esports,0.3333333333333333
10072436,9z Academy,0.0
10072436,Hype Esports,0.0
10072438,Hype Esports,0.5
10072438,Sharks Esports,0.3333333333333333
10072541,CatEvil,0.5
10072541,TYLOO,0.3333333333333333
10072542,ATOX Esports,0.3333333333333333
10072542,Rare Atom,0.3333333333333333
10072550,FlyQuest,0.0
10072550,The Mongolz,0.3333333333333333
10072552,FURIA Esports,0.3333333333333333
10072552,Heroic,0.3333333333333333
10072555,ATOX Esports,0.0
10072555,CatEvil,0.0
10072556,Rare Atom,0.6666666666666666
10072556,TYLOO,0.6666666666666666
10072643,RED Canids,0.0
10072643,Vikings KR,0.0
10072644,BESTIA,0.6666666666666666
10072644,ODDIK,0.6666666666666666
10072645,BESTIA,0.3333333333333333
10072645,Vikings KR,0.0
10072646,ODDIK,0.6666666666666666
10072646,RED Canids,0.3333333333333333
10072647,BESTIA,0.3333333333333333
10072647,RED Canids,0.3333333333333333
10072648,ODDIK,0.6666666666666666
10072648,RED Canids,0.6666666666666666
10072650,Aurora Young Blood,0.3333333333333333
10072650,THE SUSPECT,0.0
10072651,HAVU Gaming,0.0
10072651,Team Space,0.3333333333333333
10072652,Preasy Esport,0.0
10072652,Young Ninjas,0.3333333333333333
10072653,Illuminar,0.3333333333333333
10072653,Sinners Esports,0.3333333333333333
10072655,DMS,0.3333333333333333
10072655,Team EndPoint,0.0
10072658,9INE,0.3333333333333333
10072658,ENCE,0.6666666666666666
10072659,ENCE,0.6666666666666666
10072659,PARIVISION,0.6666666666666666
10072660,CYBERSHOKE Esports,0.3333333333333333
10072660,PARIVISION,0.3333333333333333
10072661,Into The Breach,0.0
10072661,Zero Tenacity,0.6666666666666666
10072662,Aurora Young Blood,0.6666666666666666
10072662,Zero Tenacity,0.6666666666666666
10072663,AMKAL Esports,0.0
10072663,Aurora Young Blood,0.3333333333333333
10072664,Passion UA,0.3333333333333333
10072664,Sangal Esports,0.6666666666666666
10072665,1win Team,0.6666666666666666
10072665,Sangal Esports,1.0
10072666,1win Team,0.6666666666666666
10072666,MOUZ NXT,0.3333333333333333
10072667,B8 Esports,0.3333333333333333
10072667,BCGame,0.0
10072669,Nemiga Gaming,0.3333333333333333
10072669,Permitta Esports,0.3333333333333333
10072673,ECSTATIC,0.3333333333333333
10072673,Sashi Esport,0.3333333333333333
10072674,777 Esports,0.5
10072674,TSM,0.0
10072675,Sashi Esport,0.6666666666666666
10072675,TSM,0.3333333333333333
10072676,777 Esports,0.0
10072676,ECSTATIC,0.3333333333333333
10072677,ECSTATIC,0.3333333333333333
10072677,Sashi Esport,0.3333333333333333
10072680,Bleed Esports,0.3333333333333333
10072680,Johnny Speeds,0.6666666666666666
10072684,ECSTATIC,0.6666666666666666
10072684,Johnny Speeds,0.6666666666666666
10072686,DMS,0.3333333333333333
10072686,Monte Gen,0.0
10072874,Aurora Young Blood,0.6666666666666666
10072874,Young Ninjas,0.6666666666666666
10072876,Sinners Esports,0.3333333333333333
10072876,THE SUSPECT,0.3333333333333333
10072877,EYEBALLERS,0.6666666666666666
10072877,Team Space,0.3333333333333333
10072878,DMS,0.3333333333333333
10072878,Fluffy Gangsters,0.5
10072879,Illuminar,0.3333333333333333
10072879,Permitta Esports,0.3333333333333333
10072880,Preasy Esport,0.0
10072880,Project G,0.0
10072881,HAVU Gaming,0.0
10072881,Monte Gen,0.0
10072910,Fluffy Gangsters,0.3333333333333333
10072910,THE SUSPECT,0.3333333333333333
10072915,DMS,0.6666666666666666
10072915,EYEBALLERS,0.6666666666666666
10072918,DMS,0.3333333333333333
10072918,Illuminar,0.3333333333333333
10072984,ALTERNATE aTTaX,0.0
10072984,Monte Gen,0.0
10072985,DMS,0.6666666666666666
10072985,Team EndPoint,0.6666666666666666
10072992,FAVBET Team,0.3333333333333333
10072992,Zero Tenacity,0.3333333333333333
10072993,Metizport,1.0
10072993,Team Sampi,0.0
10072994,DASH,0.5
10072994,Rebels Gaming,0.6666666666666666
10072995,Gaimin Gladiators,0.0
10072995,Meteor,0.5
10072996,MOUZ NXT,0.3333333333333333
10072996,kONO,0.5
10073083,B8 Esports,0.6666666666666666
10073083,OG,1.0
10073084,Fnatic,1.0
10073084,Team QUAZAR,1.0
10073087,ENCE,0.3333333333333333
10073087,KOI,0.6666666666666666
10073092,BCGame,0.0
10073092,Dynamo Eclot,0.0
10073094,Monte,0.6666666666666666
10073094,UNiTY,0.0
10073102,9Pandas,1.0
10073102,Insilio,0.0
10073103,LEON,0.3333333333333333
10073103,Ninjas in Pyjamas,0.3333333333333333
10073104,FAVBET Team,0.6666666666666666
10073104,LEON,0.3333333333333333
10073105,FAVBET Team,0.6666666666666666
10073105,Rhyno Esports,0.6666666666666666
10073106,GenOne,0.5
10073106,Sinners Esports,0.6666666666666666
10073107,BAKS Esports,0.5
10073107,Team Spirit Academy,0.3333333333333333
10073108,B8 Esports,0.3333333333333333
10073108,WOPA Esport,0.5
10073109,BLUDS,0.5
10073109,HyperSpirit,0.5
10073110,Bleed Esports,0.3333333333333333
10073110,Project G,0.3333333333333333
10073111,Illuminar,0.3333333333333333
10073111,Qiang,0.0
10073112,PCIFIC Esport,0.5
10073112,ghoulsW,0.5
10073113,9INE,0.0
10073113,BCGame,0.0
10073114,GUN5,0.6666666666666666
10073114,lajtbitexe,0.5
10073115,PARIVISION,0.6666666666666666
10073115,Partizan Esports,0.5
10073116,500,0.6666666666666666
10073116,ENCE,0.3333333333333333
10073117,ARCRED,0.6666666666666666
10073117,kONO,0.0
10073118,K27,0.5
10073118,OG,0.0
10073119,DASH,0.0
10073119,ENJOY,0.5
10073120,Fnatic,0.6666666666666666
10073120,Quixal,0.0
10073121,ANTYKONFIDENT,0.5
10073121,tutel,0.0
10073122,Preasy Esport,0.0
10073122,Rebels Gaming,0.6666666666666666
10073123,ARROW,0.5
10073123,Permitta Esports,0.6666666666666666
10073124,Gaimin Gladiators,0.3333333333333333
10073124,MASONIC,0.5
10073125,Apogee Esports,0.5
10073125,Johnny Speeds,0.6666666666666666
10073126,Cloud9,0.6666666666666666
10073126,TaTTo4Ku,0.5
10073127,Betera,0.3333333333333333
10073127,Cloud9,0.6666666666666666
10073128,Gaimin Gladiators,0.6666666666666666
10073128,Johnny Speeds,0.6666666666666666
10073129,Betera,0.0
10073129,Passion UA,0.3333333333333333
10073132,Akimbo Esports,0.5
10073132,NRG Esports,0.3333333333333333
10073133,PARTIZAN,0.5
10073133,Team QUAZAR,0.0
10073134,CYBERSHOKE Esports,1.0
10073134,FORZE Youngsters,0.5
10073136,Nemiga Gaming,0.0
10073136,StormZ,0.5
10073137,Nemiga Gaming,0.3333333333333333
10073137,ROFLAN SQUAD,1.0
10073138,Elevate,0.3333333333333333
10073138,Limitless,0.0
10073140,RGW Esports,0.5
10073140,ROFLAN SQUAD,0.5
10073141,BOSS,0.0
10073141,Take Flyte,0.0
10073142,CIS MIX,0.5
10073142,HOTU,0.6666666666666666
10073143,HOTU,1.0
10073143,nEvermore,1.0
10073144,RUBY,0.6666666666666666
10073144,nEvermore,0.5
10073145,FLUFFY AIMERS,0.0
10073145,Nouns Esports,0.6666666666666666
10073146,ITB Academy,0.5
10073146,KOI,0.6666666666666666
10073147,DMS,0.3333333333333333
10073147,Verdant,0.3333333333333333
10073150,Galorys,0.3333333333333333
10073150,ODDIK,1.0
10073151,Hype Esports,0.3333333333333333
10073151,Sharks Esports,0.3333333333333333
10073155,Bounty Hunters Esports,0.0
10073155,w7m esports,0.0
10073160,BetBoom Team,0.6666666666666666
10073160,DMS,0.3333333333333333
10073162,Insilio,0.3333333333333333
10073162,Permitta Esports,0.6666666666666666
10073163,B8 Esports,0.6666666666666666
10073163,Team EndPoint,0.6666666666666666
10073164,GenOne,1.0
10073164,Team Spirit Academy,0.6666666666666666
10073165,B8 Esports,0.6666666666666666
10073165,BLUDS,1.0
10073166,Bleed Esports,0.3333333333333333
10073166,Qiang,0.5
10073167,9INE,0.3333333333333333
10073167,ghoulsW,1.0
10073168,GUN5,0.6666666666666666
10073168,PARIVISION,0.6666666666666666
10073169,500,0.6666666666666666
10073169,ARCRED,0.6666666666666666
10073170,ENJOY,1.0
10073170,OG,0.3333333333333333
10073171,Permitta Esports,1.0
10073171,Rebels Gaming,0.6666666666666666
10073172,Fnatic,0.6666666666666666
10073172,tutel,0.5
10073173,CYBERSHOKE Esports,1.0
10073173,Team QUAZAR,0.3333333333333333
10073174,KOI,0.6666666666666666
10073174,Verdant,0.6666666666666666
10073175,HOTU,1.0
10073175,KOI,0.6666666666666666
10073176,FAVBET Team,1.0
10073176,Team Spirit Academy,0.6666666666666666
10073178,9INE,0.6666666666666666
10073178,PARIVISION,0.6666666666666666
10073179,ARCRED,0.6666666666666666
10073179,OG,0.6666666666666666
10073180,Fnatic,0.6666666666666666
10073180,Rebels Gaming,1.0
10073181,Betera,0.6666666666666666
10073181,Gaimin Gladiators,1.0
10073185,Aurora Young Blood,0.3333333333333333
10073185,Young Ninjas,0.6666666666666666
10073186,ALTERNATE aTTaX,0.0
10073186,DMS,0.3333333333333333
10073187,Illuminar,0.0
10073187,Insilio,0.3333333333333333
10073189,CYBERSHOKE Esports,0.6666666666666666
10073189,ECSTATIC,0.6666666666666666
10073194,OG,1.0
10073194,PARIVISION,1.0
10073195,B8 Esports,0.6666666666666666
10073195,Team Spirit Academy,1.0
10073196,Fnatic,1.0
10073196,Gaimin Gladiators,1.0
10073197,HOTU,1.0
10073197,Team QUAZAR,1.0
10073200,BetBoom Team,0.6666666666666666
10073200,Young Ninjas,0.6666666666666666
10073221,GUN5,0.3333333333333333
10073221,Ninjas in Pyjamas,0.3333333333333333
10073223,IookingForOrg,0.5
10073223,Monte,0.6666666666666666
10073224,ENTERPRISE esports,0.3333333333333333
10073224,Heimo,0.0
10073225,ECSTATIC,0.3333333333333333
10073225,Wu-Tang Clan,0.5
10073226,FAVBET Team,0.6666666666666666
10073226,Rebels Gaming,0.6666666666666666
10073227,Gaimin Gladiators,0.6666666666666666
10073227,GenOne,0.5
10073228,500,0.3333333333333333
10073228,TEAM NEXT LEVEL,0.5
10073229,Apogee Esports,0.0
10073229,B8 Esports,0.6666666666666666
10073230,CYBERSHOKE Esports,0.6666666666666666
10073230,Lazer Cats,0.0
10073231,NOM eSports,0.3333333333333333
10073231,Rustec,0.5
10073232,MOUZ NXT,0.3333333333333333
10073232,Passion UA,0.0
10073233,BCGame,0.0
10073233,GUN5,0.3333333333333333
10073234,Anonymo Esports,0.3333333333333333
10073234,Rhyno Esports,0.3333333333333333
10073235,GamerLegion,0.3333333333333333
10073235,THE SUSPECT,0.3333333333333333
10073236,1win Team,0.3333333333333333
10073236,LEON,0.3333333333333333
10073237,Bleed Esports,0.6666666666666666
10073237,underrated,0.5
10073238,HOTU,0.6666666666666666
10073238,Sinners Esports,0.6666666666666666
10073243,ALTERNATE aTTaX,0.3333333333333333
10073243,Young Ninjas,0.6666666666666666
10073245,Aurora Young Blood,0.0
10073245,Illuminar,0.0
10073246,DMS,0.0
10073246,EYEBALLERS,0.0
10073248,ECSTATIC,0.6666666666666666
10073248,FAVBET Team,0.6666666666666666
10073252,Anonymo Esports,0.3333333333333333
10073252,GUN5,0.6666666666666666
10073255,GamerLegion,1.0
10073255,Sinners Esports,0.6666666666666666
10073256,GUN5,0.6666666666666666
10073256,MOUZ NXT,0.6666666666666666
10073258,B8 Esports,0.6666666666666666
10073258,GenOne,0.6666666666666666
10073259,FAVBET Team,0.6666666666666666
10073259,Monte,1.0
10073260,BetBoom Team,0.6666666666666666
10073260,Team EndPoint,0.6666666666666666
10073263,Team rigoN,0.5
10073263,Team tabseN,0.5
10073264,BetBoom Team,1.0
10073264,Sinners Esports,0.6666666666666666
10073266,DMS,0.3333333333333333
10073266,Team Space,0.3333333333333333
10073272,ENTERPRISE esports,0.3333333333333333
10073272,kONO,0.3333333333333333
10073279,FAVBET Team,0.6666666666666666
10073279,Ninjas in Pyjamas,0.0
10073281,1win Team,0.3333333333333333
10073281,PARIVISION,0.6666666666666666
10073282,Bleed Esports,0.3333333333333333
10073282,TSM,0.6666666666666666
10073284,Cloud9,0.3333333333333333
10073284,DASH,0.0
10073285,CS2NEWS,0.5
10073285,ENCE,0.3333333333333333
10073286,ENCE,0.3333333333333333
10073286,kONO,0.3333333333333333
10073287,Zero Tenacity,0.3333333333333333
10073287,kONO,0.0
10073288,500,0.3333333333333333
10073288,9INE,0.6666666666666666
10073290,Nemiga Gaming,0.3333333333333333
10073290,Team Spirit Academy,0.6666666666666666
10073291,Dynamo Eclot,0.0
10073291,Sashi Esport,0.3333333333333333
10073293,K27,0.0
10073293,Metizport,1.0
10073294,Aurora Young Blood,0.3333333333333333
10073294,B8 Esports,1.0
10073296,AMKAL Esports,0.0
10073296,Insilio,0.3333333333333333
10073297,GUN5,1.0
10073297,Monte,1.0
10073299,NewBALLS,0.5
10073299,Team Flow,0.5
10073300,Fluffy Gangsters,0.3333333333333333
10073300,Gaimin Gladiators,0.3333333333333333
10073301,Gaimin Gladiators,0.3333333333333333
10073301,KOI,0.6666666666666666
10073302,KOI,0.6666666666666666
10073302,Team Space,0.3333333333333333
10073303,KOI,0.6666666666666666
10073303,Monte,1.0
10073304,B8 Esports,1.0
10073304,Sashi Esport,0.6666666666666666
10073305,500,0.6666666666666666
10073305,kONO,0.6666666666666666
10073307,500,1.0
10073307,Cloud9,1.0
10073330,HOTU,0.3333333333333333
10073330,Team QUAZAR,0.6666666666666666
10073331,OMEMO,0.0
10073331,Team QUAZAR,0.6666666666666666
10073332,HOTU,0.3333333333333333
10073332,Looking For 0rg,0.3333333333333333
10073364,DMS,0.6666666666666666
10073364,Revenant Esports,0.3333333333333333
10073369,Mindfreak,0.3333333333333333
10073369,The Art of War,1.0
10073371,Housebets,0.0
10073371,Rooster,0.3333333333333333
10073373,BCGame,0.3333333333333333
10073373,Sangal Esports,1.0
10073374,Bleed Esports,0.6666666666666666
10073374,Rhyno Esports,0.3333333333333333
10073375,GamerLegion,0.6666666666666666
10073375,TSM,0.3333333333333333
10073376,1win Team,0.0
10073376,Dynamo Eclot,0.0
10073377,Qiang,0.6666666666666666
10073377,SAW,0.6666666666666666
10073378,Nemiga Gaming,0.3333333333333333
10073378,Permitta Esports,0.3333333333333333
10073379,9Pandas,1.0
10073379,Rebels Gaming,0.6666666666666666
10073380,Cloud9,1.0
10073380,Passion UA,0.3333333333333333
10073381,PARIVISION,0.6666666666666666
10073381,Sinners Esports,0.3333333333333333
10073382,BIG,0.0
10073382,Insilio,0.0
10073383,KOI,0.6666666666666666
10073383,Monte,0.6666666666666666
10073384,ARCRED,0.3333333333333333
10073384,Johnny Speeds,0.3333333333333333
10073385,ENCE,0.3333333333333333
10073385,UNiTY,0.0
10073386,B8 Esports,0.6666666666666666
10073386,ENTERPRISE esports,0.3333333333333333
10073387,OG,0.6666666666666666
10073387,Zero Tenacity,0.3333333333333333
10073388,AMKAL Esports,0.3333333333333333
10073388,Sashi Esport,0.3333333333333333
10073399,KOI,0.6666666666666666
10073399,Sinners Esports,0.6666666666666666
10073402,Rhyno Esports,0.3333333333333333
10073402,UNiTY,0.3333333333333333
10073403,BCGame,0.3333333333333333
10073403,GamerLegion,0.6666666666666666
10073406,1win Team,0.0
10073406,TSM,0.3333333333333333
10073428,Looking For 0rg,0.3333333333333333
10073428,OMEMO,0.0
10073429,BCGame,0.3333333333333333
10073429,TSM,0.3333333333333333
10073430,ENCE,0.3333333333333333
10073430,Monte,0.3333333333333333
10073431,B8 Esports,0.3333333333333333
10073431,Rhyno Esports,0.3333333333333333
10073433,KOI,0.6666666666666666
10073433,UNiTY,0.6666666666666666
10073435,Insilio,0.3333333333333333
10073435,Qiang,0.3333333333333333
10073437,FAVBET Team,0.3333333333333333
10073437,Rebels Gaming,0.6666666666666666
10073438,Johnny Speeds,0.3333333333333333
10073438,Rebels Gaming,0.3333333333333333
10073440,Team Sampi,0.0
10073440,kONO,0.3333333333333333
10073442,Meteor,0.0
10073442,Team EndPoint,0.3333333333333333
10073443,DASH,0.3333333333333333
10073443,Gaimin Gladiators,0.3333333333333333
10073449,Insilio,0.6666666666666666
10073449,Nemiga Gaming,0.3333333333333333
10073450,OG,0.6666666666666666
10073450,Sashi Esport,0.6666666666666666
10073451,Permitta Esports,0.3333333333333333
10073451,Rebels Gaming,0.3333333333333333
10073454,KOI,0.3333333333333333
10073454,TSM,0.6666666666666666
10073515,BetBoom Team,1.0
10073515,paiN Gaming,0.6666666666666666
10073518,9z Team,0.3333333333333333
10073518,Team Falcons,1.0
10073519,Team Falcons,1.0
10073519,paiN Gaming,0.6666666666666666
10073525,Eternal Fire,1.0
10073525,FURIA Esports,0.6666666666666666
10073542,ECSTATIC,0.6666666666666666
10073542,TSM,1.0
10073556,DMS,0.3333333333333333
10073556,Sinners Esports,1.0
10073559,EYEBALLERS,0.0
10073559,GamerLegion,0.3333333333333333
10073566,AMKAL Esports,0.3333333333333333
10073566,GUN5,0.6666666666666666
10073572,GUN5,0.3333333333333333
10073572,Sashi Esport,0.6666666666666666
10073575,GUN5,0.6666666666666666
10073575,SAW,0.6666666666666666
10073577,GUN5,0.6666666666666666
10073577,Monte,1.0
10073578,GUN5,0.6666666666666666
10073578,SAW,1.0
10073581,NRG Esports,0.3333333333333333
10073581,Wildcard Gaming,1.0
10073582,Nouns Esports,0.6666666666666666
10073582,Party Astronauts,0.0
10073584,NRG Esports,0.6666666666666666
10073584,Wildcard Gaming,1.0
10073587,Legacy,1.0
10073587,Team Liquid,0.6666666666666666
10073588,FLUFFY AIMERS,0.6666666666666666
10073588,LAG Gaming,0.0
10073590,Legacy,1.0
10073590,Team Liquid,0.6666666666666666
10073591,DMS,0.6666666666666666
10073591,Sinners Esports,1.0
10073592,9INE,0.3333333333333333
10073592,Alliance,0.0
10073594,EYEBALLERS,0.0
10073594,Permitta Esports,0.0
10073609,CYBERSHOKE Esports,0.3333333333333333
10073609,ECSTATIC,0.6666666666666666
10073612,Mindfreak,0.3333333333333333
10073612,Vantage Esports,0.3333333333333333
10073616,Rooster,1.0
10073616,Talon Esports,0.6666666666666666
10073623,Rare Atom,0.6666666666666666
10073623,TYLOO,1.0
10073628,-72C,0.6666666666666666
10073628,ATOX Esports,0.6666666666666666
10073635,Oni CLAN,0.6666666666666666
10073635,True Rippers Esports,0.6666666666666666
10073637,Alter Ego,1.0
10073637,Gods Reign,0.6666666666666666
10073638,Al-Ittihad,0.0
10073638,DRILLAS,0.0
10073639,POGGERZ,0.0
10073639,The Punishers,0.0
10073641,JiJieHao,0.3333333333333333
10073641,POGGERZ,0.5
10073642,DRILLAS,0.6666666666666666
10073642,POGGERZ,0.6666666666666666
10073644,DRILLAS,1.0
10073644,Onyx Ravens,1.0
10073645,BetBoom Team,0.3333333333333333
10073645,Monte,0.6666666666666666
10073650,Rooster,1.0
10073650,The Art of War,0.6666666666666666
10073651,Mindfreak,0.3333333333333333
10073651,Talon Esports,1.0
10073653,Steel Helmet,0.0
10073653,TYLOO,0.6666666666666666
10073654,Bromo,0.5
10073654,Teamwork,0.5
10073655,CatEvil,0.0
10073655,SHPL,0.0
10073656,Rare Atom,0.6666666666666666
10073656,XNL Gaming,0.5
10073657,TYLOO,0.6666666666666666
10073657,Teamwork,1.0
10073658,CatEvil,0.3333333333333333
10073658,Rare Atom,0.6666666666666666
10073660,Chinggis Warriors,0.6666666666666666
10073660,Glamour,0.5
10073665,ATOX Esports,0.6666666666666666
10073665,GR Gaming,0.3333333333333333
10073668,Forward Gaming,0.3333333333333333
10073668,Revenge,0.5
10073672,Alter Ego,1.0
10073672,Niory Esports,1.0
10073676,Bravado Gaming,0.3333333333333333
10073676,The Punishers,0.5
10073678,JiJieHao,0.6666666666666666
10073678,NOM eSports,0.3333333333333333
10073679,Bravado Gaming,0.3333333333333333
10073679,Onyx Ravens,0.6666666666666666
10073681,BESTIA,0.6666666666666666
10073681,Galorys,0.6666666666666666
10073682,KRÜ Esports,0.3333333333333333
10073682,inSanitY Sports,0.5
10073683,Sharks Esports,0.6666666666666666
10073683,w7m esports,0.3333333333333333
10073684,Case Esports,0.6666666666666666
10073684,Team Solid,0.6666666666666666
10073688,Bounty Hunters Esports,0.0
10073688,Hype Esports,0.3333333333333333
10073691,BESTIA,0.6666666666666666
10073691,KRÜ Esports,0.6666666666666666
10073693,Galorys,0.3333333333333333
10073693,Hype Esports,0.3333333333333333
10073696,BOSS,0.3333333333333333
10073696,Legacy,0.6666666666666666
10073697,Nouns Esports,0.6666666666666666
10073697,Party Astronauts,0.3333333333333333
10073698,Elevate,0.6666666666666666
10073698,NRG Esports,0.6666666666666666
10073699,E-Xolos LAZER,0.3333333333333333
10073699,Wildcard Gaming,0.6666666666666666
10073700,LAG Gaming,0.3333333333333333
10073700,Take Flyte,0.0
10073701,Homyno,0.0
10073701,Mythic,0.3333333333333333
10073702,Akimbo Esports,0.0
10073702,Limitless,0.0
10073703,FLUFFY AIMERS,0.0
10073703,Phoenix,0.0
10073705,NRG Esports,0.6666666666666666
10073705,Nouns Esports,0.6666666666666666
10073716,Hype Esports,0.6666666666666666
10073716,KRÜ Esports,0.6666666666666666
10073717,ODDIK,0.6666666666666666
10073717,RED Canids,0.6666666666666666
10073718,Fluxo,0.6666666666666666
10073718,w7m esports,0.6666666666666666
10073722,HSG,0.6666666666666666
10073722,Permitta W,0.5
10073723,ENCE Athena,0.5
10073723,NIP Impact,0.5
10073729,9INE,0.6666666666666666
10073729,DMS,0.0
10073730,Alliance,0.3333333333333333
10073730,Sinners Esports,0.6666666666666666
10073739,Astralis Women,0.5
10073739,Spirit Female,0.5
10073742,DMS,0.0
10073742,EYEBALLERS,0.3333333333333333
10073746,Alliance,0.3333333333333333
10073746,CYBERSHOKE Esports,0.3333333333333333
10073747,Gaimin Gladiators,1.0
10073747,Sinners Esports,0.6666666666666666
10073753,Gaimin Gladiators,1.0
10073753,Rhyno Esports,0.0
10073764,FlyQuest,0.3333333333333333
10073764,Sangal Esports,0.3333333333333333
10073765,Heroic,0.3333333333333333
10073765,Ninjas in Pyjamas,0.3333333333333333
10073767,KOI,0.0
10073767,The Mongolz,0.0
10073774,KOI,0.0
10073774,Wildcard Gaming,0.3333333333333333
10073805,HSG,0.6666666666666666
10073805,dreamcatchers fe,0.0
10073807,HSG,0.3333333333333333
10073807,Imperial Female,1.0
10073809,Crescent,0.0
10073809,HSG,0.3333333333333333
10073810,Imperial Female,1.0
10073810,Permitta W,0.3333333333333333
10073811,BIG EQUIPA,0.6666666666666666
10073811,dreamcatchers fe,0.6666666666666666
10073813,BIG EQUIPA,0.6666666666666666
10073813,HSG,0.0
10073815,NAVI Javelins,0.6666666666666666
10073815,NIP Impact,1.0
10073817,Astralis Women,0.0
10073817,ENCE Athena,0.0
10073819,Astralis Women,0.5
10073819,Let Her Cook,0.3333333333333333
10073820,NIP Impact,1.0
10073820,Spirit Female,0.5
10073822,NAVI Javelins,0.6666666666666666
10073822,Spirit Female,0.3333333333333333
10073823,Astralis Women,0.6666666666666666
10073823,NIP Impact,1.0
10073824,Let Her Cook,0.6666666666666666
10073824,NIP Impact,1.0
10073830,Metizport,1.0
10073830,Team Sampi,0.3333333333333333
10073838,Alliance,0.3333333333333333
10073838,Permitta Esports,0.6666666666666666
10073890,Alliance,0.6666666666666666
10073890,Gaimin Gladiators,1.0
10073894,GUN5,0.3333333333333333
10073894,JANO Esports,0.3333333333333333
10073906,BetBoom Team,0.6666666666666666
10073906,Gaimin Gladiators,0.6666666666666666
10073910,CYBERSHOKE Esports,0.6666666666666666
10073910,Revenant Esports,0.6666666666666666
10073911,Permitta Esports,0.3333333333333333
10073911,Team Space,0.3333333333333333
10073913,EYEBALLERS,0.3333333333333333
10073913,GUN5,0.6666666666666666
10073914,CYBERSHOKE Esports,1.0
10073914,ECSTATIC,0.6666666666666666
10073919,Alliance,0.6666666666666666
10073919,Young Ninjas,0.6666666666666666
10073921,Young Ninjas,0.6666666666666666
10073921,Zero Tenacity,1.0
10073965,Monte,0.0
10073965,Sinners Esports,0.3333333333333333
10073969,Alliance,0.3333333333333333
10073969,Zero Tenacity,1.0
10073972,BetBoom Team,0.6666666666666666
10073972,Cloud9,1.0
10073978,DASH,0.6666666666666666
10073978,Into The Breach,0.3333333333333333
10073979,Gaimin Gladiators,1.0
10073979,Team Sampi,0.3333333333333333
10073980,ALTERNATE aTTaX,0.6666666666666666
10073980,FAVBET Team,0.3333333333333333
10074004,GUN5,0.3333333333333333
10074004,Young Ninjas,0.6666666666666666
10074008,Alliance,0.3333333333333333
10074008,Aurora Young Blood,0.0
10074020,Johnny Speeds,0.3333333333333333
10074020,Rebels Gaming,1.0
10074025,Rebels Gaming,1.0
10074025,Sashi Esport,1.0
10074092,Metizport,1.0
10074092,Zero Tenacity,0.3333333333333333
10074106,Bleed Esports,0.3333333333333333
10074106,Passion UA,0.6666666666666666
10074115,GUN5,0.6666666666666666
10074115,Monte Gen,0.6666666666666666
10074121,Team Evelone,0.5
10074121,Team s1mple,0.5
10074126,Aurora Young Blood,0.6666666666666666
10074126,Gaimin Gladiators,0.0
10074127,CYBERSHOKE Esports,0.3333333333333333
10074127,Monte Gen,0.6666666666666666
10074161,FAVBET Team,0.6666666666666666
10074161,Sinners Esports,0.3333333333333333
10074162,GUN5,0.6666666666666666
10074162,PARIVISION,1.0
10074164,ECSTATIC,0.6666666666666666
10074164,Passion UA,0.3333333333333333
10074167,GUN5,1.0
10074167,Sinners Esports,0.6666666666666666
10074188,GamerLegion,1.0
10074188,Sinners Esports,1.0
10074232,Imperial Esports,0.6666666666666666
10074232,Team Spirit,1.0
10074244,Lynn Vision Gaming,0.0
10074244,Nexus Gaming,0.0
10074247,9Pandas,0.0
10074247,THE SUSPECT,0.0
10074258,9Pandas,0.3333333333333333
10074258,Copenhagen Wolves,0.3333333333333333
10074263,Fnatic,0.6666666666666666
10074263,Sangal Esports,1.0
10074264,Aurora Gaming,0.6666666666666666
10074264,MOUZ NXT,0.3333333333333333
10074265,MOUZ NXT,0.6666666666666666
10074265,Team EndPoint,0.6666666666666666
10074266,PARIVISION,0.0
10074266,Team EndPoint,0.6666666666666666
10074267,B8 Esports,0.6666666666666666
10074267,KOI,0.3333333333333333
10074268,B8 Esports,0.6666666666666666
10074268,Team Sampi,0.3333333333333333
10074269,Bleed Esports,0.3333333333333333
10074269,Team Sampi,0.6666666666666666
10074270,Nemiga Gaming,1.0
10074270,RUBY,0.6666666666666666
10074271,9Pandas,0.6666666666666666
10074271,RUBY,0.6666666666666666
10074272,9Pandas,0.6666666666666666
10074272,Zero Tenacity,0.3333333333333333
10074273,EYEBALLERS,0.3333333333333333
10074273,Metizport,0.6666666666666666
10074274,BetBoom Team,0.3333333333333333
10074274,Metizport,0.6666666666666666
10074275,BetBoom Team,0.3333333333333333
10074275,ENTERPRISE esports,0.0
10074276,B8 Esports,1.0
10074276,MOUZ NXT,0.6666666666666666
10074277,9Pandas,0.6666666666666666
10074277,BetBoom Team,0.6666666666666666
10074278,B8 Esports,1.0
10074278,BetBoom Team,1.0
10074317,9Pandas,0.3333333333333333
10074317,Nexus Gaming,0.3333333333333333
10074362,Aurora Gaming,1.0
10074362,Team 3DMAX,1.0
10074364,ECSTATIC,0.6666666666666666
10074364,FAVBET Team,0.3333333333333333
10074402,CYBERSHOKE Esports,0.6666666666666666
10074402,Talon Esports,0.6666666666666666
10074403,ALTERNATE aTTaX,0.0
10074403,Team Spirit Academy,0.6666666666666666
10074404,FAVBET Team,0.3333333333333333
10074404,WW Team,0.5
10074405,Copenhagen Wolves,1.0
10074405,ECSTATIC,0.6666666666666666
10074406,DMS,0.0
10074406,Permitta Esports,0.0
10074452,Apogee Esports,0.0
10074452,Monte,1.0
10074453,Monte,1.0
10074453,Rebels Gaming,1.0
10074454,Ex-ENTERPRISE,0.5
10074454,Rebels Gaming,1.0
10074458,Copenhagen Wolves,0.6666666666666666
10074458,GamerLegion,0.6666666666666666
10074472,CYBERSHOKE Esports,0.6666666666666666
10074472,Team 3DMAX,1.0
10074473,Passion UA,0.3333333333333333
10074473,WW Team,0.0
10074474,Copenhagen Wolves,0.6666666666666666
10074474,Team EndPoint,0.6666666666666666
10074479,CYBERSHOKE Esports,1.0
10074479,DMS,0.3333333333333333
10074602,BetBoom Team,0.3333333333333333
10074602,Sangal Esports,0.6666666666666666
10074632,DMS,0.6666666666666666
10074632,ECSTATIC,0.6666666666666666
10074639,BetBoom Team,1.0
10074639,GamerLegion,1.0
10074641,BetBoom Team,0.6666666666666666
10074641,Team 3DMAX,1.0
10074643,Apogee Esports,0.0
10074643,SAW,0.6666666666666666
10074644,B8 Esports,0.3333333333333333
10074644,OG,0.3333333333333333
10074645,Nemiga Gaming,0.6666666666666666
10074645,Team 3DMAX,1.0
10074646,9z Team,0.3333333333333333
10074646,Alliance,0.0
10074647,B8 Esports,0.6666666666666666
10074647,SAW,0.6666666666666666
10074651,Alliance,0.0
10074651,Nemiga Gaming,0.3333333333333333
10074663,ECSTATIC,0.3333333333333333
10074663,Passion UA,0.6666666666666666
10074679,CYBERSHOKE Esports,0.3333333333333333
10074679,Team Spirit Academy,1.0
10074683,GUN5,0.6666666666666666
10074683,Permitta Esports,1.0
10074713,Imperial Esports,0.3333333333333333
10074713,Natus Vincere,0.6666666666666666
10074716,MOUZ,0.3333333333333333
10074716,paiN Gaming,1.0
10074721,ECSTATIC,0.0
10074721,Monte Gen,0.3333333333333333
10074768,MarcaRegistrada,0.5
10074768,Wildcard Gaming,0.3333333333333333
10074769,Legacy,0.6666666666666666
10074769,Wildcard Gaming,0.6666666666666666
10074770,Legacy,0.6666666666666666
10074770,Nouns Esports,0.3333333333333333
10074771,MarcaRegistrada,0.0
10074771,Nouns Esports,0.3333333333333333
10074772,Legacy,0.3333333333333333
10074772,Nouns Esports,0.3333333333333333
10074773,Legacy,0.6666666666666666
10074773,Wildcard Gaming,0.6666666666666666
10074774,Team Solid,0.3333333333333333
10074774,paiN Gaming,0.3333333333333333
10074775,Fluxo,0.6666666666666666
10074775,RED Canids,0.3333333333333333
10074776,RED Canids,0.3333333333333333
10074776,paiN Gaming,0.3333333333333333
10074777,Team Solid,0.3333333333333333
10074777,paiN Gaming,0.3333333333333333
10074778,Fluxo,0.6666666666666666
10074778,Team Solid,0.3333333333333333
10074779,Fluxo,0.6666666666666666
10074779,paiN Gaming,0.6666666666666666
10074780,DRILLAS,0.3333333333333333
10074780,Permitta Esports,0.6666666666666666
10074781,GUN5,0.6666666666666666
10074781,Passion UA,1.0
10074782,CYBERSHOKE Esports,0.0
10074782,G2 Ares,0.0
10074786,FAVBET Team,0.0
10074786,HOTU,0.6666666666666666
10074787,ECSTATIC,0.3333333333333333
10074787,RUBY,0.0
10074826,9Pandas,0.3333333333333333
10074826,DMS,1.0
10074841,BetBoom Team,0.6666666666666666
10074841,Rooster,0.0
10074842,BetBoom Team,0.6666666666666666
10074842,SAW,0.6666666666666666
10074849,CYBERSHOKE Esports,0.3333333333333333
10074849,Metizport,0.3333333333333333
10074850,FAVBET Team,0.3333333333333333
10074850,GUN5,0.3333333333333333
10074851,DRILLAS,0.6666666666666666
10074851,Monte,0.3333333333333333
10074852,G2 Ares,0.0
10074852,Permitta Esports,0.3333333333333333
10074868,BIG,1.0
10074868,FlyQuest,1.0
10074874,ALTERNATE aTTaX,0.3333333333333333
10074874,GUN5,0.6666666666666666
10074906,CYBERSHOKE Esports,0.6666666666666666
10074906,ECSTATIC,0.3333333333333333
10074924,GUN5,0.6666666666666666
10074924,GamerLegion,1.0
10074931,OverDrive + almazer Team,0.5
10074931,skywhywalker + karavay Team,0.5
10074932,Nix + Aunkere Team,0.5
10074932,ct0m + Yatoro Team,0.5
10074933,hooch + RachelR Team,0.5
10074933,sugaR + TpaBoMaH Team,0.5
10074934,CS2NEWS + tried Team,0.5
10074934,eevochka + focusbtw Team,0.5
10074935,ct0m + Yatoro Team,0.0
10074935,skywhywalker + karavay Team,0.0
10074936,eevochka + focusbtw Team,0.0
10074936,sugaR + TpaBoMaH Team,0.0
10074937,Nix + Aunkere Team,1.0
10074937,OverDrive + almazer Team,1.0
10074938,CS2NEWS + tried Team,1.0
10074938,hooch + RachelR Team,1.0
10074939,CS2NEWS + tried Team,1.0
10074939,Nix + Aunkere Team,1.0
10074940,CS2NEWS + tried Team,1.0
10074940,ct0m + Yatoro Team,1.0
10074941,ct0m + Yatoro Team,0.5
10074941,hooch + RachelR Team,0.5
10074942,OverDrive + almazer Team,0.5
10074942,sugaR + TpaBoMaH Team,0.5
10074943,ct0m + Yatoro Team,0.6666666666666666
10074943,sugaR + TpaBoMaH Team,0.6666666666666666
10074944,Nix + Aunkere Team,0.6666666666666666
10074944,ct0m + Yatoro Team,1.0
10074980,GUN5,1.0
10074980,Sinners Esports,0.3333333333333333
10074983,FAVBET Team,1.0
10074983,Team Spirit Academy,1.0
10074998,Team Legacy,0.5
10074998,Team Prodigy,0.5
10075012,SAW,0.3333333333333333
10075012,Sangal Esports,0.6666666666666666
10075013,Nemiga Gaming,0.3333333333333333
10075013,Team 3DMAX,0.6666666666666666
10075016,Aurora Gaming,0.6666666666666666
10075016,PARIVISION,0.3333333333333333
10075017,9Pandas,0.6666666666666666
10075017,Zero Tenacity,0.3333333333333333
10075020,9Pandas,0.6666666666666666
10075020,SAW,0.3333333333333333
10075021,Sashi Esport,0.3333333333333333
10075021,Team 3DMAX,0.3333333333333333
10075030,Fnatic,0.0
10075030,UNPAID,0.5
10075041,B8 Esports,0.6666666666666666
10075041,The Mongolz,0.6666666666666666
10075143,OG,0.0
10075143,Virtus.pro,0.6666666666666666
10075154,Imperial Esports,0.0
10075154,Legacy,0.6666666666666666
10075350,Fnatic,0.6666666666666666
10075350,Heroic,0.6666666666666666
10075370,B8 Esports,0.6666666666666666
10075370,SAW,1.0
10075395,Австралия,1.0
10075395,Швеция,0.5
10075396,Канада,0.5
10075396,Турция,0.6666666666666666
10075397,Норвегия,0.6666666666666666
10075397,Польша,0.6666666666666666
10075398,Канада,1.0
10075398,Польша,0.6666666666666666
10075399,Австралия,0.5
10075399,Норвегия,0.3333333333333333
10075400,Турция,0.3333333333333333
10075400,Швеция,1.0
10075401,Канада,0.5
10075401,Норвегия,0.6666666666666666
10075402,Польша,0.6666666666666666
10075402,Швеция,0.5
10075403,Австралия,0.3333333333333333
10075403,Турция,0.3333333333333333
10075404,Польша,0.6666666666666666
10075404,Турция,0.6666666666666666
10075405,Норвегия,0.6666666666666666
10075405,Швеция,0.6666666666666666
10075406,Австралия,0.0
10075406,Канада,0.3333333333333333
10075407,Норвегия,0.6666666666666666
10075407,Турция,0.6666666666666666
10075408,Австралия,0.3333333333333333
10075408,Польша,0.6666666666666666
10075409,Канада,0.0
10075409,Швеция,0.6666666666666666
10075410,Иордания,0.5
10075410,Косово,0.6666666666666666
10075411,Германия,0.6666666666666666
10075411,Чили,0.5
10075412,Венгрия,0.3333333333333333
10075412,Португалия,0.3333333333333333
10075413,Португалия,0.3333333333333333
10075413,Чили,0.0
10075414,Венгрия,0.0
10075414,Иордания,1.0
10075415,Германия,0.6666666666666666
10075415,Косово,0.6666666666666666
10075416,Германия,1.0
10075416,Португалия,1.0
10075417,Венгрия,0.6666666666666666
10075417,Косово,0.0
10075418,Иордания,0.3333333333333333
10075418,Чили,0.0
10075419,Венгрия,1.0
10075419,Германия,1.0
10075420,Иордания,0.0
10075420,Португалия,0.6666666666666666
10075421,Косово,0.0
10075421,Чили,0.3333333333333333
10075422,Германия,0.6666666666666666
10075422,Иордания,0.5
10075423,Косово,0.3333333333333333
10075423,Португалия,0.6666666666666666
10075424,Венгрия,0.3333333333333333
10075424,Чили,0.0
10075425,Тунис,0.5
10075425,Украина,0.6666666666666666
10075426,Казахстан,0.5
10075426,Румыния,0.6666666666666666
10075427,Латвия,0.6666666666666666
10075427,США,0.5
10075428,Казахстан,1.0
10075428,Латвия,0.6666666666666666
10075429,США,0.0
10075429,Тунис,0.0
10075430,Румыния,0.3333333333333333
10075430,Украина,1.0
10075431,Казахстан,1.0
10075431,США,0.0
10075432,Латвия,0.3333333333333333
10075432,Украина,0.6666666666666666
10075433,Румыния,0.3333333333333333
10075433,Тунис,0.5
10075434,Латвия,0.6666666666666666
10075434,Румыния,0.6666666666666666
10075435,США,0.0
10075435,Украина,0.3333333333333333
10075436,Казахстан,1.0
10075436,Тунис,0.3333333333333333
10075437,Румыния,1.0
10075437,США,0.0
10075438,Латвия,0.3333333333333333
10075438,Тунис,0.3333333333333333
10075439,Казахстан,1.0
10075439,Украина,0.3333333333333333
10075440,Чехия,0.6666666666666666
10075440,Южно-Африканская Республика,0.5
10075441,Монголия,0.5
10075441,Словакия,0.6666666666666666
10075442,Аргентина,0.5
10075442,Сербия,0.6666666666666666
10075443,Монголия,1.0
10075443,Сербия,0.6666666666666666
10075444,Аргентина,0.0
10075444,Южно-Африканская Республика,0.0
10075445,Словакия,0.3333333333333333
10075445,Чехия,0.6666666666666666
10075446,Аргентина,0.5
10075446,Монголия,0.5
10075447,Сербия,1.0
10075447,Чехия,0.6666666666666666
10075448,Словакия,0.0
10075448,Южно-Африканская Республика,0.0
10075449,Сербия,1.0
10075449,Словакия,0.3333333333333333
10075450,Аргентина,0.3333333333333333
10075450,Чехия,0.6666666666666666
10075451,Монголия,0.6666666666666666
10075451,Южно-Африканская Республика,0.0
10075452,Аргентина,0.6666666666666666
10075452,Словакия,0.6666666666666666
10075453,Сербия,0.6666666666666666
10075453,Южно-Африканская Республика,0.0
10075454,Монголия,0.6666666666666666
10075454,Чехия,0.3333333333333333
10075626,9INE,0.0
10075626,Passion UA,0.3333333333333333
10075627,Permitta Esports,0.3333333333333333
10075627,Team Sampi,0.3333333333333333
10075628,Passion UA,0.3333333333333333
10075628,Permitta Esports,0.0
10075629,9INE,0.3333333333333333
10075629,Permitta Esports,0.3333333333333333
10075630,Permitta Esports,0.0
10075630,Team Sampi,0.6666666666666666
10075631,Dynamo Eclot,1.0
10075631,GUN5,0.6666666666666666
10075632,Aurora Young Blood,0.6666666666666666
10075632,Into The Breach,0.0
10075633,Aurora Young Blood,0.3333333333333333
10075633,Dynamo Eclot,0.6666666666666666
10075634,GUN5,0.6666666666666666
10075634,Into The Breach,0.3333333333333333
10075636,Dynamo Eclot,1.0
10075636,GUN5,0.6666666666666666
10075637,Insilio,0.6666666666666666
10075637,Sinners Esports,0.6666666666666666
10075638,Rebels Gaming,0.0
10075638,Team EndPoint,0.0
10075639,Insilio,0.3333333333333333
10075639,Rebels Gaming,0.0
10075640,Sinners Esports,0.6666666666666666
10075640,Team EndPoint,0.3333333333333333
10075641,Rebels Gaming,0.3333333333333333
10075641,Team EndPoint,0.3333333333333333
10075642,ECSTATIC,0.0
10075642,Natus Vincere Junior,0.3333333333333333
10075643,9Pandas,0.6666666666666666
10075643,Verdant,0.3333333333333333
10075644,ECSTATIC,0.0
10075644,Verdant,0.3333333333333333
10075645,9Pandas,1.0
10075645,Natus Vincere Junior,0.6666666666666666
10075646,ECSTATIC,0.3333333333333333
10075646,Natus Vincere Junior,0.3333333333333333
10075647,9INE,0.6666666666666666
10075647,Natus Vincere Junior,0.3333333333333333
10075657,500,0.3333333333333333
10075657,Into The Breach,0.6666666666666666
10075659,ECSTATIC,0.3333333333333333
10075659,GUN5,0.6666666666666666
10075661,ENCE,1.0
10075661,Into The Breach,0.3333333333333333
10075662,GUN5,0.6666666666666666
10075662,Zero Tenacity,0.6666666666666666
10075664,Johnny Speeds,0.3333333333333333
10075664,OG,0.3333333333333333
10075665,FAVBET Team,0.6666666666666666
10075665,Natus Vincere Junior,0.6666666666666666
10075666,Insilio,0.0
10075666,Johnny Speeds,0.3333333333333333
10075667,Natus Vincere Junior,0.6666666666666666
10075667,Rebels Gaming,0.6666666666666666
10075687,9Pandas,1.0
10075687,Natus Vincere Junior,0.6666666666666666
10075688,9Pandas,0.6666666666666666
10075688,Dynamo Eclot,1.0
10075693,Dynamo Eclot,0.6666666666666666
10075693,Natus Vincere Junior,0.6666666666666666
10075755,Gaimin Gladiators,0.6666666666666666
10075755,Rebels Gaming,0.0
10075756,Dynamo Eclot,0.6666666666666666
10075756,Zero Tenacity,0.3333333333333333
10075757,GUN5,0.6666666666666666
10075757,Sashi Esport,0.3333333333333333
10075758,HOTU,0.3333333333333333
10075758,Sinners Esports,0.6666666666666666
10075759,500,0.6666666666666666
10075759,AMKAL Esports,0.6666666666666666
10075760,9INE,0.6666666666666666
10075760,OG,0.6666666666666666
10075761,Into The Breach,0.6666666666666666
10075761,Permitta Esports,0.3333333333333333
10075762,9INE,1.0
10075762,9Pandas,0.6666666666666666
10075763,500,0.6666666666666666
10075763,GUN5,0.6666666666666666
10075764,Dynamo Eclot,0.6666666666666666
10075764,Into The Breach,1.0
10075765,Gaimin Gladiators,0.6666666666666666
10075765,HOTU,0.6666666666666666
10075766,Rebels Gaming,0.3333333333333333
10075766,Sinners Esports,0.3333333333333333
10075767,Johnny Speeds,0.0
10075767,OG,0.6666666666666666
10075768,AMKAL Esports,0.3333333333333333
10075768,Sashi Esport,0.3333333333333333
10075769,Permitta Esports,0.3333333333333333
10075769,Zero Tenacity,0.0
10075770,9Pandas,0.6666666666666666
10075770,Johnny Speeds,0.3333333333333333
10075771,9Pandas,1.0
10075771,Gaimin Gladiators,0.6666666666666666
10075772,Dynamo Eclot,1.0
10075772,GUN5,0.6666666666666666
10075773,AMKAL Esports,0.3333333333333333
10075773,Into The Breach,0.6666666666666666
10075774,500,0.3333333333333333
10075774,Zero Tenacity,0.3333333333333333
10075775,HOTU,0.3333333333333333
10075775,Johnny Speeds,0.6666666666666666
10075776,9INE,0.3333333333333333
10075776,Sinners Esports,0.6666666666666666
10075777,Rebels Gaming,0.6666666666666666
10075777,Sashi Esport,0.0
10075778,OG,0.0
10075778,Permitta Esports,0.3333333333333333
10075780,Dynamo Eclot,0.6666666666666666
10075780,Johnny Speeds,1.0
10075781,500,0.3333333333333333
10075781,Sinners Esports,0.3333333333333333
10075782,AMKAL Esports,0.6666666666666666
10075782,Gaimin Gladiators,0.6666666666666666
10075783,HOTU,0.3333333333333333
10075783,Zero Tenacity,0.3333333333333333
10075784,9INE,0.0
10075784,Into The Breach,0.3333333333333333
10075785,OG,0.3333333333333333
10075785,Sashi Esport,0.3333333333333333
10075786,500,0.3333333333333333
10075786,Sashi Esport,0.6666666666666666
10075787,Johnny Speeds,0.6666666666666666
10075787,Zero Tenacity,0.6666666666666666
10075790,9INE,0.6666666666666666
10075790,GUN5,0.3333333333333333
10075795,500,1.0
10075795,BetBoom Team,0.6666666666666666
10075804,Johnny Speeds,0.3333333333333333
10075804,Monte,0.6666666666666666
10075806,BIG,0.6666666666666666
10075806,GUN5,0.6666666666666666
10075808,BetBoom Team,0.3333333333333333
10075808,Dynamo Eclot,0.6666666666666666
10075809,Ninjas in Pyjamas,0.3333333333333333
10075809,Zero Tenacity,1.0
10075824,500,1.0
10075824,GUN5,0.6666666666666666
10075982,BetBoom Staff,0.5
10075982,Relog Media,0.5
10075983,BetBoom Staff,1.0
10075983,Team KIBER,0.5
10075984,FISSURE,0.5
10075984,PARI,0.5
10075985,9Pandas Staff,0.5
10075985,FISSURE,0.0
10075986,Relog Media,0.0
10075986,Team KIBER,0.0
10075987,BetBoom Staff,1.0
10075987,CS2NEWS,1.0
10075988,9Pandas Staff,0.0
10075988,PARI,1.0
10075989,Aurora Staff,0.3333333333333333
10075989,FISSURE,0.5
10075990,Relog Media,0.6666666666666666
10075990,Team Spirit Staff,0.6666666666666666
10075991,BetBoom Staff,0.6666666666666666
10075991,Team Spirit Staff,0.6666666666666666
10075992,Cybersport.ru,0.3333333333333333
10075992,PARI,1.0
10075993,Cybersport.ru,0.3333333333333333
10075993,FISSURE,0.3333333333333333
10075994,BetBoom Staff,0.6666666666666666
10075994,Team FASTCUP,0.3333333333333333
10075995,CYBERSHOKE Staff,0.3333333333333333
10075995,FISSURE,0.3333333333333333
10075996,CS2NEWS,0.0
10075996,Virtus.pro Staff,0.5
10075997,CS2NEWS,0.5
10075997,Relog Media,0.0
10075998,Aurora Staff,0.5
10075998,Winline Team,0.5
10075999,Aurora Staff,0.0
10075999,PARI,1.0
10076000,CS2NEWS,0.6666666666666666
10076000,Team Spirit Staff,0.5
10076001,Relog Media,0.3333333333333333
10076001,Team FASTCUP,1.0
10076002,Aurora Staff,0.0
10076002,Cybersport.ru,0.0
10076003,CYBERSHOKE Staff,1.0
10076003,PARI,1.0
10076004,CS2NEWS,1.0
10076004,Team FASTCUP,0.6666666666666666
10076005,Relog Media,0.6666666666666666
10076005,Virtus.pro Staff,0.3333333333333333
10076006,Aurora Staff,0.6666666666666666
10076006,CYBERSHOKE Staff,0.6666666666666666
10076007,PARI,1.0
10076007,Winline Team,0.6666666666666666
10076008,BetBoom Staff,0.6666666666666666
10076008,Virtus.pro Staff,0.6666666666666666
10076009,FISSURE,0.6666666666666666
10076009,Winline Team,0.3333333333333333
10076010,Team FASTCUP,0.5
10076010,Team Spirit Staff,0.5
10076011,Team Spirit Staff,0.0
10076011,Virtus.pro Staff,0.0
10076012,CYBERSHOKE Staff,0.5
10076012,Cybersport.ru,0.5
10076013,Cybersport.ru,0.0
10076013,Winline Team,1.0
10076014,Team FASTCUP,1.0
10076014,Virtus.pro Staff,0.0
10076015,Team KIBER,0.0
10076015,Team Spirit Staff,0.3333333333333333
10076016,CYBERSHOKE Staff,1.0
10076016,Winline Team,1.0
10076017,9Pandas Staff,0.0
10076017,Cybersport.ru,0.0
10076018,Team KIBER,0.0
10076018,Virtus.pro Staff,0.0
10076019,Team FASTCUP,0.3333333333333333
10076019,Team KIBER,0.0
10076020,9Pandas Staff,0.0
10076020,Winline Team,0.6666666666666666
10076021,9Pandas Staff,0.0
10076021,CYBERSHOKE Staff,0.3333333333333333
10076022,9Pandas Staff,0.0
10076022,Aurora Staff,1.0
10076023,CS2NEWS,1.0
10076023,Team KIBER,0.0
10076024,CS2NEWS,1.0
10076024,Winline Team,0.6666666666666666
10076025,BetBoom Staff,1.0
10076025,PARI,1.0
10076026,FISSURE,0.6666666666666666
10076026,Team FASTCUP,0.3333333333333333
10076027,Aurora Staff,1.0
10076027,Team Spirit Staff,0.6666666666666666
10076028,BetBoom Staff,0.6666666666666666
10076028,Team FASTCUP,0.6666666666666666
10076029,CS2NEWS,0.6666666666666666
10076029,Team Spirit Staff,0.6666666666666666
10076030,BetBoom Staff,0.6666666666666666
10076030,Team Spirit Staff,0.6666666666666666
10076031,BetBoom Staff,0.6666666666666666
10076031,PARI,0.6666666666666666
10076032,PARI,1.0
10076032,Winline Team,0.6666666666666666
10076033,BetBoom Staff,1.0
10076033,Winline Team,1.0
10076096,FURIA Esports,0.6666666666666666
10076096,M80,0.6666666666666666
10076271,Монголия,0.6666666666666666
10076271,Швеция,1.0
10076272,Германия,1.0
10076272,Румыния,1.0
10076273,Казахстан,1.0
10076273,Португалия,0.6666666666666666
10076274,Польша,0.6666666666666666
10076274,Сербия,0.6666666666666666
10076275,Румыния,1.0
10076275,Швеция,1.0
10076276,Португалия,0.6666666666666666
10076276,Сербия,0.6666666666666666
10076277,Португалия,1.0
10076277,Румыния,1.0
10076318,Сербия,0.6666666666666666
10076318,Швеция,0.6666666666666666
10076413,BetBoom Team,0.6666666666666666
10076413,GamerLegion,1.0
10076506,Imperial Female,1.0
10076506,NAVI Javelins,0.6666666666666666
10076507,Fluxo Demons,0.3333333333333333
10076507,FlyQuest RED,0.0
10076508,Fluxo Demons,0.6666666666666666
10076508,Imperial Female,1.0
10076511,BIG EQUIPA,0.6666666666666666
10076511,NIP Impact,0.6666666666666666
10076512,FURIA Esports Female,0.3333333333333333
10076512,K27 Female,0.5
10076513,BIG EQUIPA,0.6666666666666666
10076513,FURIA Esports Female,0.6666666666666666
10076514,K27 Female,0.0
10076514,NIP Impact,0.3333333333333333
10076515,BIG EQUIPA,0.6666666666666666
10076515,NIP Impact,0.3333333333333333
10076542,Fluffy Gangsters,0.3333333333333333
10076542,LEON,0.0
10076543,FORZE Reload,0.5
10076543,LEON,0.3333333333333333
10076544,FORZE Reload,0.0
10076544,Players,0.5
10076545,HOTU,0.0
10076545,K27,0.0
10076546,RUSH B,0.3333333333333333
10076546,ПuBo3aBpbI,0.5
10076547,K27,0.3333333333333333
10076547,RUSH B,0.3333333333333333
10076548,K27,0.3333333333333333
10076548,LEON,0.3333333333333333
10076549,FORZE Reload,0.6666666666666666
10076549,RUSH B,0.6666666666666666
10076613,REU,0.5
10076613,YYHuT,0.5
10076614,Donstu Esports,0.3333333333333333
10076614,СФУ,0.5
10076615,Donstu Esports,0.6666666666666666
10076615,YYHuT,1.0
10076616,REU,0.0
10076616,СФУ,0.0
10076648,CYBERSHOKE Esports,0.6666666666666666
10076648,ECSTATIC,0.3333333333333333
10076649,DMS,0.6666666666666666
10076649,FAVBET Team,0.3333333333333333
10076651,Gaimin Gladiators,0.3333333333333333
10076651,KOI,0.0
10076728,GamerLegion,0.3333333333333333
10076728,Team Liquid,0.6666666666666666
10076729,FURIA Esports,1.0
10076729,Team Vitality,1.0
10076744,CYBERSHOKE Esports,0.3333333333333333
10076744,FAVBET Team,0.3333333333333333
10076745,Fire Flux Esports,0.0
10076745,Metizport,0.3333333333333333
10076749,9INE,0.6666666666666666
10076749,KOI,0.3333333333333333
10076751,DMS,0.6666666666666666
10076751,ECSTATIC,0.3333333333333333
10076765,Fire Flux Esports,0.0
10076765,Gaimin Gladiators,0.0
10076767,CYBERSHOKE Esports,0.0
10076767,Team Sampi,0.0
10076768,FAVBET Team,0.3333333333333333
10076768,KOI,0.3333333333333333
10076772,DMS,0.6666666666666666
10076772,Team Spirit Academy,1.0
10076800,ECSTATIC,0.3333333333333333
10076800,Fluffy Gangsters,0.3333333333333333
10076805,KOI,0.6666666666666666
10076805,Team Spirit Academy,0.6666666666666666
10076853,ECSTATIC,0.3333333333333333
10076853,Fire Flux Esports,0.6666666666666666
10076854,KOI,0.3333333333333333
10076854,Team EndPoint,0.3333333333333333
10076946,ENCE,0.6666666666666666
10076946,Team EndPoint,0.6666666666666666
10076950,Aurora Young Blood,1.0
10076950,GUN5,0.6666666666666666
10076952,DMS,1.0
10076952,Zero Tenacity,0.3333333333333333
10076953,B8 Esports,0.0
10076953,ECSTATIC,0.6666666666666666
10077005,Team BYE,0.5
10077005,Team HAI,0.5
10077119,Team Aunkere,0.3333333333333333
10077119,Team BreeL,0.5
10077120,Team CS2NEWS,0.5
10077120,Team Shadowkek,0.0
10077121,Team Rachel,0.6666666666666666
10077121,Team Skywhywalker,0.5
10077122,Team Buster,0.5
10077122,Team OverDrive,0.5
10077123,Team Rachel,0.6666666666666666
10077123,Team Shadowkek,0.3333333333333333
10077124,Team CS2NEWS,0.0
10077124,Team Skywhywalker,0.0
10077125,Team Aunkere,0.3333333333333333
10077125,Team Buster,1.0
10077126,Team BreeL,0.0
10077126,Team OverDrive,0.0
10077127,Team OverDrive,0.5
10077127,Team Shadowkek,0.3333333333333333
10077128,Team Buster,0.5
10077128,Team Skywhywalker,0.5
10077129,Team Aunkere,0.6666666666666666
10077129,Team Shadowkek,0.6666666666666666
10077130,Team Rachel,0.6666666666666666
10077130,Team Skywhywalker,0.6666666666666666
10077131,Team Aunkere,1.0
10077131,Team Skywhywalker,1.0
10077132,Team Aunkere,0.6666666666666666
10077132,Team Skywhywalker,1.0
10077134,Team Aunkere,1.0
10077134,Team Skywhywalker,0.6666666666666666
10077135,Team OverDrive,0.3333333333333333
10077135,Team Rachel,0.6666666666666666
10077136,Team Buster,0.3333333333333333
10077136,Team Shadowkek,0.3333333333333333
10077137,Team Buster,0.3333333333333333
10077137,Team Rachel,0.6666666666666666
10077138,Team Aunkere,0.6666666666666666
10077138,Team Rachel,0.6666666666666666
10077139,Team OverDrive,0.3333333333333333
10077139,Team Shadowkek,0.3333333333333333
10077140,Team Buster,0.3333333333333333
10077140,Team OverDrive,0.3333333333333333
10077141,Team Buster,0.6666666666666666
10077141,Team Rachel,0.6666666666666666
10077142,Team Aunkere,0.6666666666666666
10077142,Team Buster,0.6666666666666666
10077207,Team Evelone,1.0
10077207,Team OverDrive,0.3333333333333333
10077208,Team AN,0.5
10077208,Team DM,0.5
10077209,Team ES,0.5
10077209,Team JL,0.5
10077210,Team DM,1.0
10077210,Team JL,1.0
10077211,Team AN,0.0
10077211,Team ES,0.0
10077212,Team AN,0.5
10077212,Team DM,0.5
10077213,Team BM,0.5
10077213,Team CM,0.5
10077214,Team 2S,0.5
10077214,Team SR,0.5
10077215,Team BM,1.0
10077215,Team SR,1.0
10077216,Team 2S,0.0
10077216,Team CM,0.0
10077217,Team CM,0.5
10077217,Team SR,0.5
10077219,Team CM,0.6666666666666666
10077219,Team JL,1.0
10077220,Team DM,0.3333333333333333
10077220,Team JL,0.6666666666666666
10077221,Team BM,1.0
10077221,Team DM,0.6666666666666666
10077222,Team BM,1.0
10077222,Team CM,1.0
10077223,Team BM,0.6666666666666666
10077223,Team DM,0.6666666666666666
10077224,Team CM,1.0
10077224,Team DM,0.6666666666666666
10077341,Team Magnojez & Ct0m,0.5
10077341,Team rain & broky,0.5
10077342,Team YEKINDAR & ultimate,0.0
10077342,Team rain & broky,0.0
10077343,Team YEKINDAR & ultimate,0.5
10077343,m0NESY Team,0.5
10077344,Team deko & tN1R,0.5
10077344,Team xiELO & Jame,0.5
10077345,Team s1mple & Perfecto,0.5
10077345,kyousuke Team,0.5
10077346,Team Magnojez & Ct0m,1.0
10077346,m0NESY Team,1.0
10077347,Team deko & tN1R,0.0
10077347,Team s1mple & Perfecto,0.0
10077348,Team xiELO & Jame,1.0
10077348,kyousuke Team,1.0
10077349,Team YEKINDAR & ultimate,0.5
10077349,Team xiELO & Jame,0.5
10077350,kyousuke Team,1.0
10077350,m0NESY Team,1.0
10077351,Team Magnojez & Ct0m,0.5
10077351,Team s1mple & Perfecto,0.5
10077352,kyousuke Team,0.6666666666666666
10077352,m0NESY Team,1.0
10077353,Team Magnojez & Ct0m,0.6666666666666666
10077353,Team xiELO & Jame,0.6666666666666666
10077354,Team xiELO & Jame,0.6666666666666666
10077354,kyousuke Team,0.6666666666666666
10077506,M80,0.3333333333333333
10077506,Nexus Gaming,0.3333333333333333
10077509,500,0.6666666666666666
10077509,M80,0.6666666666666666
10077517,Team Chr1swave,0.5
10077517,Team Morphilina,0.5
10077518,Team By_Owl,0.5
10077518,Team Fruktozka,0.5
10077519,Team Fruktozka,0.0
10077519,Team Morphilina,0.0
10077520,Team By_Owl,1.0
10077520,Team Chr1swave,1.0
10077521,Team By_Owl,0.5
10077521,Team Morphilina,0.5
10077522,Team By_Owl,0.6666666666666666
10077522,Team Chr1swave,1.0
10077715,Sashi Esport,0.3333333333333333
10077715,Zero Tenacity,0.3333333333333333
10077716,Partizan Esports,0.0
10077716,Sinners Esports,0.0
10077718,BCGame,0.0
10077718,OG,0.3333333333333333
10077720,Betclic,0.5
10077720,GUN5,0.3333333333333333
10077721,FAVBET Team,0.3333333333333333
10077721,GTZ.ESPORTS,0.5
10078062,ECSTATIC,0.3333333333333333
10078062,Iberian Soul,0.5
10078063,Fire Flux Esports,0.6666666666666666
10078063,Sashi Esport,0.3333333333333333
10078068,BCGame,0.0
10078068,JANO Esports,0.3333333333333333
10078072,Betclic,1.0
10078072,GTZ.ESPORTS,1.0
10078131,Betera,0.6666666666666666
10078131,Nemiga Gaming,0.3333333333333333
10078133,Betera,0.6666666666666666
10078133,Fire Flux Esports,0.3333333333333333
10078134,500,0.3333333333333333
10078134,CYBERSHOKE Esports,0.0
10078138,500,0.6666666666666666
10078138,Betera,0.6666666666666666
10078140,Betera,0.3333333333333333
10078140,Sashi Esport,0.0
10078141,500,0.6666666666666666
10078141,Fire Flux Esports,0.3333333333333333
10078143,9Pandas,0.0
10078143,JiJieHao,0.3333333333333333
10078145,9Pandas,0.0
10078145,Sinners Esports,0.3333333333333333
10078146,Copenhagen Wolves,0.3333333333333333
10078146,Monte,0.3333333333333333
10078147,JiJieHao,0.0
10078147,PARIVISION,1.0
10078150,9Pandas,0.3333333333333333
10078150,Copenhagen Wolves,0.6666666666666666
10078151,JiJieHao,0.0
10078151,Monte,0.3333333333333333
10078152,9Pandas,0.6666666666666666
10078152,PARIVISION,0.6666666666666666
10078160,RUSH B,0.0
10078160,Zero Tenacity,0.3333333333333333
10078166,Aurora Gaming,0.3333333333333333
10078166,Natus Vincere Junior,0.3333333333333333
10078167,GUN5,0.0
10078167,Rebels Gaming,0.3333333333333333
10078170,FAVBET Team,0.3333333333333333
10078170,Natus Vincere Junior,0.6666666666666666
10078171,Aurora Gaming,0.0
10078171,GUN5,0.0
10078172,GUN5,0.6666666666666666
10078172,GameAgents,0.0
10078173,Natus Vincere Junior,0.6666666666666666
10078173,Rebels Gaming,0.3333333333333333
10078175,FAVBET Team,0.3333333333333333
10078175,GUN5,0.3333333333333333
10078320,ECSTATIC,0.6666666666666666
10078320,Fire Flux Esports,1.0
10078325,CYBERSHOKE Esports,0.0
10078325,Sashi Esport,0.6666666666666666
10078330,Fire Flux Esports,0.6666666666666666
10078330,Fnatic,0.6666666666666666
10078354,Imperial Female,0.0
10078354,PARIVISION,1.0
10078358,ENCE,0.3333333333333333
10078358,OG,0.6666666666666666
10078359,ECSTATIC,1.0
10078359,GUN5,0.3333333333333333
10078361,AMKAL Esports,0.6666666666666666
10078361,BetBoom Team,0.6666666666666666
10078379,Fnatic,0.6666666666666666
10078379,OG,0.3333333333333333
10078380,Alliance,0.0
10078380,Natus Vincere Junior,0.6666666666666666
10078382,GTZ.ESPORTS,1.0
10078382,Sinners Esports,1.0
10078496,Natus Vincere Junior,0.6666666666666666
10078496,OG,0.3333333333333333
10078498,ECSTATIC,0.3333333333333333
10078498,GTZ.ESPORTS,0.6666666666666666
10078500,Team Spirit Academy,0.6666666666666666
10078500,moneyF,1.0
10078502,Alliance,0.3333333333333333
10078502,Sinners Esports,0.6666666666666666
10078547,ECSTATIC,0.0
10078547,Natus Vincere Junior,0.3333333333333333
10078551,Fire Flux Esports,0.3333333333333333
10078551,GTZ.ESPORTS,0.6666666666666666
10078552,Alliance,0.6666666666666666
10078552,B8 Esports,1.0
10078558,Imperial Female,0.0
10078558,PARIVISION,1.0
10078560,BCGame,0.3333333333333333
10078560,SAW,0.0
10078562,B8 Esports,1.0
10078562,PARIVISION,1.0
10078563,500,0.6666666666666666
10078563,BCGame,0.6666666666666666
10078564,Eco Warriors,0.0
10078564,SAW,0.0
10078565,BetBoom Team,0.3333333333333333
10078565,Passion UA,0.3333333333333333
10078566,Metizport,0.0
10078566,Ninjas in Pyjamas,0.3333333333333333
10078569,9INE,0.3333333333333333
10078569,ENCE,0.6666666666666666
10078570,Dynamo Eclot,0.3333333333333333
10078570,Nexus Gaming,0.0
10078576,500,0.6666666666666666
10078576,BCGame,1.0
10078605,9INE,0.0
10078605,Sashi Esport,0.0
10078617,Monte,0.3333333333333333
10078617,Sinners Esports,0.0
10078618,Fire Flux Esports,0.3333333333333333
10078618,Natus Vincere Junior,0.3333333333333333
10078619,Sashi Esport,0.3333333333333333
10078619,moneyF,0.3333333333333333
10078620,Alliance,0.6666666666666666
10078620,Team Spirit Academy,0.6666666666666666
10078621,Betclic,0.6666666666666666
10078621,GTZ.ESPORTS,0.6666666666666666
10078622,500,1.0
10078622,OG,1.0
10078630,1win Team,0.0
10078630,Fluffy Gangsters,0.0
10078634,K27,0.6666666666666666
10078634,Team Spirit Academy,1.0
10078714,Betera,1.0
10078714,Complexity,0.0
10078715,FAVBET Team,0.6666666666666666
10078715,ex-Daystar,0.5
10078716,Hesta,0.5
10078716,PARIVISION,1.0
10078717,Natus Vincere Junior,0.3333333333333333
10078717,RUSH B,0.6666666666666666
10078718,CYBERSHOKE Esports,0.0
10078718,Inner Circle,0.5
10078719,1win Team,0.0
10078719,TEAM NEXT LEVEL,0.0
10078720,ATRIVM,0.5
10078720,benched,0.5
10078721,MissionPossible,0.5
10078721,OG,0.6666666666666666
10078722,Dynamo Eclot,0.3333333333333333
10078722,nEvermore,0.5
10078723,ToxicAndCritic,0.5
10078723,bruh,0.5
10078724,Fnatic,1.0
10078724,QPT,0.5
10078725,Little Red Door,0.5
10078725,Sinners Esports,0.3333333333333333
10078726,AgencilUSB,0.5
10078726,ENCE,0.6666666666666666
10078727,FORZE Reload,0.6666666666666666
10078727,Zero Tenacity,0.6666666666666666
10078728,Partizan Esports,0.6666666666666666
10078728,SkyFury,0.5
10078729,Aurora Gaming,0.0
10078729,BCGame,0.6666666666666666
10078732,GamerLegion,0.3333333333333333
10078732,PARIVISION,0.6666666666666666
10078734,Heroic,0.3333333333333333
10078734,Passion UA,1.0
10078735,500,1.0
10078735,BIG,0.3333333333333333
10078736,9INE,0.6666666666666666
10078736,Astralis,0.3333333333333333
10078739,Betera,1.0
10078739,ex-Daystar,1.0
10078740,Hesta,1.0
10078740,Natus Vincere Junior,0.6666666666666666
10078741,CYBERSHOKE Esports,0.3333333333333333
10078741,TEAM NEXT LEVEL,0.5
10078742,BCGame,0.6666666666666666
10078742,Partizan Esports,1.0
10078743,Little Red Door,1.0
10078743,QPT,1.0
10078744,ENCE,0.6666666666666666
10078744,Zero Tenacity,0.6666666666666666
10078745,ToxicAndCritic,1.0
10078745,nEvermore,0.6666666666666666
10078746,OG,0.6666666666666666
10078746,benched,1.0
10078747,BCGame,0.6666666666666666
10078747,Zero Tenacity,0.6666666666666666
10078748,Hesta,1.0
10078748,ex-Daystar,1.0
10078749,Little Red Door,1.0
10078749,nEvermore,0.6666666666666666
10078750,OG,0.6666666666666666
10078750,TEAM NEXT LEVEL,0.6666666666666666
10078753,TEAM NEXT LEVEL,0.6666666666666666
10078753,ex-Daystar,0.6666666666666666
10078754,Little Red Door,0.6666666666666666
10078754,Zero Tenacity,0.6666666666666666
10078771,GTZ.ESPORTS,0.3333333333333333
10078771,UNiTY,0.0
10078772,Dynamo Eclot,0.3333333333333333
10078772,NIP Impact,0.3333333333333333
10078776,Bad News Eagles,0.3333333333333333
10078776,EYEBALLERS,0.0
10078778,ESC Gaming,0.0
10078778,kONO,0.3333333333333333
10078784,BCGame,1.0
10078784,BIG,0.0
10078843,Astralis,1.0
10078843,BCGame,0.6666666666666666
10078848,Zero Tenacity,0.3333333333333333
10078848,nEvermore,0.6666666666666666
10078985,B8 Esports,0.6666666666666666
10078985,GUN5,0.6666666666666666
10078990,Alliance,0.3333333333333333
10078990,ENCE,0.3333333333333333
10078997,ECSTATIC,0.0
10078997,Fnatic,0.6666666666666666
10078998,BCGame,1.0
10078998,GTZ.ESPORTS,0.0
10078999,GUN5,0.3333333333333333
10078999,Sinners Esports,0.3333333333333333
10079000,RUSH B,0.3333333333333333
10079000,Sashi Esport,1.0
10079001,CYBERSHOKE Esports,0.3333333333333333
10079001,Monte,0.3333333333333333
10079002,500,0.6666666666666666
10079002,ALASKA,0.5
10079004,Chimera Esports,0.0
10079004,Natus Vincere Junior,0.3333333333333333
10079028,Nexus Gaming,0.3333333333333333
10079028,Partizan Esports,0.6666666666666666
10079030,GUN5,0.3333333333333333
10079030,RUSH B,0.3333333333333333
10079031,9INE,0.6666666666666666
10079031,GTZ.ESPORTS,0.3333333333333333
10079034,Monte,0.3333333333333333
10079034,Natus Vincere Junior,0.6666666666666666
10079035,BCGame,0.6666666666666666
10079035,CYBERSHOKE Esports,0.3333333333333333
10079036,Copenhagen Wolves,0.6666666666666666
10079036,Sashi Esport,0.3333333333333333
10079037,ALASKA,0.0
10079037,Sinners Esports,0.0
10079040,500,0.6666666666666666
10079040,Dynamo Eclot,0.6666666666666666
10079098,9INE,1.0
10079098,GUN5,0.6666666666666666
10079101,500,0.6666666666666666
10079101,BCGame,0.6666666666666666
10079103,ECSTATIC,0.3333333333333333
10079103,Natus Vincere Junior,0.3333333333333333
10079104,ALASKA,0.0
10079104,CYBERSHOKE Esports,0.3333333333333333
10079105,Chimera Esports,0.0
10079105,Copenhagen Wolves,0.3333333333333333
10079109,The Mongolz,0.6666666666666666
10079109,Wildcard Gaming,0.3333333333333333
10079118,500,0.6666666666666666
10079118,Partizan Esports,1.0
10079132,Natus Vincere Junior,0.6666666666666666
10079132,Sashi Esport,0.6666666666666666
10079134,BCGame,1.0
10079134,GUN5,0.3333333333333333
10079157,CYBERSHOKE Esports,1.0
10079157,kONO,0.3333333333333333
10079158,9INE,1.0
10079158,UNiTY,0.3333333333333333
10079159,NIP Impact,0.3333333333333333
10079159,Sashi Esport,0.6666666666666666
10079225,CYBERSHOKE Esports,1.0
10079225,ECSTATIC,0.6666666666666666
10079226,BCGame,0.6666666666666666
10079226,Copenhagen Wolves,0.6666666666666666
10079227,Natus Vincere Junior,0.3333333333333333
10079227,RUSH B,0.3333333333333333
10079257,CYBERSHOKE Esports,0.6666666666666666
10079257,Nemiga Gaming,0.6666666666666666
10079258,B8 Esports,0.6666666666666666
10079258,Monte,0.6666666666666666
10079259,9Pandas,0.3333333333333333
10079259,Sashi Esport,1.0
10079261,BCGame,0.6666666666666666
10079261,Nexus Gaming,0.3333333333333333
10079262,BCGame,0.6666666666666666
10079262,Partizan Esports,0.6666666666666666
10079265,GUN5,0.3333333333333333
10079265,Passion UA,0.3333333333333333
10079266,9Pandas,0.6666666666666666
10079266,Dynamo Eclot,0.3333333333333333
10079318,GUN5,0.6666666666666666
10079318,Natus Vincere Junior,0.6666666666666666
10079335,BCGame,1.0
10079335,Natus Vincere Junior,0.6666666666666666
10079340,B8 Esports,1.0
10079340,BCGame,1.0
10079345,ESC Gaming,0.0
10079345,NIP Impact,0.0
10079347,Copenhagen Wolves,0.3333333333333333
10079347,UNiTY,0.3333333333333333
10079350,GTZ.ESPORTS,0.3333333333333333
10079350,kONO,0.3333333333333333
10079405,Ct0m Team,0.5
10079405,Lixx Team,0.5
10079406,Baz Team,0.5
10079406,Des0ut Team,0.5
10079407,Baz Team,1.0
10079407,Lixx Team,1.0
10079408,Ct0m Team,0.0
10079408,Des0ut Team,0.0
10079409,Baz Team,0.5
10079409,Des0ut Team,0.5
10079410,Perfecto Team,0.6666666666666666
10079410,Team OverDrive,0.6666666666666666
10079411,Deko Team,0.5
10079411,Recrent Team,0.5
10079412,Perfecto Team,0.6666666666666666
10079412,Recrent Team,1.0
10079413,Deko Team,0.0
10079413,Team OverDrive,0.3333333333333333
10079414,Recrent Team,0.5
10079414,Team OverDrive,0.6666666666666666
10079421,500,0.3333333333333333
10079421,Partizan Esports,0.3333333333333333
10079422,GTZ.ESPORTS,0.6666666666666666
10079422,Sashi Esport,0.0
10079423,Natus Vincere Junior,0.3333333333333333
10079423,PARIVISION,0.6666666666666666
10079424,BCGame,0.6666666666666666
10079424,Fnatic,0.3333333333333333
10079427,Fire Flux Esports,0.6666666666666666
10079427,GUN5,0.3333333333333333
10079429,9Pandas,0.3333333333333333
10079429,Iberian Soul,0.3333333333333333
10079430,500,0.6666666666666666
10079430,GTZ.ESPORTS,1.0
10079431,Fnatic,0.6666666666666666
10079431,GUN5,0.3333333333333333
10079436,BCGame,0.3333333333333333
10079436,Monte,0.3333333333333333
10079437,Lixx Team,1.0
10079437,Team OverDrive,0.6666666666666666
10079438,Des0ut Team,0.6666666666666666
10079438,Perfecto Team,0.6666666666666666
10079439,Perfecto Team,1.0
10079439,Team OverDrive,1.0
10079466,GUN5,0.3333333333333333
10079466,Sinners Esports,0.3333333333333333
10079469,BCGame,0.0
10079469,Fire Flux Esports,0.3333333333333333
10079471,Betera,0.6666666666666666
10079471,Nemiga Gaming,0.0
10079510,Sashi Esport,0.3333333333333333
10079510,Zero Tenacity,0.3333333333333333
10079511,EYEBALLERS,0.3333333333333333
10079511,kONO,0.3333333333333333
10079512,ESC Gaming,0.3333333333333333
10079512,UNiTY,0.3333333333333333
10079516,GTZ.ESPORTS,0.6666666666666666
10079516,Zero Tenacity,0.3333333333333333
10079517,ECSTATIC,0.3333333333333333
10079517,GUN5,0.6666666666666666
10079557,PARIVISION,0.3333333333333333
10079557,Sinners Esports,0.3333333333333333
10079559,BCGame,0.3333333333333333
10079559,Partizan Esports,0.3333333333333333
10079560,9Pandas,0.3333333333333333
10079560,GUN5,0.3333333333333333
10079607,BCGame,1.0
10079607,Passion UA,0.3333333333333333
10079612,BCGame,0.6666666666666666
10079612,ENCE,0.0
10079613,Natus Vincere Junior,0.3333333333333333
10079613,Roler Coaster,0.0
10079614,BIG,0.3333333333333333
10079614,ENCE,0.3333333333333333
10079615,Natus Vincere Junior,0.6666666666666666
10079615,Passion UA,0.3333333333333333
10079622,BASEMENT BOYS,0.5
10079622,Heroic,0.3333333333333333
10079623,GUN5,0.3333333333333333
10079623,Monte,0.6666666666666666
10079625,GUN5,0.3333333333333333
10079625,Heroic,0.3333333333333333
10079630,9INE,0.6666666666666666
10079630,GUN5,0.3333333333333333
10079633,9INE,0.6666666666666666
10079633,9Pandas,0.3333333333333333
10079634,Leo Team,0.5
10079634,Metizport,0.3333333333333333
10079637,500,1.0
10079637,Fnatic,0.6666666666666666
10079640,Betclic,0.6666666666666666
10079640,Leo Team,1.0
10079642,Fnatic,0.6666666666666666
10079642,Partizan Esports,0.3333333333333333
10079643,500,0.3333333333333333
10079643,Leo Team,0.5
10079644,Fnatic,0.6666666666666666
10079644,Leo Team,0.6666666666666666
10079664,Betclic,1.0
10079664,OG,1.0
10079665,Iberian Soul,0.6666666666666666
10079665,Natus Vincere Junior,1.0
10079669,GTZ.ESPORTS,0.3333333333333333
10079669,Monte,0.3333333333333333
10079670,OG,0.0
10079670,Partizan Esports,0.0
10079671,Fnatic,0.3333333333333333
10079671,GUN5,0.6666666666666666
10079672,9Pandas,0.0
10079672,PARIVISION,0.6666666666666666
10079675,BCGame,0.6666666666666666
10079675,Team Spirit Academy,0.3333333333333333
10079676,Dynamo Eclot,0.3333333333333333
10079676,UNiTY,0.3333333333333333
10079678,Copenhagen Wolves,0.6666666666666666
10079678,kONO,0.3333333333333333
10079761,GTZ.ESPORTS,0.3333333333333333
10079761,Partizan Esports,0.0
10079762,9Pandas,0.3333333333333333
10079762,GUN5,0.3333333333333333
10079764,OG,0.6666666666666666
10079764,Sinners Esports,0.6666666666666666
10079790,MOUZ,1.0
10079790,Team Falcons,0.6666666666666666
10079793,BCGame,0.6666666666666666
10079793,BIG,0.6666666666666666
10079796,GUN5,0.3333333333333333
10079796,Metizport,0.0
10079798,ENCE,0.0
10079798,Natus Vincere Junior,0.6666666666666666
10079801,Natus Vincere Junior,0.3333333333333333
10079801,Nexus Gaming,0.3333333333333333
10079805,BCGame,0.3333333333333333
10079805,Passion UA,0.3333333333333333
10079814,Eternal Fire,0.6666666666666666
10079814,Team Liquid,0.3333333333333333
10079815,Betclic,1.0
10079815,Natus Vincere Junior,1.0
10079818,9Pandas,1.0
10079818,Iberian Soul,0.0
10079819,GTZ.ESPORTS,0.0
10079819,PARIVISION,0.3333333333333333
10079831,BCGame,0.6666666666666666
10079831,Metizport,0.6666666666666666
10079833,BCGame,0.6666666666666666
10079833,Fnatic,0.3333333333333333
10079834,CYBERSHOKE Esports,0.3333333333333333
10079834,kONO,0.6666666666666666
10079835,9INE,1.0
10079835,Sashi Esport,0.3333333333333333
10079836,Passion UA,0.3333333333333333
10079836,Sashi Esport,0.3333333333333333
10079840,FORZE Reload,0.6666666666666666
10079840,RUSH B,0.3333333333333333
10079847,BIG,0.6666666666666666
10079847,Dynamo Eclot,1.0
10079892,BetBoom Team,0.6666666666666666
10079892,Natus Vincere Junior,0.3333333333333333
10079897,Betclic,1.0
10079897,Metizport,0.6666666666666666
10079898,9Pandas,0.3333333333333333
10079898,Nexus Gaming,0.6666666666666666
10079899,ECSTATIC,1.0
10079899,ENCE,0.6666666666666666
10079900,9Pandas,0.6666666666666666
10079900,ENCE,0.6666666666666666
10079901,500,0.6666666666666666
10079901,Natus Vincere Junior,0.6666666666666666
10079918,PARIVISION,1.0
10079918,Zero Tenacity,0.6666666666666666
10079922,500,1.0
10079922,OG,1.0
10079923,ECSTATIC,0.6666666666666666
10079923,Preasy Esport,0.0
10079924,Betera,0.3333333333333333
10079924,Insilio,0.6666666666666666
10079925,LEON,0.6666666666666666
10079925,Virtual Cottage,0.5
10079926,Aurora Gaming,0.6666666666666666
10079926,Hesta,0.6666666666666666
10079927,Chimera Esports,0.6666666666666666
10079927,FORZE Reload,0.6666666666666666
10079928,ENJOY,0.5
10079928,Roler Coaster,0.0
10079929,Lazer Cats,0.3333333333333333
10079929,RUBY,0.3333333333333333
10079930,ESC Gaming,0.3333333333333333
10079930,XI Esport,1.0
10079931,Betera,0.6666666666666666
10079931,ECSTATIC,0.6666666666666666
10079932,Aurora Gaming,0.6666666666666666
10079932,LEON,0.6666666666666666
10079933,FORZE Reload,0.6666666666666666
10079933,Roler Coaster,0.3333333333333333
10079934,ESC Gaming,0.6666666666666666
10079934,RUBY,0.6666666666666666
10079935,Aurora Gaming,0.6666666666666666
10079935,ECSTATIC,0.6666666666666666
10079936,RUBY,0.6666666666666666
10079936,Roler Coaster,0.6666666666666666
10079937,ECSTATIC,1.0
10079937,Roler Coaster,1.0
10079938,benched,0.5
10079938,mskLANERS,0.5
10079939,AMKAL Esports,0.6666666666666666
10079939,benched,0.6666666666666666
10079940,AMKAL Esports,0.6666666666666666
10079940,Kubix Esports,0.5
10079941,Mercenaires,0.5
10079941,moneytrees,0.5
10079942,Mercenaires,1.0
10079942,TEAM NEXT LEVEL,0.3333333333333333
10079943,Lausanne-Sport Esports,0.5
10079943,TEAM NEXT LEVEL,0.3333333333333333
10079944,AMKAL Esports,0.6666666666666666
10079944,Mercenaires,1.0
10079992,Betera,0.6666666666666666
10079992,Zero Tenacity,0.6666666666666666
10079996,Rebels Gaming,0.0
10079996,Sashi Esport,0.3333333333333333
10080120,Imperial Female,0.0
10080120,Team Evelone,0.5
10080157,Copenhagen Wolves,0.3333333333333333
10080157,Leo Team,0.3333333333333333
10080159,Betera,0.6666666666666666
10080159,SkyFury,0.0
10080161,EYEBALLERS,0.6666666666666666
10080161,Hesta,0.3333333333333333
10080162,Lazer Cats,0.3333333333333333
10080162,TEAM NEXT LEVEL,0.6666666666666666
10080163,Insilio,0.3333333333333333
10080163,Leo Team,0.6666666666666666
10080164,Betera,1.0
10080164,Tricked Esport,1.0
10080165,EYEBALLERS,0.6666666666666666
10080165,TEAM NEXT LEVEL,0.6666666666666666
10080166,Leo Team,0.6666666666666666
10080166,Tricked Esport,1.0
10080167,Leo Team,1.0
10080167,TEAM NEXT LEVEL,1.0
10080168,Inner Circle,0.0
10080168,Nuclear TigeRES,0.0
10080171,informmix,0.5
10080171,kONO,0.6666666666666666
10080172,Wild Lotus,0.5
10080172,Woe from Wit,0.5
10080173,Betera,0.6666666666666666
10080173,underrated,0.0
10080176,Hesta,0.6666666666666666
10080176,Nuclear TigeRES,0.5
10080177,Ninjas in Pyjamas,0.3333333333333333
10080177,informmix,1.0
10080178,Betera,0.6666666666666666
10080178,Wild Lotus,1.0
10080180,Hesta,0.6666666666666666
10080180,Ninjas in Pyjamas,0.6666666666666666
10080181,Wild Lotus,1.0
10080181,ghoulsW,0.6666666666666666
10080182,Ninjas in Pyjamas,1.0
10080182,Wild Lotus,1.0
10080213,ECSTATIC,1.0
10080213,GUN5,0.0
10080217,Dynamo Eclot,0.6666666666666666
10080217,Wild Lotus,1.0
10080221,9Pandas,0.6666666666666666
10080221,Leo Team,0.6666666666666666
10080229,Monte,0.6666666666666666
10080229,ex-Aurora Gaming,0.5
10080230,Copenhagen Wolves,0.3333333333333333
10080230,ex-Aurora Gaming,0.6666666666666666
10080240,GUN5,0.3333333333333333
10080240,PARIVISION,0.6666666666666666
10080242,CYBERSHOKE Esports,0.6666666666666666
10080242,GUN5,0.6666666666666666
10080245,B8 Esports,1.0
10080245,GUN5,1.0
10080248,9INE,0.6666666666666666
10080248,Wild Lotus,1.0
10080250,Novaq,0.5
10080250,Wild Lotus,0.6666666666666666
10080252,9INE,0.6666666666666666
10080252,Nemiga Gaming,0.6666666666666666
10080255,Iberian Soul,1.0
10080255,Nemiga Gaming,1.0
10080257,Leo Team,0.3333333333333333
10080257,Sangal Esports,0.0
10080263,BetBoom Team,1.0
10080263,Metizport,1.0
10080269,Fnatic,1.0
10080269,Ninjas in Pyjamas,0.6666666666666666
10080465,Hesta,0.3333333333333333
10080465,Spray Jutsu,0.5
10080466,Chervyachki,0.5
10080466,Yamato Esports,0.5
10080467,Hesta,0.6666666666666666
10080467,MYSKILL,0.0
10080468,VP.Prodigy,0.3333333333333333
10080468,Yamato Esports,1.0
10080469,ALLINNERS,0.5
10080469,VP.Prodigy,0.3333333333333333
10080470,MYSKILL,0.5
10080470,RUBY,0.0
10080471,Hesta,0.6666666666666666
10080471,VP.Prodigy,0.3333333333333333
10080472,ALLINNERS,1.0
10080472,RUBY,0.3333333333333333
10080473,RUBY,0.6666666666666666
10080473,VP.Prodigy,0.6666666666666666
10080474,ALLINNERS,1.0
10080474,VP.Prodigy,1.0
10080564,Complexity,0.3333333333333333
10080564,Nemiga Gaming,0.6666666666666666
10080565,Metizport,0.6666666666666666
10080565,Passion UA,0.3333333333333333
10080566,9Pandas,0.3333333333333333
10080566,Imperial Female,0.0
10080568,9Pandas,0.3333333333333333
10080568,Passion UA,0.3333333333333333
10080570,Complexity,0.6666666666666666
10080570,Metizport,0.3333333333333333
10080576,Complexity,1.0
10080576,Passion UA,0.3333333333333333
10080577,9Pandas,0.3333333333333333
10080577,Metizport,0.3333333333333333
10080579,GTZ.ESPORTS,0.0
10080579,Partizan Esports,0.3333333333333333
10080580,BetBoom Team,0.6666666666666666
10080580,ENCE,0.3333333333333333
10080581,Dynamo Eclot,0.0
10080581,Nexus Gaming,0.0
10080593,GTZ.ESPORTS,0.0
10080593,Nexus Gaming,0.0
10080733,BCGame,1.0
10080733,Fnatic,0.6666666666666666
10080735,9Pandas,0.3333333333333333
10080735,BIG,0.3333333333333333
10080749,DogEvil,0.5
10080749,TYLOO,0.0
10080750,SemperFi,0.5
10080750,ex-TALON,0.5
10080751,FlyQuest,0.3333333333333333
10080751,Rooster,0.0
10080947,ENCE,1.0
10080947,Heroic,0.6666666666666666
10080948,500,0.3333333333333333
10080948,BIG,0.0
10080949,BCGame,1.0
10080949,Metizport,0.6666666666666666
10080960,DogEvil,0.0
10080960,Rare Atom,0.0
10080963,SemperFi,0.5
10080963,ex-TALON,0.5
10080964,FlyQuest,0.3333333333333333
10080964,SemperFi,1.0
10080966,BLUEJAYS,1.0
10080966,Complexity,0.3333333333333333
10080973,BESTIA,0.3333333333333333
10080973,RED Canids,0.3333333333333333
10080976,BCGame,0.6666666666666666
10080976,BIG,0.3333333333333333
10080986,B8 Esports,0.3333333333333333
10080986,BCGame,0.3333333333333333
10081027,GUN5,0.6666666666666666
10081027,Nemiga Gaming,0.6666666666666666
10081030,GUN5,0.6666666666666666
10081030,Natus Vincere Junior,0.6666666666666666
10081033,Natus Vincere Junior,0.6666666666666666
10081033,Nemiga Gaming,0.3333333333333333
10081035,GUN5,0.3333333333333333
10081035,Partizan Esports,0.3333333333333333
10081038,9Pandas,0.6666666666666666
10081038,GUN5,0.3333333333333333
10081040,Dynamo Eclot,0.3333333333333333
10081040,GUN5,0.0
10081057,Dynamo Eclot,0.3333333333333333
10081057,Nexus Gaming,1.0
10081141,BCGame,0.0
10081141,Heroic,1.0
10081147,BCGame,0.0
10081147,Partizan Esports,0.0
10081219,Team Dyrachyo,0.5
10081219,Team Rachel,0.3333333333333333
10081220,Team CS2NEWS,0.0
10081220,Team Dyrachyo,1.0
10081221,Team Aunkere,1.0
10081221,Team CS2NEWS,0.3333333333333333
10081222,Team Shadowkek,0.0
10081222,Team Skywhywalker,0.3333333333333333
10081223,Team Aunkere,0.6666666666666666
10081223,Team Shadowkek,0.3333333333333333
10081224,Team Shoke,0.5
10081224,Team Skywhywalker,0.0
10081225,Team OverDrive,0.6666666666666666
10081225,Team Shoke,0.0
10081226,Team CS2NEWS,0.6666666666666666
10081226,Team Rachel,0.0
10081227,Team Rachel,0.0
10081227,Team Shadowkek,0.6666666666666666
10081228,Team Dyrachyo,0.5
10081228,Team Shadowkek,1.0
10081229,Team CS2NEWS,1.0
10081229,Team Shoke,0.0
10081230,Team Dyrachyo,0.3333333333333333
10081230,Team Skywhywalker,0.3333333333333333
10081231,Team Aunkere,0.3333333333333333
10081231,Team Shoke,0.3333333333333333
10081232,Team OverDrive,0.6666666666666666
10081232,Team Skywhywalker,0.3333333333333333
10081233,Team CS2NEWS,0.6666666666666666
10081233,Team Shadowkek,1.0
10081234,Team Aunkere,0.0
10081234,Team Rachel,0.0
10081235,Team Aunkere,0.3333333333333333
10081235,Team Skywhywalker,0.0
10081236,Team Rachel,0.0
10081236,Team Skywhywalker,0.3333333333333333
10081237,Team Aunkere,0.6666666666666666
10081237,Team OverDrive,0.6666666666666666
10081238,Team Dyrachyo,0.3333333333333333
10081238,Team OverDrive,0.6666666666666666
10081239,Team Dyrachyo,0.3333333333333333
10081239,Team Shoke,0.6666666666666666
10081240,Team Aunkere,1.0
10081240,Team Dyrachyo,0.3333333333333333
10081241,Team CS2NEWS,0.3333333333333333
10081241,Team OverDrive,0.6666666666666666
10081242,Team CS2NEWS,0.0
10081242,Team Skywhywalker,0.0
10081243,Team OverDrive,0.6666666666666666
10081243,Team Shadowkek,1.0
10081244,Team OverDrive,0.6666666666666666
10081244,Team Rachel,0.3333333333333333
10081245,Team Shadowkek,1.0
10081245,Team Shoke,1.0
10081246,Team Rachel,0.3333333333333333
10081246,Team Shoke,0.6666666666666666
10081275,BIG,0.0
10081275,Eruption,0.6666666666666666
10081279,Eruption,0.3333333333333333
10081279,The Huns Esports,0.0
10081280,Chinggis Warriors,0.6666666666666666
10081280,SAW,0.0
10081281,Chinggis Warriors,0.6666666666666666
10081281,Eruption,0.3333333333333333
10081282,B8 Esports,0.3333333333333333
10081282,JiJieHao,0.3333333333333333
10081327,B8 Esports,0.6666666666666666
10081327,Betera,0.3333333333333333
10081335,Betera,0.3333333333333333
10081335,Natus Vincere Junior,1.0
10081337,Betera,0.3333333333333333
10081337,PARIVISION,0.3333333333333333
10081387,Team Aunkere,1.0
10081387,Team Shadowkek,1.0
10081388,Team OverDrive,0.6666666666666666
10081388,Team Shoke,0.6666666666666666
10081389,Team Dyrachyo,0.0
10081389,Team Skywhywalker,0.0
10081390,Team CS2NEWS,0.3333333333333333
10081390,Team Rachel,0.3333333333333333
10081391,Team Aunkere,1.0
10081391,Team Shoke,0.6666666666666666
10081392,Team CS2NEWS,0.6666666666666666
10081392,Team Shadowkek,0.6666666666666666
10081413,Team OverDrive,0.3333333333333333
10081413,Team Skywhywalker,0.3333333333333333
10081440,Team Shadowkek,0.6666666666666666
10081440,Team Skywhywalker,0.6666666666666666
10081441,Team Aunkere,0.6666666666666666
10081441,Team Shadowkek,0.6666666666666666
10081442,Team Shadowkek,1.0
10081442,Team Shoke,1.0
10081444,Lynn Vision Gaming,0.6666666666666666
10081444,NinJa,0.5
10081454,Lynn Vision Gaming,0.6666666666666666
10081454,The Huns Esports,0.3333333333333333
10081462,1win Team,0.3333333333333333
10081462,GUN5,0.3333333333333333
10081506,500,0.0
10081506,RUSH B,0.3333333333333333
10081507,9INE,0.3333333333333333
10081507,ECSTATIC,0.3333333333333333
10081508,Fnatic,0.3333333333333333
10081508,Passion UA,0.3333333333333333
10081509,CYBERSHOKE Esports,0.6666666666666666
10081509,ENCE,0.6666666666666666
10081510,OG,1.0
10081510,Zero Tenacity,0.3333333333333333
10081511,Astrum,0.5
10081511,Metizport,0.3333333333333333
10081512,BetBoom Team,0.3333333333333333
10081512,RUBY,0.3333333333333333
10081513,Natus Vincere Junior,1.0
10081513,Sashi Esport,0.3333333333333333
10081514,Natus Vincere Junior,1.0
10081514,RUBY,0.3333333333333333
10081569,FAVBET Team,0.3333333333333333
10081569,Iberian Soul,0.6666666666666666
10081573,ECSTATIC,0.6666666666666666
10081573,Fire Flux Esports,0.3333333333333333
10081574,Astrum,0.3333333333333333
10081574,Natus Vincere Junior,0.6666666666666666
10081575,ECSTATIC,0.6666666666666666
10081575,ENCE,0.6666666666666666
10081654,Astralis,0.6666666666666666
10081654,Team Spirit,0.6666666666666666
10081676,ECSTATIC,0.6666666666666666
10081676,TEAM NEXT LEVEL,0.6666666666666666
10081743,FlyQuest,0.3333333333333333
10081743,JiJieHao,0.6666666666666666
10081744,Lynn Vision Gaming,0.6666666666666666
10081744,TYLOO,1.0
10081787,Astrum,0.6666666666666666
10081787,ECSTATIC,0.6666666666666666
10081906,Astrum,0.6666666666666666
10081906,Fire Flux Esports,0.6666666666666666
10081907,FAVBET Team,0.6666666666666666
10081907,Passion UA,0.6666666666666666
10081908,Iberian Soul,0.3333333333333333
10081908,RUBY,0.3333333333333333
10081909,FAVBET Team,1.0
10081909,SAW,0.0
10081910,ENCE,0.6666666666666666
10081910,Nexus Gaming,1.0
10081911,Monte,0.6666666666666666
10081911,Nemiga Gaming,0.6666666666666666
10081912,BetBoom Team,0.0
10081912,ECSTATIC,0.6666666666666666
10081913,500,0.3333333333333333
10081913,RUBY,0.3333333333333333
10081914,PARIVISION,0.6666666666666666
10081914,TEAM NEXT LEVEL,1.0
10081915,Astrum,0.6666666666666666
10081915,OG,0.6666666666666666
10081916,9INE,1.0
10081916,Fnatic,0.3333333333333333
10081917,9INE,1.0
10081917,OG,0.6666666666666666
10081920,ECSTATIC,0.6666666666666666
10081920,Nemiga Gaming,0.6666666666666666
10081936,PARIVISION,0.6666666666666666
10081936,RUBY,0.6666666666666666
10081944,ENCE,0.6666666666666666
10081944,SAW,0.3333333333333333
10081964,ГУАП,0.5
10081964,СФУ,0.0
10081965,НГТУ,0.5
10081965,УУНиТ,0.5
10081966,СФУ,0.0
10081966,УУНиТ,1.0
10081967,ГУАП,1.0
10081967,НГТУ,0.0
10081968,ГУАП,1.0
10081968,УУНиТ,1.0
10081969,НГТУ,0.0
10081969,СФУ,0.0
10081970,РТУ МИРЭА,0.5
10081970,УрФУ,0.5
10081971,БелГУ,0.5
10081971,ЮФУ,0.5
10081972,БелГУ,0.0
10081972,УрФУ,0.0
10081973,РТУ МИРЭА,1.0
10081973,ЮФУ,1.0
10081974,БелГУ,0.0
10081974,РТУ МИРЭА,1.0
10081975,УрФУ,0.5
10081975,ЮФУ,0.5
10081988,OG,0.6666666666666666
10081988,PARIVISION,0.6666666666666666
10081989,УУНиТ,1.0
10081989,УрФУ,0.6666666666666666
10081990,ГУАП,0.6666666666666666
10081990,РТУ МИРЭА,1.0
10081991,ГУАП,0.3333333333333333
10081991,УрФУ,0.6666666666666666
10081992,РТУ МИРЭА,1.0
10081992,УУНиТ,1.0
10082035,ENCE,0.6666666666666666
10082035,Nemiga Gaming,0.6666666666666666
10082062,ENCE,1.0
10082062,PARIVISION,1.0
10082169,Imperial Esports,0.6666666666666666
10082169,Nemiga Gaming,0.3333333333333333
10082170,Chinggis Warriors,0.0
10082170,Legacy,0.0
10082171,Metizport,0.0
10082171,TYLOO,0.6666666666666666
10082236,FaZe Clan,0.3333333333333333
10082236,MOUZ,0.3333333333333333
10082256,Fire Flux Esports,0.6666666666666666
10082256,Sashi Esport,0.0
10082257,Astrum,0.3333333333333333
10082257,TEAM NEXT LEVEL,0.6666666666666666
10082258,Copenhagen Wolves,0.3333333333333333
10082258,Partizan Esports,0.0
10082259,CYBERSHOKE Esports,0.0
10082259,Sangal Esports,0.3333333333333333
10082260,Nexus Gaming,0.6666666666666666
10082260,Zero Tenacity,0.0
10082261,Passion UA,0.3333333333333333
10082261,Sabre Esports,0.5
10082262,Marius,0.5
10082262,Monte,0.6666666666666666
10082263,Dynamo Eclot,0.0
10082263,Ninjas in Pyjamas,0.6666666666666666
10082264,Passion UA,0.3333333333333333
10082264,Sashi Esport,0.3333333333333333
10082265,Partizan Esports,0.3333333333333333
10082265,TEAM NEXT LEVEL,0.6666666666666666
10082266,Monte,0.6666666666666666
10082266,Nexus Gaming,0.6666666666666666
10082267,CYBERSHOKE Esports,0.3333333333333333
10082267,Ninjas in Pyjamas,0.6666666666666666
10082268,Astrum,0.3333333333333333
10082268,Copenhagen Wolves,0.3333333333333333
10082269,Dynamo Eclot,0.0
10082269,Sangal Esports,0.3333333333333333
10082270,Fire Flux Esports,0.3333333333333333
10082270,Sabre Esports,0.0
10082271,Marius,0.0
10082271,Zero Tenacity,0.0
10082272,CYBERSHOKE Esports,0.6666666666666666
10082272,Nexus Gaming,0.6666666666666666
10082274,Partizan Esports,0.3333333333333333
10082274,Sangal Esports,0.3333333333333333
10082275,Ninjas in Pyjamas,0.3333333333333333
10082275,Sashi Esport,0.3333333333333333
10082276,Passion UA,0.6666666666666666
10082276,TEAM NEXT LEVEL,0.6666666666666666
10082277,Astrum,0.3333333333333333
10082277,Zero Tenacity,0.3333333333333333
10082278,Copenhagen Wolves,0.0
10082278,Dynamo Eclot,0.0
10082279,Marius,0.0
10082279,Sabre Esports,0.0
10082282,DMS,0.6666666666666666
10082282,FURIA Esports Female,0.6666666666666666
10082283,Supernova Comets,0.5
10082283,Zerance,0.5
10082284,FURIA Esports Female,0.6666666666666666
10082284,Supernova Comets,1.0
10082285,DMS,0.3333333333333333
10082285,Zerance,0.0
10082286,Supernova Comets,0.5
10082286,Zerance,0.5
10082287,MIBR Female,0.5
10082287,NIP Impact,0.0
10082288,FlyQuest RED,0.0
10082288,Imperial Female,0.0
10082289,Imperial Female,0.3333333333333333
10082289,NIP Impact,0.3333333333333333
10082290,FlyQuest RED,0.0
10082290,MIBR Female,0.0
10082291,FlyQuest RED,0.3333333333333333
10082291,Imperial Female,0.3333333333333333
10082292,FURIA Esports Female,0.6666666666666666
10082292,Imperial Female,0.6666666666666666
10082293,NIP Impact,0.6666666666666666
10082293,Supernova Comets,0.6666666666666666
10082294,FURIA Esports Female,1.0
10082294,Supernova Comets,0.6666666666666666
10082300,Fire Flux Esports,0.6666666666666666
10082300,Zero Tenacity,0.6666666666666666
10082301,Nexus Gaming,0.6666666666666666
10082301,Ninjas in Pyjamas,0.6666666666666666
10082302,Marius,0.3333333333333333
10082302,Partizan Esports,0.3333333333333333
10082303,Passion UA,0.6666666666666666
10082303,Sangal Esports,0.6666666666666666
10082304,Dynamo Eclot,0.3333333333333333
10082304,Monte,0.3333333333333333
10082349,Partizan Esports,0.3333333333333333
10082349,Zero Tenacity,0.6666666666666666
10082350,Astrum,0.6666666666666666
10082350,Monte,0.3333333333333333
10082366,BCGame,0.0
10082366,Passion UA,0.3333333333333333
10082367,CYBERSHOKE Esports,1.0
10082367,Sinners Esports,0.0
10082368,Natus Vincere Junior,0.6666666666666666
10082368,Sangal Esports,1.0
10082369,GUN5,0.3333333333333333
10082369,Ninjas in Pyjamas,0.6666666666666666
10082371,Iberian Soul,0.3333333333333333
10082371,TEAM NEXT LEVEL,1.0
10082372,PARIVISION,0.6666666666666666
10082372,Partizan Esports,0.6666666666666666
10082373,Betclic,0.3333333333333333
10082373,Fire Flux Esports,1.0
10082374,500,0.3333333333333333
10082374,ENCE,1.0
10082375,9INE,0.6666666666666666
10082375,Fnatic,0.3333333333333333
10082376,500,0.0
10082376,9INE,0.3333333333333333
10082377,ENCE,1.0
10082377,Fnatic,0.3333333333333333
10082378,9INE,0.3333333333333333
10082378,Fnatic,0.3333333333333333
10082379,ENCE,1.0
10082379,Fnatic,0.6666666666666666
10082382,Betclic,0.3333333333333333
10082382,Partizan Esports,1.0
10082383,Natus Vincere Junior,0.6666666666666666
10082383,Ninjas in Pyjamas,1.0
10082425,Partizan Esports,1.0
10082425,TEAM NEXT LEVEL,1.0
10082426,Natus Vincere Junior,0.6666666666666666
10082426,Passion UA,1.0
10082451,Natus Vincere Junior,1.0
10082451,Partizan Esports,1.0
10082829,Marius,0.3333333333333333
10082829,Zero Tenacity,0.3333333333333333
10082830,FAVBET Team,0.6666666666666666
10082830,GUN5,0.3333333333333333
10082831,Astrum,0.6666666666666666
10082831,Fisher College,0.5
10082832,AMKAL Esports,0.6666666666666666
10082832,Dynamo Eclot,0.3333333333333333
10082833,CYBERSHOKE Esports,0.6666666666666666
10082833,The Glecs,0.5
10082834,Monte,0.3333333333333333
10082834,Partizan Esports,0.6666666666666666
10082835,Heroic Academy,0.5
10082835,Iberian Soul,0.3333333333333333
10082836,Nexus Gaming,0.0
10082836,RUBY,0.6666666666666666
10082837,AMKAL Esports,0.3333333333333333
10082837,Fisher College,0.0
10082838,Marius,0.3333333333333333
10082838,The Glecs,0.0
10082839,FAVBET Team,0.3333333333333333
10082839,Nexus Gaming,0.0
10082840,Heroic Academy,0.0
10082840,Partizan Esports,0.3333333333333333
10082841,Dynamo Eclot,0.6666666666666666
10082841,Zero Tenacity,0.3333333333333333
10082842,Astrum,0.6666666666666666
10082842,CYBERSHOKE Esports,0.6666666666666666
10082843,GUN5,0.3333333333333333
10082843,RUBY,0.6666666666666666
10082844,Iberian Soul,0.3333333333333333
10082844,Monte,0.6666666666666666
10082849,РТУ МИРЭА,0.6666666666666666
10082849,УУНиТ,1.0
10082850,ДВГУПС,0.5
10082850,РЭУ им. Плеханова,0.5
10082851,РЭУ им. Плеханова,1.0
10082851,УУНиТ,1.0
10082852,ДВГУПС,0.0
10082852,РТУ МИРЭА,0.3333333333333333
10082853,Dynamo Eclot,0.6666666666666666
10082853,GUN5,0.6666666666666666
10082855,AMKAL Esports,0.3333333333333333
10082855,RUBY,0.3333333333333333
10082856,Astrum,0.3333333333333333
10082856,Monte,0.3333333333333333
10082857,The Glecs,0.5
10082857,Zero Tenacity,0.3333333333333333
10082858,FAVBET Team,0.3333333333333333
10082858,Partizan Esports,0.3333333333333333
10082859,Heroic Academy,0.0
10082859,Nexus Gaming,0.0
10082860,Fisher College,0.0
10082860,Marius,0.0
10082911,Marius,0.3333333333333333
10082911,RUBY,0.3333333333333333
10082912,Astrum,0.3333333333333333
10082912,FAVBET Team,0.3333333333333333
10082913,Nexus Gaming,0.3333333333333333
10082913,The Glecs,0.3333333333333333
10082914,Dynamo Eclot,0.6666666666666666
10082914,Monte,0.6666666666666666
10082915,AMKAL Esports,0.6666666666666666
10082915,Partizan Esports,0.6666666666666666
10082917,CYBERSHOKE Esports,0.6666666666666666
10082917,Zero Tenacity,0.6666666666666666
10082988,Partizan Esports,0.6666666666666666
10082988,Zero Tenacity,0.3333333333333333
10082989,Marius,0.6666666666666666
10082989,Nexus Gaming,0.6666666666666666
10082990,Dynamo Eclot,0.3333333333333333
10082990,FAVBET Team,0.6666666666666666
10082991,BIG,0.3333333333333333
10082991,Zero Tenacity,0.6666666666666666
10082992,GUN5,1.0
10082992,Passion UA,0.6666666666666666
10082993,Monte,0.6666666666666666
10082993,TEAM NEXT LEVEL,0.6666666666666666
10082994,CYBERSHOKE Esports,0.6666666666666666
10082994,Ninjas in Pyjamas,0.6666666666666666
10082995,Marius,1.0
10082995,Natus Vincere Junior,1.0
10082996,9INE,0.3333333333333333
10082996,Iberian Soul,1.0
10082997,Betclic,0.3333333333333333
10082997,Dynamo Eclot,0.3333333333333333
10082998,500,0.0
10082998,AMKAL Esports,1.0
10083007,Ninjas in Pyjamas,0.6666666666666666
10083007,TEAM NEXT LEVEL,0.6666666666666666
10083008,Iberian Soul,1.0
10083008,Natus Vincere Junior,1.0
10083035,500,0.3333333333333333
10083035,Dynamo Eclot,0.6666666666666666
10083036,BIG,0.6666666666666666
10083036,GUN5,1.0
10083037,BIG,0.6666666666666666
10083037,Ninjas in Pyjamas,0.6666666666666666
10083038,500,0.6666666666666666
10083038,Natus Vincere Junior,1.0
10083039,Natus Vincere Junior,1.0
10083039,Ninjas in Pyjamas,1.0
10083083,Stream Team,0.5
10083083,Team USA,0.5
10083256,Hesta,0.6666666666666666
10083256,vezet,0.5
10083257,Team QUAZAR,0.3333333333333333
10083257,YYHuT,0.5
10083258,Hesta,0.6666666666666666
10083258,YYHuT,0.6666666666666666
10083259,Team QUAZAR,0.3333333333333333
10083259,vezet,0.0
10083480,1win Team,0.6666666666666666
10083480,Sashi Esport,0.0
10083481,Sashi Esport,0.3333333333333333
10083481,Team Liquid,0.0
10083482,Iberian Soul,0.6666666666666666
10083482,OG,0.0
10083483,9INE,0.3333333333333333
10083483,TEAM NEXT LEVEL,0.3333333333333333
10083484,M1X,0.5
10083484,Sangal Esports,0.6666666666666666
10083485,M1X,1.0
10083485,Nemiga Gaming,0.0
10083486,Alliance,0.3333333333333333
10083486,Hesta,0.6666666666666666
10083487,Alliance,0.6666666666666666
10083487,Natus Vincere Junior,1.0
10083488,ENCE,0.6666666666666666
10083488,PARIVISION,0.3333333333333333
10083489,JiJieHao,0.3333333333333333
10083489,Passion UA,0.3333333333333333
10083490,ESC Gaming,0.6666666666666666
10083490,Fnatic,0.6666666666666666
10083491,9Pandas,0.3333333333333333
10083491,ESC Gaming,0.3333333333333333
10083492,Fnatic,1.0
10083492,Sashi Esport,0.6666666666666666
10083493,Passion UA,0.3333333333333333
10083493,TEAM NEXT LEVEL,0.6666666666666666
10083494,Nemiga Gaming,0.3333333333333333
10083494,OG,0.3333333333333333
10083495,Natus Vincere Junior,1.0
10083495,PARIVISION,0.3333333333333333
10083502,Sashi Esport,1.0
10083502,TEAM NEXT LEVEL,0.6666666666666666
10083503,Nemiga Gaming,0.6666666666666666
10083503,PARIVISION,0.6666666666666666
10083504,Fnatic,0.6666666666666666
10083504,Passion UA,0.3333333333333333
10083505,Natus Vincere Junior,0.6666666666666666
10083505,OG,0.3333333333333333
10083506,PARIVISION,0.6666666666666666
10083506,Passion UA,0.6666666666666666
10083507,Natus Vincere Junior,0.6666666666666666
10083507,Sashi Esport,0.6666666666666666
10083508,PARIVISION,0.6666666666666666
10083508,Sashi Esport,0.6666666666666666
10083509,Nemiga Gaming,1.0
10083509,TEAM NEXT LEVEL,1.0
10083510,Nemiga Gaming,0.6666666666666666
10083510,PARIVISION,0.6666666666666666
10083741,BET-M 33,0.0
10083741,vezet,0.0
10083742,BAKS Esports,0.0
10083742,Hesta,0.0
10083788,Monte,0.6666666666666666
10083788,Sangal Esports,0.3333333333333333
10083789,Betclic,0.3333333333333333
10083789,Betera,0.3333333333333333
10083790,Passion UA,0.3333333333333333
10083790,Zero Tenacity,0.3333333333333333
10083791,9INE,0.0
10083791,Sashi Esport,0.3333333333333333
10083792,Nexus Gaming,0.6666666666666666
10083792,ex-Partizan Esports,0.5
10083793,ARCRED,0.6666666666666666
10083793,Tricked Esport,0.6666666666666666
10083794,SAW,0.6666666666666666
10083794,SENZA Esports,0.5
10083795,CYBERSHOKE Esports,0.3333333333333333
10083795,Johnny Speeds,0.3333333333333333
10083822,ARCRED,0.3333333333333333
10083822,Sashi Esport,0.3333333333333333
10083823,Passion UA,0.3333333333333333
10083823,SENZA Esports,0.0
10083824,Betera,0.3333333333333333
10083824,Nexus Gaming,0.3333333333333333
10083825,Johnny Speeds,0.3333333333333333
10083825,Monte,0.3333333333333333
10083826,CYBERSHOKE Esports,0.6666666666666666
10083826,Sangal Esports,0.3333333333333333
10083827,SAW,0.6666666666666666
10083827,Zero Tenacity,0.6666666666666666
10083828,9INE,0.3333333333333333
10083828,Tricked Esport,0.6666666666666666
10083829,Betclic,0.3333333333333333
10083829,ex-Partizan Esports,1.0
10083863,OG,0.3333333333333333
10083863,ex-NAVI Junior,0.5
10083864,Fnatic,0.3333333333333333
10083864,SPARTA Esports,0.5
10083865,ECSTATIC,0.6666666666666666
10083865,Zero Tenacity,0.3333333333333333
10083867,ECSTATIC,0.6666666666666666
10083867,Fnatic,0.3333333333333333
10083877,G2 Esports,0.3333333333333333
10083877,Nemiga Gaming,0.3333333333333333
10083878,Complexity,0.0
10083878,Heroic,0.3333333333333333
10083881,Ninjas in Pyjamas,0.3333333333333333
10083881,paiN Gaming,0.3333333333333333
10083882,ECSTATIC,1.0
10083882,Team Liquid,0.0
10083883,B8 Esports,0.0
10083883,FUT Esports,0.0
10083886,Betclic,0.6666666666666666
10083886,Tricked Esport,0.6666666666666666
10083887,Passion UA,0.3333333333333333
10083887,ex-Partizan Esports,0.5
10083888,Nexus Gaming,0.3333333333333333
10083888,Sashi Esport,0.3333333333333333
10083889,Sangal Esports,0.3333333333333333
10083889,Zero Tenacity,0.3333333333333333
10083890,9INE,0.3333333333333333
10083890,Johnny Speeds,0.3333333333333333
10083891,Betera,0.0
10083891,Monte,0.0
10083892,ARCRED,0.0
10083892,SENZA Esports,0.0
10084071,9INE,0.6666666666666666
10084071,Zero Tenacity,0.3333333333333333
10084072,SAW,0.6666666666666666
10084072,ex-Partizan Esports,0.6666666666666666
10084073,Betclic,0.6666666666666666
10084073,Sashi Esport,0.6666666666666666
10084074,ARCRED,0.3333333333333333
10084074,Sangal Esports,0.3333333333333333
10084075,Monte,0.3333333333333333
10084075,Passion UA,0.3333333333333333
10084077,Betclic,0.3333333333333333
10084077,Monte,0.6666666666666666
10084078,Johnny Speeds,0.6666666666666666
10084078,Zero Tenacity,0.3333333333333333
10084079,Sangal Esports,0.3333333333333333
10084079,ex-Partizan Esports,0.6666666666666666
10084196,Ct0m Team,0.0
10084196,tried Team,0.5
10084197,Team Shadowkek,1.0
10084197,m3wsu Team,0.5
10084198,Ct0m Team,0.3333333333333333
10084198,m3wsu Team,1.0
10084199,Team Shadowkek,0.6666666666666666
10084199,tried Team,0.0
10084200,m3wsu Team,0.5
10084200,tried Team,0.5
10084201,Team Aunkere,0.3333333333333333
10084201,Team Skywhywalker,0.6666666666666666
10084202,Team CS2NEWS,0.6666666666666666
10084202,Team Evelone,0.6666666666666666
10084203,Team Evelone,0.6666666666666666
10084203,Team Skywhywalker,0.6666666666666666
10084204,Team Aunkere,0.0
10084204,Team CS2NEWS,0.3333333333333333
10084205,Team Aunkere,0.3333333333333333
10084205,Team Skywhywalker,0.3333333333333333
10084206,Ct0m Team,0.6666666666666666
10084206,Team Aunkere,0.6666666666666666
10084207,Team Evelone,1.0
10084207,tried Team,0.6666666666666666
10084208,Team Aunkere,1.0
10084208,Team Evelone,1.0
10084213,Ct0m Team,0.6666666666666666
10084213,tried Team,0.6666666666666666
10084214,Team Aunkere,0.6666666666666666
10084214,tried Team,0.6666666666666666
10084215,Team Evelone,1.0
10084215,tried Team,0.6666666666666666
10084225,9INE,0.6666666666666666
10084225,Team Spirit Academy,0.6666666666666666
10084226,BIG,0.0
10084226,ex-Partizan Esports,1.0
10084227,CYBERSHOKE Esports,1.0
10084227,PARIVISION,0.6666666666666666
10084228,ENCE,0.3333333333333333
10084228,Monte,1.0
10084229,Johnny Speeds,0.6666666666666666
10084229,TEAM NEXT LEVEL,0.6666666666666666
10084230,OG,0.0
10084230,Tricked Esport,1.0
10084231,BetBoom Team,0.3333333333333333
10084231,SAW,0.6666666666666666
10084232,Fnatic,0.3333333333333333
10084232,Sashi Esport,1.0
10084241,SAW,0.6666666666666666
10084241,TEAM NEXT LEVEL,0.6666666666666666
10084243,500,0.6666666666666666
10084243,BET-M 33,0.5
10084244,ARCRED,0.3333333333333333
10084244,NIP Impact,0.6666666666666666
10084245,500,0.6666666666666666
10084245,ARCRED,0.6666666666666666
10084246,BET-M 33,0.0
10084246,NIP Impact,0.3333333333333333
10084247,ARCRED,0.3333333333333333
10084247,BET-M 33,0.5
10084248,M1X,0.5
10084248,ex-Partizan Esports,0.3333333333333333
10084249,Copenhagen Wolves,0.0
10084249,Dynamo Eclot,0.6666666666666666
10084250,Dynamo Eclot,0.6666666666666666
10084250,ex-Partizan Esports,0.6666666666666666
10084251,Copenhagen Wolves,0.0
10084251,M1X,0.3333333333333333
10084252,Copenhagen Wolves,0.3333333333333333
10084252,Dynamo Eclot,0.3333333333333333
10084253,FAVBET Team,0.3333333333333333
10084253,Reason Gaming,0.5
10084254,Eternal Fire,0.3333333333333333
10084254,Monte,0.6666666666666666
10084255,Eternal Fire,0.3333333333333333
10084255,Reason Gaming,1.0
10084256,Eternal Fire,0.6666666666666666
10084256,FAVBET Team,0.3333333333333333
10084257,FAVBET Team,0.3333333333333333
10084257,Monte,0.3333333333333333
10084258,Metizport,0.0
10084258,SPARTA Esports,0.0
10084260,Metizport,0.3333333333333333
10084260,Sinners Esports,0.3333333333333333
10084261,RUBY,0.0
10084261,SPARTA Esports,0.0
10084263,Eternal Fire,0.6666666666666666
10084263,WOPA Esport,0.0
10084265,G2 Ares,0.3333333333333333
10084265,K27,0.3333333333333333
10084266,Eternal Fire,0.3333333333333333
10084266,G2 Ares,0.3333333333333333
10084267,K27,0.6666666666666666
10084267,WOPA Esport,0.5
10084269,Alliance,0.3333333333333333
10084269,Mousquetaires,0.5
10084270,FORZE Reload,0.3333333333333333
10084270,MASONIC,0.0
10084271,MASONIC,0.0
10084271,Mousquetaires,0.0
10084272,Alliance,0.6666666666666666
10084272,FORZE Reload,0.6666666666666666
10084273,GenOne,0.0
10084273,VOLT,0.5
10084274,BIG Academy,0.5
10084274,Bushido Wildcats,0.5
10084276,BIG Academy,0.0
10084276,VOLT,0.0
10084279,8Sins,0.0
10084279,Prestige Esport,0.0
10084307,Aurora Gaming,0.3333333333333333
10084307,Heroic,0.3333333333333333
10084308,OG,0.6666666666666666
10084308,SAW,1.0
10084353,Lixx Team,0.6666666666666666
10084353,Team Aunkere,0.3333333333333333
10084354,Team By_Owl,0.6666666666666666
10084354,Team Skywhywalker,0.3333333333333333
10084355,Team By_Owl,1.0
10084355,Team CS2NEWS,0.0
10084356,Hooch Team,0.0
10084356,Lixx Team,0.3333333333333333
10084357,GUACAMOLEMOLLY team,0.5
10084357,Team CS2NEWS,0.0
10084358,GUACAMOLEMOLLY team,1.0
10084358,Team By_Owl,1.0
10084359,Team Aunkere,0.0
10084359,Team Shadowkek,0.3333333333333333
10084360,Hooch Team,0.5
10084360,Team Shadowkek,0.0
10084361,Team CS2NEWS,0.0
10084361,Team Skywhywalker,0.0
10084362,Hooch Team,0.0
10084362,Team Aunkere,0.3333333333333333
10084363,Lixx Team,0.6666666666666666
10084363,Team Shadowkek,0.3333333333333333
10084364,GUACAMOLEMOLLY team,0.5
10084364,Team Skywhywalker,0.0
10084366,Fnatic,0.6666666666666666
10084366,PARIVISION,0.6666666666666666
10084383,Betclic,0.0
10084383,GUN5,0.6666666666666666
10084384,Dynamo Eclot,0.3333333333333333
10084384,Team Spirit Academy,0.3333333333333333
10084385,BCGame,0.0
10084385,CYBERSHOKE Esports,0.6666666666666666
10084386,Nexus Gaming,0.3333333333333333
10084386,ex-Partizan Esports,0.6666666666666666
10084387,Sangal Esports,0.3333333333333333
10084387,Tricked Esport,0.6666666666666666
10084388,500,0.6666666666666666
10084388,9INE,0.6666666666666666
10084389,ARCRED,0.6666666666666666
10084389,JiJieHao,0.0
10084390,HOTU,0.6666666666666666
10084390,Metizport,0.3333333333333333
10084419,ENCE,0.3333333333333333
10084419,SPARTA Esports,0.6666666666666666
10084420,Tricked Esport,0.6666666666666666
10084420,ex-Partizan Esports,0.6666666666666666
10084421,Betclic,0.3333333333333333
10084421,FAVBET Team,0.6666666666666666
10084422,Nexus Gaming,0.0
10084422,Reason Gaming,1.0
10084423,Copenhagen Wolves,0.6666666666666666
10084423,Passion UA,0.3333333333333333
10084424,500,1.0
10084424,CYBERSHOKE Esports,0.3333333333333333
10084431,BIG,0.0
10084431,EYEBALLERS,0.3333333333333333
10084432,BIG,0.3333333333333333
10084432,TEAM NEXT LEVEL,0.3333333333333333
10084433,1win Team,0.3333333333333333
10084433,Passion UA,0.0
10084434,Nemiga Gaming,0.0
10084434,Passion UA,0.3333333333333333
10084435,BetBoom Team,0.0
10084435,Sashi Esport,0.6666666666666666
10084436,BetBoom Team,0.3333333333333333
10084436,FUT Esports,0.0
10084437,OG,1.0
10084437,Sangal Esports,0.3333333333333333
10084438,ECSTATIC,0.6666666666666666
10084438,Sangal Esports,0.6666666666666666
10084439,BIG,0.6666666666666666
10084439,GamerLegion,0.3333333333333333
10084440,Heroic,0.3333333333333333
10084440,Passion UA,0.6666666666666666
10084441,FUT Esports,0.3333333333333333
10084441,Ninjas in Pyjamas,0.3333333333333333
10084442,ECSTATIC,0.6666666666666666
10084442,Fnatic,0.6666666666666666
10084443,Betclic,0.6666666666666666
10084443,Reason Gaming,1.0
10084444,Insilio,0.3333333333333333
10084444,Nemiga Gaming,0.0
10084445,Alliance,0.3333333333333333
10084445,Sangal Esports,0.3333333333333333
10084446,Team Spirit Academy,0.6666666666666666
10084446,Zero Tenacity,0.3333333333333333
10084447,JiJieHao,0.0
10084447,ex-Partizan Esports,0.6666666666666666
10084448,Betera,0.0
10084448,Passion UA,0.6666666666666666
10084450,BET-M 33,0.3333333333333333
10084450,BetBoom Team,0.3333333333333333
10084451,9Pandas,0.0
10084451,HOTU,0.3333333333333333
10084460,ENCE,1.0
10084460,ex-Partizan Esports,1.0
10084499,9Pandas,0.0
10084499,BET-M 33,0.3333333333333333
10084500,Betclic,1.0
10084500,Passion UA,0.3333333333333333
10084523,HOTU,0.6666666666666666
10084523,Tricked Esport,0.3333333333333333
10084525,ARCRED,0.6666666666666666
10084525,ex-Partizan Esports,1.0
10084527,9INE,0.3333333333333333
10084527,GUN5,0.0
10084537,Eternal Fire,0.3333333333333333
10084537,WOPA Esport,0.3333333333333333
10084538,Alliance,0.3333333333333333
10084538,Mousquetaires,0.5
10084539,BIG Academy,0.5
10084539,Bushido Wildcats,0.5
10084590,9INE,1.0
10084590,BIG,0.6666666666666666
10084591,Ninjas in Pyjamas,0.0
10084591,Passion UA,0.0
10084595,ENCE,1.0
10084595,PARIVISION,1.0
10084600,JiJieHao,0.6666666666666666
10084600,OG,0.6666666666666666
10084601,ECSTATIC,0.3333333333333333
10084601,TEAM NEXT LEVEL,0.0
10084602,ECSTATIC,0.3333333333333333
10084602,JiJieHao,0.0
10084605,FUT Esports,1.0
10084605,Iberian Soul,0.6666666666666666
10084607,FUT Esports,0.6666666666666666
10084607,Team Spirit Academy,0.6666666666666666
10084608,Betclic,1.0
10084608,ENCE,0.6666666666666666
10084615,500,0.6666666666666666
10084615,Sinners Esports,1.0
10084620,Sashi Esport,0.3333333333333333
10084620,ex-Partizan Esports,0.3333333333333333
10084621,Betera,0.3333333333333333
10084621,The Glecs,0.3333333333333333
10084622,BET-M 33,0.3333333333333333
10084622,OG,0.6666666666666666
10084623,CYBERSHOKE Esports,0.6666666666666666
10084623,Sangal Esports,0.6666666666666666
10084624,BIG,0.3333333333333333
10084624,Betclic,0.6666666666666666
10084625,Alliance,0.3333333333333333
10084625,Nexus Gaming,0.6666666666666666
10084626,Iberian Soul,0.6666666666666666
10084626,JiJieHao,0.3333333333333333
10084627,GUN5,0.0
10084627,Nexus Gaming,0.3333333333333333
10084641,Nemiga Gaming,0.3333333333333333
10084641,Zero Tenacity,0.6666666666666666
10084643,ENCE,0.6666666666666666
10084643,PARIVISION,1.0
10084644,9INE,0.6666666666666666
10084644,Johnny Speeds,0.6666666666666666
10084645,HOTU,0.3333333333333333
10084645,RUBY,0.3333333333333333
10084666,Iberian Soul,0.6666666666666666
10084666,Sangal Esports,0.6666666666666666
10084667,BIG,0.3333333333333333
10084667,OG,0.6666666666666666
10084668,Nexus Gaming,1.0
10084668,Sashi Esport,0.6666666666666666
10084669,Betera,0.6666666666666666
10084669,HOTU,0.3333333333333333
10084670,GUACAMOLEMOLLY team,0.3333333333333333
10084670,Team Shadowkek,0.6666666666666666
10084671,Team Aunkere,0.6666666666666666
10084671,Team By_Owl,1.0
10084672,Lixx Team,0.6666666666666666
10084672,Team Skywhywalker,0.3333333333333333
10084673,Hooch Team,0.0
10084673,Team CS2NEWS,0.3333333333333333
10084675,9INE,1.0
10084675,CYBERSHOKE Esports,0.3333333333333333
10084676,Team Spirit Academy,0.6666666666666666
10084676,Tricked Esport,0.0
10084677,Nexus Gaming,1.0
10084677,Sangal Esports,0.3333333333333333
10084678,500,0.3333333333333333
10084678,HOTU,0.3333333333333333
10084679,JiJieHao,0.0
10084679,Metizport,0.3333333333333333
10084682,K27,0.6666666666666666
10084682,Leo Team,0.6666666666666666
10084683,FORZE Reload,1.0
10084683,K27,1.0
10084684,Bushido Wildcats,0.6666666666666666
10084684,FORZE Reload,0.6666666666666666
10084685,Alliance,0.3333333333333333
10084685,GenOne,0.6666666666666666
10084686,EYEBALLERS,0.6666666666666666
10084686,WOPA Esport,0.6666666666666666
10084687,Bushido Wildcats,0.3333333333333333
10084687,Leo Team,0.3333333333333333
10084693,EYEBALLERS,0.6666666666666666
10084693,FORZE Reload,0.6666666666666666
10084694,Alliance,1.0
10084694,EYEBALLERS,1.0
10084695,GUACAMOLEMOLLY team,0.0
10084695,Lixx Team,0.6666666666666666
10084696,ENCE,0.0
10084696,Nexus Gaming,0.0
10084697,Betera,0.6666666666666666
10084697,Johnny Speeds,0.6666666666666666
10084699,Gentle Mates,0.5
10084699,Nemiga Gaming,0.3333333333333333
10084700,BetBoom Team,1.0
10084700,Zero Tenacity,1.0
10084701,9INE,0.6666666666666666
10084701,PARIVISION,1.0
10084702,9INE,0.6666666666666666
10084702,BIG,0.3333333333333333
10084706,Team By_Owl,1.0
10084706,Team Shadowkek,1.0
10084707,Hooch Team,0.3333333333333333
10084707,Team Aunkere,0.6666666666666666
10084713,Alliance,0.6666666666666666
10084713,EYEBALLERS,1.0
10084715,Hooch Team,0.6666666666666666
10084715,Lixx Team,1.0
10084718,9INE,0.6666666666666666
10084718,Nexus Gaming,1.0
10084719,ARCRED,0.3333333333333333
10084719,HOTU,0.3333333333333333
10084720,JiJieHao,0.3333333333333333
10084720,Tricked Esport,0.0
10084727,Team By_Owl,1.0
10084727,Team Shadowkek,0.6666666666666666
10084728,Lixx Team,1.0
10084728,Team Shadowkek,0.6666666666666666
10084796,OG,1.0
10084796,ex-Partizan Esports,0.3333333333333333
10084799,ECSTATIC,0.6666666666666666
10084799,HOTU,0.6666666666666666
10084801,9INE,1.0
10084801,TEAM NEXT LEVEL,0.0
10084802,CYBERSHOKE Esports,0.6666666666666666
10084802,Passion UA,0.0
10084811,FAVBET Team,0.6666666666666666
10084811,Zero Tenacity,1.0
10084812,Alliance,0.6666666666666666
10084812,Reason Gaming,0.6666666666666666
10084813,Betclic,0.3333333333333333
10084813,Betera,0.6666666666666666
10084814,Nexus Gaming,0.6666666666666666
10084814,SPARTA Esports,0.6666666666666666
10084819,Betclic,0.3333333333333333
10084819,SPARTA Esports,0.3333333333333333
10084820,CYBERSHOKE Esports,0.3333333333333333
10084820,Metizport,0.6666666666666666
10084821,ARCRED,0.3333333333333333
10084821,Alliance,1.0
10084822,Partizan Esports,0.3333333333333333
10084822,Zero Tenacity,1.0
10084830,9BoomPro,0.5
10084830,SENZA Esports,0.0
10084833,1win Team,0.0
10084833,ARCRED,0.3333333333333333
10084834,Khan,0.5
10084834,RUBY,0.3333333333333333
10084846,BetBoom Team,1.0
10084846,TEAM NEXT LEVEL,0.6666666666666666
10084874,Betera,1.0
10084874,FORZE Reload,0.3333333333333333
10084875,Nuclear TigeRES,0.6666666666666666
10084875,Sangal Esports,0.3333333333333333
10084876,AMKAL Esports,0.3333333333333333
10084876,BET-M 33,0.3333333333333333
10084877,ARCRED,0.3333333333333333
10084877,SPARTA Esports,0.6666666666666666
10084878,CYBERSHOKE Esports,0.0
10084878,K27,0.0
10084879,Khan,0.0
10084879,SENZA Esports,0.0
10084883,Nexus Gaming,0.0
10084883,Reason Gaming,0.0
10084884,500,0.0
10084884,FAVBET Team,0.0
10084885,Betera,0.6666666666666666
10084885,CYBERSHOKE Esports,0.0
10084886,ARCRED,0.3333333333333333
10084886,Partizan Esports,0.3333333333333333
10084887,Betclic,0.3333333333333333
10084887,Eternal Fire,0.3333333333333333
10084888,Monte,0.3333333333333333
10084888,Tricked Esport,0.3333333333333333
10084889,Alliance,0.6666666666666666
10084889,SPARTA Esports,0.3333333333333333
10084890,Metizport,0.6666666666666666
10084890,Zero Tenacity,1.0
10084891,Yamato Esports,0.5
10084891,ZaZaa,0.5
10084892,ALLINNERS,1.0
10084892,The Continental,0.5
10084893,Flame Sharks,0.5
10084893,Novaq,0.3333333333333333
10084894,Hesta,0.6666666666666666
10084894,VP.Prodigy,0.6666666666666666
10084895,Hesta,0.3333333333333333
10084895,ZaZaa,1.0
10084896,ALLINNERS,1.0
10084896,Flame Sharks,0.0
10084897,Novaq,0.6666666666666666
10084897,VP.Prodigy,0.6666666666666666
10084898,Flame Sharks,0.5
10084898,ZaZaa,1.0
10084900,Flame Sharks,0.6666666666666666
10084900,VP.Prodigy,0.3333333333333333
10084915,BET-M 33,0.3333333333333333
10084915,Hesta,0.3333333333333333
10084916,BAKS Esports,0.0
10084916,vezet,0.0
10084937,Lynn Vision Gaming,0.6666666666666666
10084937,Team 3DMAX,0.3333333333333333
10084938,B8 Esports,0.3333333333333333
10084938,TYLOO,0.3333333333333333
10084939,EYEBALLERS,1.0
10084939,Ninjas in Pyjamas,0.3333333333333333
10084941,9INE,0.6666666666666666
10084941,Gentle Mates,0.5
10084943,EYEBALLERS,1.0
10084943,Fnatic,0.6666666666666666
10084944,Gentle Mates,0.6666666666666666
10084944,Monte,0.6666666666666666
10084948,ENCE,0.3333333333333333
10084948,Gentle Mates,0.3333333333333333
10084949,9INE,0.6666666666666666
10084949,EYEBALLERS,0.6666666666666666
10084952,ENCE,1.0
10084952,Monte,0.6666666666666666
10084995,Eternal Fire,0.3333333333333333
10084995,Tricked Esport,0.3333333333333333
10084996,CYBERSHOKE Esports,0.3333333333333333
10084996,Reason Gaming,0.3333333333333333
10084997,500,0.3333333333333333
10084997,ARCRED,0.3333333333333333
10084998,Betera,1.0
10084998,Partizan Esports,0.6666666666666666
10084999,Betclic,0.3333333333333333
10084999,Monte,0.6666666666666666
10085000,Metizport,0.6666666666666666
10085000,SPARTA Esports,0.0
10085001,K27,0.0
10085001,SENZA Esports,0.0
10085002,BET-M 33,0.6666666666666666
10085002,SPARTA Esports,0.3333333333333333
10085003,1win Team,0.6666666666666666
10085003,Betera,0.6666666666666666
10085005,ARCRED,0.6666666666666666
10085005,RUBY,0.3333333333333333
10085006,CYBERSHOKE Esports,0.3333333333333333
10085006,Khan,0.5
10085007,AMKAL Esports,0.3333333333333333
10085007,GUN5,0.3333333333333333
10085008,FORZE Reload,0.0
10085008,Sangal Esports,0.3333333333333333
10085009,ENCE,0.3333333333333333
10085009,Johnny Speeds,0.6666666666666666
10085010,Gentle Mates,1.0
10085010,OG,0.6666666666666666
10085021,Betclic,0.3333333333333333
10085021,Reason Gaming,0.6666666666666666
10085022,Betera,0.3333333333333333
10085022,Tricked Esport,0.6666666666666666
10085024,9INE,0.6666666666666666
10085024,BetBoom Team,1.0
10085025,OG,0.6666666666666666
10085025,PARIVISION,0.6666666666666666
10085026,ENCE,0.6666666666666666
10085026,Zero Tenacity,0.6666666666666666
10085027,Betera,0.6666666666666666
10085027,FUT Esports,0.3333333333333333
10085028,1win Team,0.6666666666666666
10085028,Sangal Esports,0.6666666666666666
10085029,GUN5,0.3333333333333333
10085029,K27,0.3333333333333333
10085030,CYBERSHOKE Esports,0.6666666666666666
10085030,Nuclear TigeRES,0.6666666666666666
10085031,BET-M 33,1.0
10085031,Khan,0.3333333333333333
10085032,AMKAL Esports,0.6666666666666666
10085032,RUBY,0.6666666666666666
10085034,Alliance,0.6666666666666666
10085034,HOTU,0.6666666666666666
10085036,Metizport,0.6666666666666666
10085036,OG,0.6666666666666666
10085037,Reason Gaming,1.0
10085037,TEAM NEXT LEVEL,0.6666666666666666
10085038,JiJieHao,0.3333333333333333
10085038,Zero Tenacity,0.6666666666666666
10085039,ARCRED,0.6666666666666666
10085039,ENCE,0.6666666666666666
10085040,Partizan Esports,0.6666666666666666
10085040,Team Spirit Academy,0.6666666666666666
10085046,Alliance,0.6666666666666666
10085046,FUT Esports,0.6666666666666666
10085047,ARCRED,0.6666666666666666
10085047,Team Spirit Academy,0.6666666666666666
10085048,PARIVISION,0.6666666666666666
10085048,Zero Tenacity,0.3333333333333333
10085049,BetBoom Team,1.0
10085049,OG,0.6666666666666666
10085050,9INE,0.3333333333333333
10085050,PARIVISION,0.6666666666666666
10085051,BetBoom Team,1.0
10085051,PARIVISION,1.0
10085052,TYLOO,0.6666666666666666
10085052,Team 3DMAX,0.6666666666666666
10085055,B8 Esports,0.3333333333333333
10085055,Lynn Vision Gaming,0.3333333333333333
10085056,Lynn Vision Gaming,0.6666666666666666
10085056,TYLOO,0.3333333333333333
10085057,TYLOO,0.6666666666666666
10085057,Team 3DMAX,0.6666666666666666
10085060,BET-M 33,1.0
10085060,FORZE Reload,0.3333333333333333
10085061,K27,0.6666666666666666
10085061,RUBY,0.3333333333333333
10085062,1win Team,0.3333333333333333
10085062,CYBERSHOKE Esports,0.3333333333333333
10085063,BetBoom Team,1.0
10085063,FUT Esports,0.6666666666666666
10085064,TEAM NEXT LEVEL,0.6666666666666666
10085064,Team Spirit Academy,0.6666666666666666
10085065,CYBERSHOKE Esports,0.6666666666666666
10085065,K27,1.0
10085066,AMKAL Esports,1.0
10085066,BET-M 33,1.0
10085067,K27,1.0
10085067,Nuclear TigeRES,0.6666666666666666
10085068,BET-M 33,1.0
10085068,Sangal Esports,0.6666666666666666
10085096,M80,1.0
10085096,MOUZ,0.6666666666666666
10085162,Fnatic,0.6666666666666666
10085162,Insilio,0.0
10085163,HOTU,0.3333333333333333
10085163,Zero Tenacity,0.3333333333333333
10085164,JiJieHao,0.3333333333333333
10085164,Tricked Esport,0.3333333333333333
10085165,RUBY,0.3333333333333333
10085165,Team Spirit Academy,0.6666666666666666
10085166,ENCE,0.6666666666666666
10085166,FAVBET Team,0.0
10085167,Alliance,0.6666666666666666
10085167,Monte,0.3333333333333333
10085168,GUN5,0.0
10085168,Partizan Esports,0.6666666666666666
10085169,Betera,0.6666666666666666
10085169,FUT Esports,0.6666666666666666
10085170,BET-M 33,1.0
10085170,ex-Passion UA,0.5
10085171,9INE,0.0
10085171,Johnny Speeds,0.3333333333333333
10085172,Betclic,0.3333333333333333
10085172,Sangal Esports,0.6666666666666666
10085173,Metizport,0.6666666666666666
10085173,Team Venom,0.5
10085174,AaB Esport,0.0
10085174,OG,0.3333333333333333
10085176,ESC Gaming,0.6666666666666666
10085176,Nexus Gaming,0.0
10085177,ALGO Esports,0.5
10085177,Nemiga Gaming,0.0
10085182,500,0.3333333333333333
10085182,AaB Esport,0.5
10085183,Eternal Fire,0.3333333333333333
10085183,SENZA Esports,0.0
10085184,AMKAL Esports,0.6666666666666666
10085184,Copenhagen Wolves,0.6666666666666666
10085185,HAWAII,0.5
10085185,Metizport,0.3333333333333333
10085186,Betera,0.3333333333333333
10085186,FC Famalicão Esports,0.5
10085187,FORZE Reload,0.3333333333333333
10085187,Sinners Esports,0.6666666666666666
10085188,ARCRED,0.3333333333333333
10085188,FAVBET Team,0.0
10085295,FUT Esports,0.6666666666666666
10085295,GUN5,0.6666666666666666
10085296,Betera,0.3333333333333333
10085296,Partizan Esports,0.0
10085297,JiJieHao,0.3333333333333333
10085297,RUBY,0.6666666666666666
10085298,Alliance,0.6666666666666666
10085298,ENCE,0.3333333333333333
10085299,Team Spirit Academy,0.3333333333333333
10085299,Tricked Esport,0.0
10085300,FAVBET Team,0.3333333333333333
10085300,Monte,0.3333333333333333
10085301,HOTU,0.3333333333333333
10085301,Insilio,0.0
10085302,Johnny Speeds,0.3333333333333333
10085302,ex-Passion UA,0.0
10085303,Betclic,0.0
10085303,Metizport,0.3333333333333333
10085304,AaB Esport,0.0
10085304,Sashi Esport,0.3333333333333333
10085305,ALGO Esports,0.0
10085305,Nexus Gaming,0.0
10085306,Fnatic,0.6666666666666666
10085306,Zero Tenacity,0.6666666666666666
10085307,9INE,0.3333333333333333
10085307,BET-M 33,1.0
10085308,Sangal Esports,0.6666666666666666
10085308,Team Venom,1.0
10085309,BCGame,0.3333333333333333
10085309,OG,1.0
10085310,ESC Gaming,0.6666666666666666
10085310,Nemiga Gaming,0.6666666666666666
10085341,AaB Esport,0.0
10085341,ESC Gaming,0.3333333333333333
10085342,ARCRED,0.0
10085342,Zero Tenacity,0.3333333333333333
10085343,Alliance,0.6666666666666666
10085343,Reason Gaming,0.3333333333333333
10085344,Eternal Fire,0.0
10085344,Partizan Esports,0.3333333333333333
10085345,Copenhagen Wolves,0.3333333333333333
10085345,HOTU,0.0
10085346,GUN5,0.3333333333333333
10085346,Tricked Esport,0.3333333333333333
10085347,CYBERSHOKE Esports,0.3333333333333333
10085347,FAVBET Team,0.3333333333333333
10085348,Johnny Speeds,0.3333333333333333
10085348,RUBY,0.3333333333333333
10085349,ECSTATIC,0.0
10085349,PARIVISION,1.0
10085350,BIG,0.0
10085350,SAW,0.0
10085352,Imperial Esports,0.0
10085352,TEAM NEXT LEVEL,0.6666666666666666
10085354,ENCE,0.6666666666666666
10085354,Nemiga Gaming,0.3333333333333333
10085357,9z Team,0.6666666666666666
10085357,PARIVISION,1.0
10085358,BIG,0.3333333333333333
10085358,OG,0.6666666666666666
10085359,Imperial Esports,0.3333333333333333
10085359,Legacy,0.3333333333333333
10085390,AaB Esport,0.0
10085390,Eternal Fire,0.3333333333333333
10085392,Eternal Fire,0.6666666666666666
10085392,SENZA Esports,0.0
10085393,Copenhagen Wolves,0.0
10085393,HAWAII,0.0
10085394,AMKAL Esports,0.6666666666666666
10085394,Metizport,0.3333333333333333
10085395,Copenhagen Wolves,0.6666666666666666
10085395,Metizport,0.0
10085397,Betera,0.6666666666666666
10085397,FORZE Reload,0.6666666666666666
10085398,Betera,0.3333333333333333
10085398,Sinners Esports,0.3333333333333333
10085399,ARCRED,0.3333333333333333
10085399,Reason Gaming,0.6666666666666666
10085400,EYEBALLERS,0.3333333333333333
10085400,FAVBET Team,0.3333333333333333
10085401,ARCRED,0.6666666666666666
10085401,EYEBALLERS,0.3333333333333333
10085402,Nemiga Gaming,0.6666666666666666
10085402,Team Venom,1.0
10085403,HOTU,1.0
10085403,Nemiga Gaming,0.3333333333333333
10085404,OG,0.6666666666666666
10085404,Tricked Esport,0.6666666666666666
10085405,Monte,0.3333333333333333
10085405,Team Venom,0.6666666666666666
10085406,BET-M 33,0.6666666666666666
10085406,Betera,0.3333333333333333
10085407,FUT Esports,0.3333333333333333
10085407,Johnny Speeds,0.0
10085408,Betclic,0.6666666666666666
10085408,ENCE,0.3333333333333333
10085409,JiJieHao,0.3333333333333333
10085409,Sashi Esport,0.3333333333333333
10085410,Nexus Gaming,0.3333333333333333
10085410,Zero Tenacity,0.6666666666666666
10085411,ARCRED,0.0
10085411,Alliance,0.3333333333333333
10085412,Copenhagen Wolves,0.3333333333333333
10085412,Partizan Esports,0.0
10085413,AaB Esport,0.0
10085413,Tricked Esport,0.3333333333333333
10085414,FAVBET Team,0.3333333333333333
10085414,Johnny Speeds,0.3333333333333333
10085415,ESC Gaming,1.0
10085415,GUN5,1.0
10085416,CYBERSHOKE Esports,0.6666666666666666
10085416,RUBY,1.0
10085417,Eternal Fire,0.6666666666666666
10085417,HOTU,0.6666666666666666
10085418,Reason Gaming,0.3333333333333333
10085418,Zero Tenacity,0.3333333333333333
10085421,9INE,0.6666666666666666
10085421,Sangal Esports,1.0
10085422,Fnatic,0.6666666666666666
10085422,RUBY,0.6666666666666666
10085424,Alliance,0.6666666666666666
10085424,GUN5,0.6666666666666666
10085445,HOTU,1.0
10085445,OG,0.6666666666666666
10085446,BET-M 33,0.6666666666666666
10085446,Monte,0.6666666666666666
10085447,ENCE,0.3333333333333333
10085447,FUT Esports,0.6666666666666666
10085448,Nexus Gaming,0.6666666666666666
10085448,Sashi Esport,0.6666666666666666
10085449,Betclic,0.3333333333333333
10085449,SENZA Esports,0.3333333333333333
10085450,Johnny Speeds,0.3333333333333333
10085450,Sangal Esports,0.6666666666666666
10085451,ESC Gaming,1.0
10085451,RUBY,0.6666666666666666
10085452,AaB Esport,0.0
10085452,CYBERSHOKE Esports,0.6666666666666666
10085453,JiJieHao,0.0
10085453,Sinners Esports,0.3333333333333333
10085454,Copenhagen Wolves,0.6666666666666666
10085454,Team Spirit Academy,0.0
10085455,Betera,0.3333333333333333
10085455,Partizan Esports,0.3333333333333333
10085456,GUN5,0.3333333333333333
10085456,Monte,1.0
10085457,ESC Gaming,1.0
10085457,Nexus Gaming,1.0
10085458,Alliance,0.6666666666666666
10085458,Fnatic,1.0
10085459,HOTU,1.0
10085459,RUBY,0.6666666666666666
10085460,GUN5,0.6666666666666666
10085460,Monte,0.6666666666666666
10085461,FUT Esports,0.6666666666666666
10085461,Sangal Esports,0.6666666666666666
10085462,9INE,1.0
10085462,BCGame,1.0
10085463,HOTU,1.0
10085463,Monte,1.0
10085464,ESC Gaming,1.0
10085464,FUT Esports,1.0
10085465,ESC Gaming,1.0
10085465,Fnatic,0.6666666666666666
10085466,9INE,0.0
10085466,HOTU,1.0
10085468,9INE,0.3333333333333333
10085468,ESC Gaming,1.0
10085471,HOTU,1.0
10085471,Reason Gaming,0.6666666666666666
10085472,CYBERSHOKE Esports,1.0
10085472,ESC Gaming,0.3333333333333333
10085473,Alliance,0.6666666666666666
10085473,Eternal Fire,0.6666666666666666
10085474,FAVBET Team,0.6666666666666666
10085474,Partizan Esports,0.3333333333333333
10085475,Tricked Esport,0.6666666666666666
10085475,Zero Tenacity,0.0
10085476,GUN5,0.3333333333333333
10085476,RUBY,0.3333333333333333
10085477,AaB Esport,0.0
10085477,Copenhagen Wolves,0.3333333333333333
10085478,ARCRED,0.0
10085478,Johnny Speeds,0.0
10085479,CYBERSHOKE Esports,1.0
10085479,RUBY,0.3333333333333333
10085480,Betclic,0.6666666666666666
10085480,Team Spirit Academy,0.3333333333333333
10085481,Betera,0.3333333333333333
10085481,JiJieHao,0.3333333333333333
10085482,GUN5,0.6666666666666666
10085482,Sangal Esports,0.6666666666666666
10085483,Copenhagen Wolves,0.3333333333333333
10085483,SENZA Esports,0.3333333333333333
10085484,AaB Esport,0.0
10085484,ESC Gaming,0.3333333333333333
10085485,Johnny Speeds,0.0
10085485,Monte,0.6666666666666666
10085486,Partizan Esports,0.0
10085486,Sinners Esports,0.6666666666666666
10085487,RUBY,0.0
10085487,Zero Tenacity,0.0
10085488,ARCRED,1.0
10085488,Partizan Esports,0.3333333333333333
10085489,Alliance,0.6666666666666666
10085489,Copenhagen Wolves,0.3333333333333333
10085490,Eternal Fire,0.6666666666666666
10085490,GUN5,0.6666666666666666
10085491,FAVBET Team,1.0
10085491,Tricked Esport,0.6666666666666666
10085492,CYBERSHOKE Esports,0.3333333333333333
10085492,Reason Gaming,0.3333333333333333
10085493,CYBERSHOKE Esports,0.6666666666666666
10085493,Sangal Esports,0.6666666666666666
10085494,Betera,0.6666666666666666
10085494,Team Spirit Academy,0.6666666666666666
10085495,Johnny Speeds,0.0
10085495,SENZA Esports,0.0
10085496,AaB Esport,0.0
10085496,Partizan Esports,0.0
10085497,Betclic,0.3333333333333333
10085497,Monte,0.6666666666666666
10085498,GUN5,0.6666666666666666
10085498,RUBY,0.3333333333333333
10085499,ESC Gaming,0.6666666666666666
10085499,JiJieHao,0.3333333333333333
10085500,Copenhagen Wolves,0.3333333333333333
10085500,Sinners Esports,1.0
10085511,ARCRED,0.6666666666666666
10085511,Eternal Fire,0.6666666666666666
10085512,Alliance,0.6666666666666666
10085512,RUBY,0.3333333333333333
10085513,Reason Gaming,0.0
10085513,Tricked Esport,0.3333333333333333
10085545,CYBERSHOKE Esports,0.3333333333333333
10085545,Monte,1.0
10085546,Copenhagen Wolves,0.3333333333333333
10085546,ESC Gaming,1.0
10085547,Betera,0.3333333333333333
10085547,GUN5,0.6666666666666666
10085548,Betclic,0.3333333333333333
10085548,Partizan Esports,0.3333333333333333
10085549,JiJieHao,0.0
10085549,Johnny Speeds,0.3333333333333333
10085550,RUBY,0.3333333333333333
10085550,Sinners Esports,0.3333333333333333
10085551,BetBoom Team,0.3333333333333333
10085551,Reason Gaming,0.3333333333333333
10085552,HOTU,0.6666666666666666
10085552,Sashi Esport,0.6666666666666666
10085553,FAVBET Team,1.0
10085553,FUT Esports,1.0
10085554,ENCE,0.3333333333333333
10085554,GUN5,0.6666666666666666
10085556,ARCRED,0.6666666666666666
10085556,TEAM NEXT LEVEL,0.3333333333333333
10085557,ESC Gaming,1.0
10085557,JiJieHao,0.0
10085558,BIG,0.3333333333333333
10085558,RUBY,0.6666666666666666
10085559,CYBERSHOKE Esports,0.3333333333333333
10085559,Team Venom,0.3333333333333333
10085560,ESC Gaming,1.0
10085560,TEAM NEXT LEVEL,0.3333333333333333
10085570,ARCRED,1.0
10085570,Team Venom,0.3333333333333333
10085571,JiJieHao,0.3333333333333333
10085571,Sinners Esports,0.6666666666666666
10085572,Metizport,0.3333333333333333
10085572,Sashi Esport,0.6666666666666666
10085573,Betclic,0.0
10085573,Eternal Fire,0.3333333333333333
10085574,FAVBET Team,0.6666666666666666
10085574,HOTU,1.0
10085575,ESC Gaming,1.0
10085575,FORZE Reload,0.6666666666666666
10085577,500,0.6666666666666666
10085577,RUBY,0.6666666666666666
10085579,Sinners Esports,0.0
10085579,Team Venom,0.6666666666666666
10085580,Betclic,0.3333333333333333
10085580,Sashi Esport,0.6666666666666666
10085583,FUT Esports,0.6666666666666666
10085583,GUN5,0.6666666666666666
10085592,BetBoom Team,0.3333333333333333
10085592,Sashi Esport,0.6666666666666666
10085598,M1X,0.0
10085598,RUBY,0.3333333333333333
10085599,Khan,0.3333333333333333
10085599,Sinners Esports,0.6666666666666666
10085600,Dynamo Eclot,0.0
10085600,SPARTA Esports,0.0
10085601,ARCRED,0.3333333333333333
10085601,Eternal Fire,0.0
10085602,FAVBET Team,0.3333333333333333
10085602,Reason Gaming,0.3333333333333333
10085603,1win Team,0.0
10085603,SENZA Esports,0.0
10085604,500,0.6666666666666666
10085604,FORZE Reload,0.6666666666666666
10085605,AMKAL Esports,0.6666666666666666
10085605,Copenhagen Wolves,0.3333333333333333
10085607,ESC Gaming,1.0
10085607,HOTU,0.3333333333333333
10085609,BIG,0.6666666666666666
10085609,ESC Gaming,1.0
10085610,CYBERSHOKE Esports,0.3333333333333333
10085610,JiJieHao,0.3333333333333333
10085611,Copenhagen Wolves,0.3333333333333333
10085611,Partizan Esports,0.6666666666666666
10085612,Betera,0.3333333333333333
10085612,RUBY,0.6666666666666666
10085613,Sashi Esport,0.6666666666666666
10085613,Sinners Esports,0.3333333333333333
10085614,HOTU,0.3333333333333333
10085614,RUBY,0.3333333333333333
10085615,HOTU,0.6666666666666666
10085615,Sashi Esport,0.6666666666666666
10085616,RUBY,0.0
10085616,Sinners Esports,0.3333333333333333
10085617,BetBoom Team,0.6666666666666666
10085617,GUN5,1.0
10085712,BetBoom Team,1.0
10085712,ESC Gaming,1.0
10085713,SENZA Esports,0.0
10085713,SPARTA Esports,0.0
10085714,Copenhagen Wolves,0.0
10085714,Eternal Fire,0.0
10085715,FORZE Reload,0.3333333333333333
10085715,Sinners Esports,0.3333333333333333
10085716,FAVBET Team,0.0
10085716,M1X,0.0
10085717,1win Team,0.3333333333333333
10085717,Dynamo Eclot,0.3333333333333333
10085718,500,0.6666666666666666
10085718,Khan,0.3333333333333333
10085720,AMKAL Esports,0.6666666666666666
10085720,ARCRED,0.6666666666666666
10085721,JiJieHao,0.6666666666666666
10085721,SAW,0.0
10085722,ENCE,0.3333333333333333
10085722,Sangal Esports,0.6666666666666666
10085723,Fnatic,0.3333333333333333
10085723,GUN5,0.6666666666666666
10085724,Monte,0.6666666666666666
10085724,Nemiga Gaming,0.0
10085725,BetBoom Team,0.6666666666666666
10085725,Partizan Esports,1.0
10085726,FUT Esports,0.3333333333333333
10085726,Team Spirit Academy,1.0
10085727,Betera,0.3333333333333333
10085727,TEAM NEXT LEVEL,0.3333333333333333
10085740,9BoomPro,0.6666666666666666
10085740,BetBoom Team,0.6666666666666666
10085748,FUT Esports,0.3333333333333333
10085748,Partizan Esports,1.0
10085756,ENCE,0.3333333333333333
10085756,SAW,0.3333333333333333
10085757,Betera,0.6666666666666666
10085757,ESC Gaming,0.3333333333333333
10085758,Fnatic,0.3333333333333333
10085758,Nemiga Gaming,0.3333333333333333
10085816,ENCE,0.6666666666666666
10085816,Fnatic,0.6666666666666666
10085817,Betera,1.0
10085817,FUT Esports,0.6666666666666666
10085818,ENCE,1.0
10085818,FUT Esports,1.0
10085819,Eternal Fire,0.0
10085819,SPARTA Esports,0.0
10085821,AMKAL Esports,0.3333333333333333
10085821,SENZA Esports,0.3333333333333333
10085822,1win Team,0.3333333333333333
10085822,RUBY,0.3333333333333333
10085823,Copenhagen Wolves,0.3333333333333333
10085823,FORZE Reload,0.3333333333333333
10085824,FAVBET Team,0.3333333333333333
10085824,Khan,0.3333333333333333
10085825,Dynamo Eclot,0.6666666666666666
10085825,Reason Gaming,0.6666666666666666
10085826,500,0.6666666666666666
10085826,ARCRED,0.6666666666666666
10085910,FORZE Reload,0.3333333333333333
10085910,RUBY,0.3333333333333333
10085911,Eternal Fire,0.3333333333333333
10085911,FAVBET Team,0.3333333333333333
10085912,SENZA Esports,0.3333333333333333
10085912,Sinners Esports,0.3333333333333333
10085913,1win Team,0.6666666666666666
10085913,ARCRED,0.6666666666666666
10085914,AMKAL Esports,0.6666666666666666
10085914,Khan,0.6666666666666666
10085915,Copenhagen Wolves,0.6666666666666666
10085915,Reason Gaming,0.6666666666666666
10086014,Hooch Team,0.6666666666666666
10086014,Team Aunkere,0.3333333333333333
10086015,Fnatic,0.6666666666666666
10086015,ex-Inner Circle,0.5
10086016,Monte,0.3333333333333333
10086016,Partizan Esports,0.6666666666666666
10086017,9INE,0.3333333333333333
10086017,Johnny Speeds,0.3333333333333333
10086018,500,1.0
10086018,Team Liquid,0.6666666666666666
10086019,Partizan Esports,0.6666666666666666
10086019,ex-Inner Circle,1.0
10086020,9INE,0.6666666666666666
10086020,Team Liquid,0.6666666666666666
10086021,9INE,0.6666666666666666
10086021,ex-Inner Circle,1.0
10086022,Partizan Esports,0.3333333333333333
10086022,Team Liquid,0.3333333333333333
10086031,Khan,0.3333333333333333
10086031,RUBY,0.6666666666666666
10086032,Reason Gaming,0.3333333333333333
10086032,Sinners Esports,0.6666666666666666
10086033,ARCRED,0.3333333333333333
10086033,FAVBET Team,0.6666666666666666
10086034,BetBoom Team,0.6666666666666666
10086034,Khan,0.6666666666666666
10086035,Dynamo Eclot,1.0
10086035,ex-Inner Circle,0.6666666666666666
10086036,1win Team,0.6666666666666666
10086036,Betclic,0.3333333333333333
10086037,AMKAL Esports,0.6666666666666666
10086037,CYBERSHOKE Esports,0.0
10086039,Copenhagen Wolves,1.0
10086039,Monte,0.0
10086040,Sashi Esport,0.6666666666666666
10086040,Sinners Esports,0.6666666666666666
10086041,500,0.6666666666666666
10086041,ESC Gaming,0.3333333333333333
10086044,1win Team,0.6666666666666666
10086044,CYBERSHOKE Esports,0.6666666666666666
10086045,ESC Gaming,0.3333333333333333
10086045,Sashi Esport,0.6666666666666666
10086048,Copenhagen Wolves,1.0
10086048,FAVBET Team,1.0
10086060,BetBoom Team,0.6666666666666666
10086060,Dynamo Eclot,1.0
10086106,BetBoom Team,0.6666666666666666
10086106,CYBERSHOKE Esports,1.0
10086107,ESC Gaming,1.0
10086107,FAVBET Team,1.0
10086108,CYBERSHOKE Esports,1.0
10086108,FAVBET Team,1.0
10086118,1win Team,1.0
10086118,Johnny Speeds,0.3333333333333333
10086119,SENZA Esports,0.3333333333333333
10086119,ex-Inner Circle,0.3333333333333333
10086120,CYBERSHOKE Esports,0.3333333333333333
10086120,Y5 Esports,0.5
10086121,FAVBET Team,1.0
10086121,RUBY,0.6666666666666666
10086122,QMISTRY,0.0
10086122,Zero Tenacity,0.0
10086123,ESC Gaming,0.6666666666666666
10086123,Mousquetaires,0.3333333333333333
10086124,Sinners Esports,0.6666666666666666
10086124,Tricked Esport,0.3333333333333333
10086125,EYEBALLERS,0.3333333333333333
10086125,GUN5,0.3333333333333333
10086205,QMISTRY,0.0
10086205,Tricked Esport,0.0
10086206,Mousquetaires,0.3333333333333333
10086206,SENZA Esports,0.0
10086207,1win Team,0.3333333333333333
10086207,EYEBALLERS,0.0
10086208,RUBY,0.3333333333333333
10086208,Y5 Esports,0.0
10086209,GUN5,0.3333333333333333
10086209,Johnny Speeds,0.3333333333333333
10086210,Sinners Esports,0.6666666666666666
10086210,Zero Tenacity,0.3333333333333333
10086211,CYBERSHOKE Esports,1.0
10086211,FAVBET Team,0.6666666666666666
10086212,ESC Gaming,0.6666666666666666
10086212,ex-Inner Circle,0.3333333333333333
10086231,FaZe Clan,0.0
10086231,G2 Esports,0.6666666666666666
10086274,1win Team,0.3333333333333333
10086274,Tricked Esport,0.3333333333333333
10086275,GUN5,0.6666666666666666
10086275,Sinners Esports,0.6666666666666666
10086276,CYBERSHOKE Esports,1.0
10086276,ESC Gaming,0.6666666666666666
10086277,Insilio,0.0
10086277,Nemiga Gaming,0.0
10086278,CYBERSHOKE Esports,0.6666666666666666
10086278,Sinners Esports,0.6666666666666666
10086279,FAVBET Team,0.0
10086279,Zero Tenacity,0.6666666666666666
10086280,Eternal Fire,0.3333333333333333
10086280,JiJieHao,0.3333333333333333
10086281,Novaq,0.6666666666666666
10086281,Sashi Esport,0.3333333333333333
10086282,BET-M 33,0.3333333333333333
10086282,Oramond,0.0
10086283,ESC Gaming,0.6666666666666666
10086283,Nexus Gaming,0.6666666666666666
10086285,HubaBuba,0.5
10086285,Partizan Esports,0.3333333333333333
10086286,ARCRED,0.0
10086286,Johnny Speeds,0.6666666666666666
10086287,Betera,0.3333333333333333
10086287,SPARTA Esports,0.0
10086288,Alliance,0.6666666666666666
10086288,Copenhagen Wolves,0.6666666666666666
10086289,EYEBALLERS,0.6666666666666666
10086289,GUN5,1.0
10086290,500,0.3333333333333333
10086290,VP.Prodigy,0.6666666666666666
10086291,HOTU,0.3333333333333333
10086291,Sangal Esports,0.3333333333333333
10086292,Monte,0.0
10086292,The Glecs,0.3333333333333333
10086293,JiJieHao,0.3333333333333333
10086293,Zero Tenacity,0.3333333333333333
10086294,BET-M 33,0.6666666666666666
10086294,Novaq,0.6666666666666666
10086296,Insilio,0.3333333333333333
10086296,Sinners Esports,0.3333333333333333
10086297,CYBERSHOKE Esports,0.3333333333333333
10086297,Nemiga Gaming,0.0
10086298,Eternal Fire,0.3333333333333333
10086298,FAVBET Team,0.0
10086299,Oramond,0.0
10086299,Sashi Esport,0.3333333333333333
10086300,BCGame,0.6666666666666666
10086300,Nexus Gaming,0.3333333333333333
10086301,Johnny Speeds,1.0
10086301,Partizan Esports,0.3333333333333333
10086302,Alliance,0.6666666666666666
10086302,SPARTA Esports,0.3333333333333333
10086303,500,0.3333333333333333
10086303,EYEBALLERS,1.0
10086304,Monte,0.3333333333333333
10086304,Sangal Esports,0.3333333333333333
10086305,ARCRED,0.0
10086305,HubaBuba,0.0
10086306,Betera,0.3333333333333333
10086306,Copenhagen Wolves,0.3333333333333333
10086307,GUN5,0.6666666666666666
10086307,VP.Prodigy,0.6666666666666666
10086308,HOTU,0.0
10086308,The Glecs,0.3333333333333333
10086320,RUBY,0.6666666666666666
10086320,ex-Inner Circle,0.3333333333333333
10086321,EYEBALLERS,0.0
10086321,Y5 Esports,0.0
10086322,QMISTRY,0.0
10086322,SENZA Esports,0.0
10086323,QMISTRY,0.3333333333333333
10086323,ex-Inner Circle,0.3333333333333333
10086324,EYEBALLERS,0.3333333333333333
10086324,FAVBET Team,0.0
10086325,Mousquetaires,0.3333333333333333
10086325,Tricked Esport,0.3333333333333333
10086327,CYBERSHOKE Esports,0.3333333333333333
10086327,RUBY,1.0
10086328,Johnny Speeds,0.6666666666666666
10086328,Sinners Esports,0.6666666666666666
10086329,FAVBET Team,0.3333333333333333
10086329,Johnny Speeds,0.3333333333333333
10086330,Mousquetaires,0.3333333333333333
10086330,Zero Tenacity,0.3333333333333333
10086353,Insilio,0.3333333333333333
10086353,The Glecs,0.3333333333333333
10086357,SPARTA Esports,0.3333333333333333
10086357,Sashi Esport,0.3333333333333333
10086358,Betera,0.3333333333333333
10086358,Novaq,0.3333333333333333
10086359,GUN5,0.6666666666666666
10086359,JiJieHao,0.6666666666666666
10086360,ARCRED,0.3333333333333333
10086360,RUBY,0.3333333333333333
10086361,CYBERSHOKE Esports,0.6666666666666666
10086361,Monte,0.3333333333333333
10086371,RUBY,0.6666666666666666
10086371,Zero Tenacity,0.6666666666666666
10086372,EYEBALLERS,1.0
10086372,Tricked Esport,0.6666666666666666
10086373,QMISTRY,0.6666666666666666
10086373,Sinners Esports,0.3333333333333333
10086381,Sinners Esports,0.3333333333333333
10086381,Zero Tenacity,0.3333333333333333
10086382,BET-M 33,0.6666666666666666
10086382,ESC Gaming,1.0
10086383,Alliance,0.6666666666666666
10086383,Johnny Speeds,0.6666666666666666
10086384,500,0.6666666666666666
10086384,Sangal Esports,0.6666666666666666
10086385,BetBoom Team,0.6666666666666666
10086385,QMISTRY,1.0
10086386,GUN5,0.6666666666666666
10086386,Partizan Esports,0.6666666666666666
10086387,1win Team,1.0
10086387,Team Spirit Academy,0.0
10086388,JiJieHao,0.3333333333333333
10086388,Johnny Speeds,1.0
10086389,ECSTATIC,0.0
10086389,EYEBALLERS,0.6666666666666666
10086390,Alliance,0.6666666666666666
10086390,ESC Gaming,1.0
10086391,RUBY,0.3333333333333333
10086391,Team Venom,0.3333333333333333
10086392,CYBERSHOKE Esports,0.6666666666666666
10086392,Sashi Esport,0.6666666666666666
10086393,1win Team,1.0
10086393,JiJieHao,0.3333333333333333
10086405,Aurora Gaming,0.3333333333333333
10086405,Team Venom,0.3333333333333333
10086411,ESC Gaming,1.0
10086411,EYEBALLERS,0.3333333333333333
10086439,ARCRED,0.6666666666666666
10086439,Novaq,0.6666666666666666
10086440,Partizan Esports,0.6666666666666666
10086440,Sashi Esport,1.0
10086441,BetBoom Team,0.6666666666666666
10086441,Partizan Esports,1.0
10086442,GUN5,0.6666666666666666
10086442,Insilio,0.6666666666666666
10086443,FAVBET Team,0.6666666666666666
10086443,Monte,0.3333333333333333
10086444,RUBY,0.3333333333333333
10086444,Sashi Esport,0.3333333333333333
10086445,ESC Gaming,0.6666666666666666
10086445,Zero Tenacity,0.6666666666666666
10086446,Johnny Speeds,0.6666666666666666
10086446,Sangal Esports,0.6666666666666666
10086447,Monte,0.6666666666666666
10086447,Sinners Esports,0.6666666666666666
10086448,BET-M 33,0.3333333333333333
10086448,Partizan Esports,0.3333333333333333
10086449,500,0.6666666666666666
10086449,GUN5,0.6666666666666666
10086450,ARCRED,1.0
10086450,Alliance,0.3333333333333333
10086451,Monte,0.6666666666666666
10086451,Partizan Esports,0.3333333333333333
10086452,Alliance,0.3333333333333333
10086452,GUN5,0.6666666666666666
10086453,Johnny Speeds,0.3333333333333333
10086453,Partizan Esports,0.6666666666666666
10086454,Alliance,0.6666666666666666
10086454,Zero Tenacity,0.6666666666666666
10086455,Alliance,1.0
10086455,Johnny Speeds,0.3333333333333333
10086456,Alliance,1.0
10086456,ESC Gaming,0.3333333333333333
10086457,ESC Gaming,0.6666666666666666
10086457,Sangal Esports,0.6666666666666666
10086458,ESC Gaming,0.6666666666666666
10086458,Sangal Esports,1.0
10086516,ESC Gaming,1.0
10086516,RUBY,0.6666666666666666
10086517,BetBoom Team,0.6666666666666666
10086517,Sangal Esports,0.6666666666666666
10086518,BetBoom Team,1.0
10086518,Johnny Speeds,0.6666666666666666
10086519,Johnny Speeds,0.6666666666666666
10086519,Sashi Esport,0.6666666666666666
10086520,Betera,0.3333333333333333
10086520,Monte,0.6666666666666666
10086521,Betera,0.6666666666666666
10086521,Team Spirit Academy,0.3333333333333333
10086522,EYEBALLERS,0.3333333333333333
10086522,Team Spirit Academy,0.0
10086523,ECSTATIC,0.0
10086523,Oramond,0.0
10086524,ECSTATIC,0.3333333333333333
10086524,Eternal Fire,0.3333333333333333
10086526,9INE,1.0
10086526,BET-M 33,0.6666666666666666
10086527,9INE,1.0
10086527,Sinners Esports,0.6666666666666666
10086528,Partizan Esports,0.6666666666666666
10086528,Sinners Esports,0.3333333333333333
10086529,BetBoom Team,1.0
10086529,RUBY,1.0
10086574,ECSTATIC,0.6666666666666666
10086574,Sinners Esports,0.6666666666666666
10086575,BetBoom Team,0.6666666666666666
10086575,Sinners Esports,1.0
10086682,Baz Team,0.3333333333333333
10086682,n0rb3r7 Team,0.5
10086683,Baz Team,0.3333333333333333
10086683,m0NESY Team,1.0
10086684,Deko Team,0.0
10086684,m0NESY Team,1.0
10086685,Ct0m Team,0.3333333333333333
10086685,zweih Team,0.5
10086686,Team magixx,0.5
10086686,kyousuke Team,0.3333333333333333
10086687,Deko Team,0.0
10086687,n0rb3r7 Team,0.0
10086688,kyousuke Team,0.3333333333333333
10086688,zweih Team,0.0
10086689,Ct0m Team,0.3333333333333333
10086689,Team magixx,1.0
10086690,Baz Team,0.6666666666666666
10086690,Team magixx,1.0
10086691,Ct0m Team,0.3333333333333333
10086691,Deko Team,0.3333333333333333
10086692,kyousuke Team,0.3333333333333333
10086692,m0NESY Team,0.6666666666666666
10086693,Ct0m Team,0.6666666666666666
10086693,m0NESY Team,0.6666666666666666
10086694,Baz Team,0.6666666666666666
10086694,m0NESY Team,0.6666666666666666
10086703,Team magixx,1.0
10086703,m0NESY Team,1.0
10086833,GenOne,0.6666666666666666
10086833,Mousquetaires,0.3333333333333333
10086834,AaB Esport,0.0
10086834,illwill,0.5
10086835,Eternal Fire,0.3333333333333333
10086835,MOLO,0.5
10086836,BIG,0.3333333333333333
10086836,premdesant,0.5
10086837,AM,0.5
10086837,Washington,0.5
10086839,JUMBO,0.5
10086839,Novaq,0.3333333333333333
10086840,FUT Esports,0.6666666666666666
10086840,Mousquetaires,0.3333333333333333
10086841,AaB Esport,0.3333333333333333
10086841,MOLO,1.0
10086842,AM,1.0
10086842,BIG,0.3333333333333333
10086844,MOLO,1.0
10086844,Mousquetaires,0.6666666666666666
10086851,SAW,0.3333333333333333
10086851,Team 3DMAX,0.6666666666666666
10086855,Fire Flux Esports,0.6666666666666666
10086855,Sashi Esport,0.0
10086856,CYBERSHOKE Esports,0.3333333333333333
10086856,Sangal Esports,0.6666666666666666
10086857,Washington,0.0
10086857,Zero Tenacity,0.3333333333333333
10086858,EYEBALLERS,0.0
10086858,kONO,0.3333333333333333
10086859,BET-M 33,0.0
10086859,Betera,0.3333333333333333
10086860,Nexus Gaming,0.0
10086860,Oramond,0.0
10086861,SPARTA Esports,0.3333333333333333
10086861,VP.Prodigy,0.3333333333333333
10086862,ARCRED,0.6666666666666666
10086862,Johnny Speeds,0.3333333333333333
10086863,Oramond,0.0
10086863,kONO,0.0
10086864,CYBERSHOKE Esports,0.0
10086864,Washington,0.0
10086865,ARCRED,0.3333333333333333
10086865,BET-M 33,0.0
10086866,Fire Flux Esports,0.3333333333333333
10086866,VP.Prodigy,0.0
10086867,SPARTA Esports,0.3333333333333333
10086867,Sashi Esport,0.3333333333333333
10086868,EYEBALLERS,0.3333333333333333
10086868,Nexus Gaming,0.3333333333333333
10086869,Betera,0.6666666666666666
10086869,Johnny Speeds,0.6666666666666666
10086870,Sangal Esports,0.6666666666666666
10086870,Zero Tenacity,0.3333333333333333
10086879,Sangal Esports,0.6666666666666666
10086879,Sashi Esport,0.6666666666666666
10086880,Betera,0.6666666666666666
10086880,EYEBALLERS,0.6666666666666666
10086881,BET-M 33,0.3333333333333333
10086881,Johnny Speeds,0.3333333333333333
10086882,Zero Tenacity,0.3333333333333333
10086882,kONO,0.3333333333333333
10086883,Nexus Gaming,0.3333333333333333
10086883,VP.Prodigy,0.3333333333333333
10086884,CYBERSHOKE Esports,0.3333333333333333
10086884,SPARTA Esports,0.3333333333333333
10086885,Fire Flux Esports,0.3333333333333333
10086885,Oramond,0.5
10086886,ARCRED,0.0
10086886,Washington,0.0
10086898,GamerLegion,0.3333333333333333
10086898,paiN Gaming,0.6666666666666666
10086901,Gentle Mates,0.0
10086901,Legacy,0.6666666666666666
10086905,ARCRED,0.3333333333333333
10086905,Fire Flux Esports,0.0
10086906,BET-M 33,0.3333333333333333
10086906,VP.Prodigy,0.3333333333333333
10086907,SPARTA Esports,0.3333333333333333
10086907,Zero Tenacity,0.3333333333333333
10086908,CYBERSHOKE Esports,0.6666666666666666
10086908,Johnny Speeds,0.6666666666666666
10086909,Betera,0.6666666666666666
10086909,Nexus Gaming,0.6666666666666666
10086910,Sashi Esport,0.6666666666666666
10086910,kONO,0.6666666666666666
10086923,AaB Esport,0.3333333333333333
10086923,Washington,0.0
10086924,ARCRED,0.6666666666666666
10086924,Novaq,0.3333333333333333
10086925,Nuclear TigeRES,0.3333333333333333
10086925,Oramond,0.0
10086926,FAVBET Team,0.6666666666666666
10086926,VRSoholics,0.5
10086927,Copenhagen Wolves,0.0
10086927,SPARTA Esports,0.0
10086928,500,0.3333333333333333
10086928,GUN5,0.6666666666666666
10086929,ALLINNERS,0.6666666666666666
10086929,CYBERSHOKE Esports,1.0
10086930,AMKAL Esports,0.6666666666666666
10086930,Nexus Gaming,0.6666666666666666
10086940,Johnny Speeds,0.3333333333333333
10086940,Nexus Gaming,0.3333333333333333
10086941,ARCRED,1.0
10086941,kONO,0.6666666666666666
10086942,BET-M 33,0.6666666666666666
10086942,Zero Tenacity,0.3333333333333333
10086950,ECSTATIC,0.6666666666666666
10086950,kONO,0.6666666666666666
10086951,BCGame,0.6666666666666666
10086951,EYEBALLERS,1.0
10086952,Betera,0.6666666666666666
10086952,Team Venom,0.3333333333333333
10086953,CYBERSHOKE Esports,1.0
10086953,Monte,0.6666666666666666
10086954,BET-M 33,0.6666666666666666
10086954,FUT Esports,0.3333333333333333
10086955,Partizan Esports,0.6666666666666666
10086955,Sangal Esports,1.0
10086957,Sashi Esport,0.6666666666666666
10086957,Team Spirit Academy,0.6666666666666666
10086958,Nexus Gaming,0.3333333333333333
10086958,Nuclear TigeRES,0.3333333333333333
10086959,Novaq,0.3333333333333333
10086959,VRSoholics,0.0
10086960,500,0.0
10086960,Washington,0.0
10086961,ALLINNERS,0.3333333333333333
10086961,Copenhagen Wolves,0.0
10086962,AaB Esport,0.6666666666666666
10086962,SPARTA Esports,0.3333333333333333
10086963,CYBERSHOKE Esports,1.0
10086963,GUN5,0.6666666666666666
10086964,ARCRED,0.6666666666666666
10086964,FAVBET Team,0.6666666666666666
10086966,Nemiga Gaming,0.3333333333333333
10086966,Team Spirit Academy,0.6666666666666666
10086988,CYBERSHOKE Esports,1.0
10086988,Team Venom,0.6666666666666666
10086993,Aurora Gaming,0.6666666666666666
10086993,GamerLegion,1.0
10086997,FUT Esports,0.3333333333333333
10086997,Partizan Esports,0.6666666666666666
10086998,BCGame,0.6666666666666666
10086998,ECSTATIC,0.6666666666666666
10086999,FAVBET Team,0.6666666666666666
10086999,Oramond,0.6666666666666666
10087000,CYBERSHOKE Esports,0.6666666666666666
10087000,SPARTA Esports,0.6666666666666666
10087001,Copenhagen Wolves,0.0
10087001,VRSoholics,0.0
10087002,Nexus Gaming,0.0
10087002,Washington,0.0
10087003,500,0.3333333333333333
10087003,ALLINNERS,0.3333333333333333
10087004,ARCRED,0.3333333333333333
10087004,Nuclear TigeRES,0.3333333333333333
10087005,AMKAL Esports,0.3333333333333333
10087005,Novaq,0.3333333333333333
10087006,AaB Esport,0.3333333333333333
10087006,GUN5,0.3333333333333333
10087007,FUT Esports,0.6666666666666666
10087007,Nemiga Gaming,0.6666666666666666
10087008,ECSTATIC,0.6666666666666666
10087008,Team Venom,0.6666666666666666
10087009,Nemiga Gaming,1.0
10087009,Team Venom,1.0
10087022,BIG,1.0
10087022,Team Nemesis Asia,0.5
10087023,BIG,1.0
10087023,Team Arise,0.5
10087024,Team Arise,0.0
10087024,Team Nemesis Asia,0.0
10087025,Deep Cross Gaming,0.5
10087025,Mousquetaires,0.6666666666666666
10087026,Deep Cross Gaming,0.0
10087026,Wicked Gaming,0.5
10087028,BIG,1.0
10087028,Mousquetaires,0.6666666666666666
10087029,Deep Cross Gaming,0.5
10087029,Team Nemesis Asia,0.5
10087082,Novaq,0.6666666666666666
10087082,Oramond,0.6666666666666666
10087083,GUN5,0.6666666666666666
10087083,SPARTA Esports,0.6666666666666666
10087084,500,0.6666666666666666
10087084,Nuclear TigeRES,0.6666666666666666
10087085,ALLINNERS,0.3333333333333333
10087085,ARCRED,0.0
10087086,Nexus Gaming,0.3333333333333333
10087086,VRSoholics,0.3333333333333333
10087087,AMKAL Esports,0.3333333333333333
10087087,AaB Esport,0.3333333333333333
10087142,AMKAL Esports,0.3333333333333333
10087142,ARCRED,0.3333333333333333
10087143,500,0.6666666666666666
10087143,SPARTA Esports,0.3333333333333333
10087144,Nexus Gaming,0.6666666666666666
10087144,Novaq,0.6666666666666666
10087188,500,0.6666666666666666
10087188,ECSTATIC,0.6666666666666666
10087189,Betera,0.3333333333333333
10087189,CYBERSHOKE Esports,0.6666666666666666
10087191,GUN5,0.6666666666666666
10087191,JiJieHao,0.3333333333333333
10087192,JiJieHao,0.3333333333333333
10087192,Nuclear TigeRES,1.0
10087193,Nemiga Gaming,1.0
10087193,Nexus Gaming,1.0
10087194,FAVBET Team,1.0
10087194,VP.Prodigy,0.3333333333333333
10087195,FAVBET Team,1.0
10087195,Nemiga Gaming,1.0
10087196,ARCRED,0.6666666666666666
10087196,Team Venom,0.6666666666666666
10087197,Oramond,0.6666666666666666
10087197,Zero Tenacity,0.3333333333333333
10087198,Oramond,0.6666666666666666
10087198,Team Venom,0.6666666666666666
10087213,500,0.6666666666666666
10087213,Betera,0.6666666666666666
10087214,BetBoom Team,0.0
10087214,Boys N Da HUD,0.5
10087215,Lilmix,0.5
10087215,Sashi Esport,0.3333333333333333
10087216,777 Esports,0.0
10087216,Betclic,0.0
10087217,BetBoom Team,0.3333333333333333
10087217,Lilmix,0.3333333333333333
10087218,777 Esports,0.3333333333333333
10087218,Boys N Da HUD,0.0
10087219,Betclic,0.0
10087219,Sashi Esport,0.6666666666666666
10087220,Inner Circle,0.3333333333333333
10087220,Minkens finest,0.5
10087221,Acend,0.5
10087221,Johnny Speeds,0.3333333333333333
10087222,Metizport,0.3333333333333333
10087222,Young Ninjas,0.0
10087223,Acend,1.0
10087223,Inner Circle,0.3333333333333333
10087224,Minkens finest,0.0
10087224,Young Ninjas,0.0
10087225,Johnny Speeds,0.0
10087225,Metizport,0.6666666666666666
10087226,ENCE,0.0
10087226,Falcons Force,0.5
10087227,EYEBALLERS,0.6666666666666666
10087227,FUT Academy,0.5
10087228,MASONIC,0.0
10087228,MOUZ NXT,0.3333333333333333
10087229,ENCE,0.3333333333333333
10087229,FUT Academy,0.0
10087230,Falcons Force,0.0
10087230,MASONIC,0.3333333333333333
10087231,EYEBALLERS,0.6666666666666666
10087231,MOUZ NXT,0.3333333333333333
10087232,Alliance,0.6666666666666666
10087232,boomerdemons,0.0
10087233,Aimclub,0.5
10087233,BCGame,0.3333333333333333
10087234,AM Gaming,0.5
10087234,WOPA Esport,0.3333333333333333
10087235,Aimclub,0.0
10087235,Alliance,0.6666666666666666
10087236,WOPA Esport,0.0
10087236,boomerdemons,0.0
10087237,AM Gaming,1.0
10087237,BCGame,0.6666666666666666
10087238,777 Esports,0.6666666666666666
10087238,BetBoom Team,0.6666666666666666
10087239,Betclic,0.0
10087239,Lilmix,0.3333333333333333
10087240,Boys N Da HUD,0.0
10087240,Sashi Esport,0.6666666666666666
10087241,Inner Circle,0.3333333333333333
10087241,Young Ninjas,0.3333333333333333
10087242,Acend,1.0
10087242,Metizport,0.3333333333333333
10087243,Johnny Speeds,0.3333333333333333
10087243,Minkens finest,0.0
10087244,ENCE,0.6666666666666666
10087244,MASONIC,0.3333333333333333
10087245,FUT Academy,0.0
10087245,MOUZ NXT,0.0
10087246,EYEBALLERS,0.6666666666666666
10087246,Falcons Force,0.5
10087247,Alliance,0.6666666666666666
10087247,WOPA Esport,0.3333333333333333
10087248,AM Gaming,1.0
10087248,Aimclub,0.0
10087249,BCGame,0.3333333333333333
10087249,boomerdemons,0.0
10087251,BetBoom Team,1.0
10087251,Betclic,0.3333333333333333
10087252,777 Esports,0.6666666666666666
10087252,Sashi Esport,1.0
10087253,Boys N Da HUD,0.0
10087253,Lilmix,0.0
10087254,Inner Circle,0.3333333333333333
10087254,Metizport,0.6666666666666666
10087255,Johnny Speeds,0.6666666666666666
10087255,Young Ninjas,0.6666666666666666
10087256,Acend,0.6666666666666666
10087256,Minkens finest,0.0
10087257,ENCE,1.0
10087257,MOUZ NXT,0.3333333333333333
10087258,EYEBALLERS,1.0
10087258,MASONIC,0.3333333333333333
10087259,FUT Academy,0.0
10087259,Falcons Force,0.3333333333333333
10087260,AM Gaming,1.0
10087260,Alliance,1.0
10087261,BCGame,0.6666666666666666
10087261,WOPA Esport,0.3333333333333333
10087262,Aimclub,0.0
10087262,boomerdemons,0.0
10087264,BetBoom Team,1.0
10087264,Sashi Esport,1.0
10087265,Betclic,0.3333333333333333
10087265,Boys N Da HUD,0.0
10087266,777 Esports,0.3333333333333333
10087266,Lilmix,0.3333333333333333
10087267,FUT Academy,0.3333333333333333
10087267,MASONIC,0.3333333333333333
10087268,Alliance,1.0
10087268,BCGame,0.6666666666666666
10087269,AM Gaming,0.6666666666666666
10087269,boomerdemons,0.0
10087270,Aimclub,0.3333333333333333
10087270,WOPA Esport,0.3333333333333333
10087271,ENCE,1.0
10087271,EYEBALLERS,0.6666666666666666
10087272,Falcons Force,0.3333333333333333
10087272,MOUZ NXT,0.3333333333333333
10087273,Inner Circle,0.3333333333333333
10087273,Johnny Speeds,1.0
10087274,Metizport,0.3333333333333333
10087274,Minkens finest,0.0
10087275,Acend,0.6666666666666666
10087275,Young Ninjas,0.6666666666666666
10087278,MASONIC,0.6666666666666666
10087278,Metizport,0.6666666666666666
10087280,AM Gaming,0.6666666666666666
10087280,Lilmix,0.6666666666666666
10087281,ENCE,0.6666666666666666
10087281,Johnny Speeds,1.0
10087282,BetBoom Team,1.0
10087282,Metizport,0.6666666666666666
10087283,Alliance,1.0
10087283,Sashi Esport,0.6666666666666666
10087284,AM Gaming,0.6666666666666666
10087284,Acend,0.6666666666666666
10087285,ENCE,0.6666666666666666
10087285,EYEBALLERS,0.6666666666666666
10087286,BetBoom Team,1.0
10087286,Sashi Esport,0.6666666666666666
10087287,AM Gaming,1.0
10087287,EYEBALLERS,0.6666666666666666
10087288,BetBoom Team,1.0
10087288,EYEBALLERS,1.0
10087303,Betera,0.6666666666666666
10087303,Nuclear TigeRES,1.0
10087311,Nemiga Gaming,1.0
10087311,Oramond,1.0
10087313,Nuclear TigeRES,1.0
10087313,Oramond,1.0
10087379,BASEMENT BOYS,0.0
10087379,Oramond,1.0
10087380,CYBERSHOKE Esports,0.3333333333333333
10087380,SPARTA Esports,0.0
10087381,Betera,0.6666666666666666
10087381,K27,0.6666666666666666
10087382,Leo Team,0.3333333333333333
10087382,Partizan Esports,0.3333333333333333
10087383,JiJieHao,0.3333333333333333
10087383,RUBY,1.0
10087384,500,0.6666666666666666
10087384,Nuclear TigeRES,0.6666666666666666
10087385,Copenhagen Wolves,0.0
10087385,Dynamo Eclot,0.6666666666666666
10087386,9BoomPro,0.3333333333333333
10087386,FAVBET Team,0.6666666666666666
10087387,CYBERSHOKE Esports,0.6666666666666666
10087387,Leo Team,0.6666666666666666
10087388,Betera,0.6666666666666666
10087388,Nuclear TigeRES,0.6666666666666666
10087389,Copenhagen Wolves,0.3333333333333333
10087389,FAVBET Team,0.6666666666666666
10087390,JiJieHao,0.6666666666666666
10087390,Oramond,1.0
10087391,9BoomPro,0.3333333333333333
10087391,Dynamo Eclot,0.3333333333333333
10087392,BASEMENT BOYS,0.0
10087392,Partizan Esports,0.3333333333333333
10087393,K27,0.3333333333333333
10087393,RUBY,0.6666666666666666
10087394,500,0.3333333333333333
10087394,SPARTA Esports,0.0
10087398,9BoomPro,0.0
10087398,BASEMENT BOYS,0.0
10087399,RUBY,0.3333333333333333
10087399,SPARTA Esports,0.0
10087400,500,0.3333333333333333
10087400,Leo Team,0.3333333333333333
10087401,Dynamo Eclot,0.3333333333333333
10087401,JiJieHao,0.3333333333333333
10087402,K27,0.3333333333333333
10087402,Partizan Esports,0.3333333333333333
10087403,FAVBET Team,0.3333333333333333
10087403,Nuclear TigeRES,0.3333333333333333
10087404,Betera,0.6666666666666666
10087404,Oramond,1.0
10087405,CYBERSHOKE Esports,0.6666666666666666
10087405,Copenhagen Wolves,0.6666666666666666
10087521,RUBY,0.3333333333333333
10087521,Zero Tenacity,0.3333333333333333
10087522,1win Team,0.6666666666666666
10087522,Team Venom,0.3333333333333333
10087523,ARCRED,0.6666666666666666
10087523,Alliance,0.6666666666666666
10087524,Nemiga Gaming,0.6666666666666666
10087524,Novaq,0.3333333333333333
10087525,CYBERSHOKE Esports,1.0
10087525,Oramond,1.0
10087526,500,0.6666666666666666
10087526,Copenhagen Wolves,0.3333333333333333
10087527,Eternal Fire,0.3333333333333333
10087527,FAVBET Team,0.0
10087529,Friendly Campers,0.5
10087529,Sinners Esports,0.3333333333333333
10087530,PARIVISION,1.0
10087530,Sinners Esports,0.3333333333333333
10087531,JiJieHao,0.6666666666666666
10087531,K27,0.6666666666666666
10087532,Betera,0.6666666666666666
10087532,Leo Team,0.6666666666666666
10087534,Dynamo Eclot,0.3333333333333333
10087534,FAVBET Team,0.3333333333333333
10087535,500,0.3333333333333333
10087535,RUBY,0.3333333333333333
10087536,9BoomPro,0.3333333333333333
10087536,Partizan Esports,0.3333333333333333
10087537,500,0.6666666666666666
10087537,Dynamo Eclot,0.6666666666666666
10087538,Copenhagen Wolves,0.3333333333333333
10087538,Partizan Esports,0.6666666666666666
10087539,Betera,0.3333333333333333
10087539,JiJieHao,0.3333333333333333
10087556,Copenhagen Wolves,0.3333333333333333
10087556,SAW,0.6666666666666666
10087557,CYBERSHOKE Esports,0.6666666666666666
10087557,EYEBALLERS,1.0
10087558,BIG,1.0
10087558,Leo Team,0.6666666666666666
10087559,BetBoom Team,0.6666666666666666
10087559,JiJieHao,0.6666666666666666
10087560,Oramond,1.0
10087560,Team Venom,0.3333333333333333
10087561,BetBoom Team,0.6666666666666666
10087561,Oramond,1.0
10087562,500,1.0
10087562,Heroic,0.3333333333333333
10087563,Nuclear TigeRES,0.6666666666666666
10087563,Zero Tenacity,0.0
10087564,K27,1.0
10087564,Leo Team,1.0
10087565,Nemiga Gaming,0.6666666666666666
10087565,Oramond,1.0
10087566,Heroic,0.6666666666666666
10087566,Nuclear TigeRES,1.0
10087567,500,0.6666666666666666
10087567,FAVBET Team,0.3333333333333333
10087568,EYEBALLERS,1.0
10087568,SAW,0.6666666666666666
10087569,1win Team,0.6666666666666666
10087569,Alliance,0.6666666666666666
10087571,EYEBALLERS,1.0
10087571,Leo Team,1.0
10087575,BetBoom Team,0.6666666666666666
10087575,Heroic,0.6666666666666666
10087576,1win Team,1.0
10087576,FAVBET Team,1.0
10087577,BetBoom Team,1.0
10087577,EYEBALLERS,1.0
10087677,K27,0.6666666666666666
10087677,WW Team,0.3333333333333333
10087678,BAKS Esports,0.3333333333333333
10087678,GUN5,0.6666666666666666
10087679,Bushido Wildcats,0.3333333333333333
10087679,CYBERSHOKE Esports,0.3333333333333333
10087680,Nemiga Gaming,0.3333333333333333
10087680,Sangal Esports,0.6666666666666666
10087681,CYBERSHOKE Esports,0.3333333333333333
10087681,Sangal Esports,0.6666666666666666
10087682,GUN5,0.6666666666666666
10087682,K27,0.6666666666666666
10087683,CYBERSHOKE Esports,0.6666666666666666
10087683,K27,0.6666666666666666
10087687,Oramond,1.0
10087687,kONO,0.3333333333333333
10087688,FORZE Reload,0.0
10087688,MANA eSports,0.5
10087689,MANA eSports,0.0
10087689,kONO,0.3333333333333333
10087690,FORZE Reload,0.3333333333333333
10087690,Oramond,0.3333333333333333
10087691,FORZE Reload,0.3333333333333333
10087691,kONO,0.3333333333333333
10087692,Copenhagen Wolves,0.3333333333333333
10087692,Eternal Fire,0.0
10087693,HAVU Gaming,0.3333333333333333
10087693,Nuclear TigeRES,0.6666666666666666
10087694,Eternal Fire,0.0
10087694,HAVU Gaming,0.3333333333333333
10087695,Copenhagen Wolves,0.3333333333333333
10087695,Nuclear TigeRES,0.6666666666666666
10087696,Eternal Fire,0.3333333333333333
10087696,Nuclear TigeRES,0.3333333333333333
10087697,JiJieHao,0.3333333333333333
10087697,SPARTA Esports,0.0
10087698,Novaq,0.0
10087698,QWENTRY,0.5
10087699,JiJieHao,0.3333333333333333
10087699,QWENTRY,0.0
10087700,Novaq,0.3333333333333333
10087700,SPARTA Esports,0.3333333333333333
10087701,Novaq,0.3333333333333333
10087701,QWENTRY,0.5
10087702,AMKAL Esports,0.3333333333333333
10087702,MOUZ NXT,0.6666666666666666
10087703,9BoomPro,0.3333333333333333
10087703,RUBY,0.6666666666666666
10087704,9BoomPro,0.3333333333333333
10087704,AMKAL Esports,0.3333333333333333
10087705,MOUZ NXT,0.6666666666666666
10087705,RUBY,0.6666666666666666
10087706,AMKAL Esports,0.3333333333333333
10087706,MOUZ NXT,0.6666666666666666
10087710,Fnatic,0.6666666666666666
10087710,Team 3DMAX,0.0
10087711,Astralis,0.3333333333333333
10087711,Ninjas in Pyjamas,1.0
10087834,MIBR Female,0.0
10087834,Sakura Esports,0.5
10087835,BIG EQUIPA,0.3333333333333333
10087835,NIP Impact,0.0
10087859,BCGame,0.3333333333333333
10087859,MOUZ NXT,0.6666666666666666
10087860,Betera,0.0
10087860,RUBY,0.6666666666666666
10087861,FORZE Reload,0.6666666666666666
10087861,Partizan Esports,0.6666666666666666
10087862,Copenhagen Wolves,0.6666666666666666
10087862,VP.Prodigy,0.0
10087863,Johnny Speeds,0.3333333333333333
10087863,Novaq,0.6666666666666666
10087865,EYEBALLERS,1.0
10087865,Nuclear TigeRES,0.6666666666666666
10087866,Oramond,0.6666666666666666
10087866,Sangal Esports,0.6666666666666666
10087867,Betera,0.6666666666666666
10087867,MOUZ NXT,0.6666666666666666
10087882,500,0.3333333333333333
10087882,Sangal Esports,0.3333333333333333
10087883,Nemiga Gaming,0.3333333333333333
10087883,Oramond,0.3333333333333333
10087884,Johnny Speeds,0.6666666666666666
10087884,SPARTA Esports,0.6666666666666666
10087885,BASEMENT BOYS,0.0
10087885,Partizan Esports,0.3333333333333333
10087916,CYBERSHOKE Esports,0.6666666666666666
10087916,Nexus Gaming,0.6666666666666666
10087917,Alliance,0.3333333333333333
10087917,RUBY,0.6666666666666666
10087918,Betera,0.3333333333333333
10087918,Dynamo Eclot,0.3333333333333333
10087924,Team 3DMAX,0.6666666666666666
10087924,paiN Gaming,0.6666666666666666
10087936,FORZE Reload,0.3333333333333333
10087936,VP.Prodigy,0.3333333333333333
10087941,BET-M 33,0.6666666666666666
10087941,Rustec,0.5
10087942,ChristoFire,0.5
10087942,HOLLYWOOD,0.5
10087943,BET-M 33,0.3333333333333333
10087943,ChristoFire,0.0
10087944,HOLLYWOOD,1.0
10087944,Rustec,0.6666666666666666
10087963,500,0.6666666666666666
10087963,Johnny Speeds,0.6666666666666666
10087964,Nemiga Gaming,0.0
10087964,RUBY,0.3333333333333333
10087965,Dynamo Eclot,0.3333333333333333
10087965,Nexus Gaming,0.3333333333333333
10087966,FORZE Reload,0.6666666666666666
10087966,Johnny Speeds,0.3333333333333333
10087967,500,0.3333333333333333
10087967,BASEMENT BOYS,0.0
10087968,SPARTA Esports,0.6666666666666666
10087968,Sashi Esport,0.6666666666666666
10087969,Betera,0.6666666666666666
10087969,CYBERSHOKE Esports,0.6666666666666666
10087970,Alliance,0.6666666666666666
10087970,Sangal Esports,0.6666666666666666
10087971,Oramond,0.6666666666666666
10087971,Partizan Esports,0.3333333333333333
10087972,FaZe Clan,0.6666666666666666
10087972,The Mongolz,0.3333333333333333
10087973,B8 Esports,0.6666666666666666
10087973,Team Vitality,0.3333333333333333
10087974,Natus Vincere,0.6666666666666666
10087974,paiN Gaming,0.3333333333333333
10087975,Imperial Esports,0.6666666666666666
10087975,Team Falcons,0.3333333333333333
10087980,EYEBALLERS,1.0
10087980,Sangal Esports,0.6666666666666666
10087987,BetBoom Team,0.6666666666666666
10087987,Dynamo Eclot,0.3333333333333333
10087988,Oramond,0.6666666666666666
10087988,Team Venom,0.0
10087989,BetBoom Team,0.6666666666666666
10087989,Oramond,0.6666666666666666
10087990,Copenhagen Wolves,0.6666666666666666
10087990,FUT Esports,0.6666666666666666
10087991,FUT Esports,0.6666666666666666
10087991,Inner Circle,0.6666666666666666
10087992,FORZE Reload,0.3333333333333333
10087992,Inner Circle,0.3333333333333333
10087993,9INE,0.6666666666666666
10087993,CYBERSHOKE Esports,0.6666666666666666
10087995,Nemiga Gaming,0.3333333333333333
10087995,SPARTA Esports,0.6666666666666666
10087996,Novaq,0.3333333333333333
10087996,SAW,0.6666666666666666
10087997,Nemiga Gaming,0.6666666666666666
10087997,SAW,0.6666666666666666
10087998,Betera,0.6666666666666666
10087998,VP.Prodigy,0.6666666666666666
10087999,CYBERSHOKE Esports,1.0
10087999,ECSTATIC,0.3333333333333333
10088017,Alliance,0.6666666666666666
10088017,SPARTA Esports,0.3333333333333333
10088018,CYBERSHOKE Esports,0.6666666666666666
10088018,Oramond,0.6666666666666666
10088019,Betera,0.6666666666666666
10088019,Nemiga Gaming,0.6666666666666666
10088021,Sangal Esports,0.6666666666666666
10088021,Sashi Esport,0.3333333333333333
10088022,Dynamo Eclot,0.3333333333333333
10088022,Partizan Esports,0.3333333333333333
10088023,FORZE Reload,0.0
10088023,Nexus Gaming,0.0
10088024,BASEMENT BOYS,0.0
10088024,RUBY,0.0
10088025,BetBoom Team,0.6666666666666666
10088025,FUT Esports,0.6666666666666666
10088030,EYEBALLERS,1.0
10088030,Johnny Speeds,1.0
10088031,ECSTATIC,0.6666666666666666
10088031,SAW,0.6666666666666666
10088038,ECSTATIC,1.0
10088038,FUT Esports,1.0
10088039,500,0.0
10088039,Partizan Esports,0.0
10088040,FORZE Reload,0.3333333333333333
10088040,Nemiga Gaming,0.0
10088041,RUBY,0.3333333333333333
10088041,Sashi Esport,0.3333333333333333
10088042,Johnny Speeds,0.6666666666666666
10088042,Oramond,0.3333333333333333
10088043,Betera,1.0
10088043,SPARTA Esports,0.3333333333333333
10088045,Johnny Speeds,0.6666666666666666
10088045,VP.Prodigy,0.6666666666666666
10088046,Betera,1.0
10088046,EYEBALLERS,1.0
10088047,EPG Family,0.5
10088047,Nemiga Gaming,0.3333333333333333
10088048,ALLINNERS,0.3333333333333333
10088048,Ursa,0.5
10088049,Novaq,0.3333333333333333
10088049,QWENTRY,0.3333333333333333
10088050,K27,1.0
10088050,Oxuji Esports,0.5
10088051,ALLINNERS,0.3333333333333333
10088051,EPG Family,1.0
10088052,K27,1.0
10088052,QWENTRY,0.6666666666666666
10088053,Nemiga Gaming,0.0
10088053,Ursa,0.0
10088054,Novaq,0.0
10088054,Oxuji Esports,0.0
10088055,QWENTRY,0.3333333333333333
10088055,Ursa,0.5
10088058,EPG Family,0.6666666666666666
10088058,Oxuji Esports,1.0
10088059,EPG Family,1.0
10088059,K27,1.0
10088060,EPG Family,0.6666666666666666
10088060,K27,1.0
10088186,Dynamo Eclot,0.3333333333333333
10088186,Johnny Speeds,0.3333333333333333
10088187,500,0.3333333333333333
10088187,Sashi Esport,0.3333333333333333
10088188,FORZE Reload,0.6666666666666666
10088188,SPARTA Esports,0.0
10088209,9INE,0.3333333333333333
10088209,SPARTA Esports,0.3333333333333333
10088210,Alliance,1.0
10088210,Zero Tenacity,0.0
10088211,ECSTATIC,0.6666666666666666
10088211,Oramond,0.3333333333333333
10088213,500,0.6666666666666666
10088213,OG,0.0
10088214,BCGame,0.3333333333333333
10088214,CYBERSHOKE Esports,0.6666666666666666
10088215,500,1.0
10088215,CYBERSHOKE Esports,0.6666666666666666
10088216,BetBoom Team,0.6666666666666666
10088216,Johnny Speeds,0.6666666666666666
10088217,Betera,0.6666666666666666
10088217,Friendly Campers,0.0
10088218,Liga Pro Team,0.5
10088218,xGoat,0.5
10088219,EndFastPls,0.5
10088219,Interstellars - Apollo,0.5
10088220,E7,0.5
10088220,Minsk House,0.5
10088221,Donstu Esports,0.6666666666666666
10088221,México Quetzales,0.5
10088222,EndFastPls,1.0
10088222,xGoat,1.0
10088223,Interstellars - Apollo,0.0
10088223,Liga Pro Team,0.0
10088224,E7,0.0
10088224,México Quetzales,0.0
10088225,Donstu Esports,1.0
10088225,Minsk House,1.0
10088226,Interstellars - Apollo,0.0
10088226,xGoat,1.0
10088227,EndFastPls,0.5
10088227,Liga Pro Team,0.5
10088228,Donstu Esports,1.0
10088228,E7,0.5
10088229,Minsk House,0.5
10088229,México Quetzales,0.0
10088230,Minsk House,0.6666666666666666
10088230,xGoat,1.0
10088231,Donstu Esports,1.0
10088231,EndFastPls,0.3333333333333333
10088232,EndFastPls,0.0
10088232,Minsk House,0.3333333333333333
10088233,Donstu Esports,1.0
10088233,xGoat,1.0
10088234,BIG,0.6666666666666666
10088234,Oramond,0.6666666666666666
10088235,BetBoom Team,0.6666666666666666
10088235,Betera,0.6666666666666666
10088236,9INE,0.3333333333333333
10088236,Alliance,1.0
10088238,500,1.0
10088238,Betera,0.6666666666666666
10088239,BIG,1.0
10088239,Betera,1.0
10088240,Team GOAT,0.5
10088240,Team VACO,0.5
10088257,m3wsu Team,0.3333333333333333
10088257,КиберДинамо,0.5
10088258,Team OverDrive,0.3333333333333333
10088258,КиберДинамо,1.0
10088259,Team Shadowkek,0.6666666666666666
10088259,m3wsu Team,0.0
10088260,Team OverDrive,0.0
10088260,Team Shadowkek,0.6666666666666666
10088261,Team Shadowkek,0.6666666666666666
10088261,Team magixx,0.6666666666666666
10088262,Team magixx,0.3333333333333333
10088262,КиберДинамо,1.0
10088263,Team OverDrive,0.0
10088263,m3wsu Team,0.3333333333333333
10088264,Team OverDrive,0.0
10088264,Team magixx,0.0
10088265,Team magixx,0.3333333333333333
10088265,m3wsu Team,0.6666666666666666
10088266,Team Shadowkek,0.6666666666666666
10088266,КиберДинамо,1.0
10088267,Recrent Team,0.3333333333333333
10088267,Team Buster,0.6666666666666666
10088268,Recrent Team,0.0
10088268,Team zoneR,0.5
10088269,Team CS2NEWS,0.3333333333333333
10088269,Team zoneR,1.0
10088270,Recrent Team,0.0
10088270,Team StRoGo,0.5
10088271,Team Buster,0.6666666666666666
10088271,Team StRoGo,1.0
10088272,Recrent Team,0.0
10088272,Team CS2NEWS,0.3333333333333333
10088273,Team Buster,0.6666666666666666
10088273,Team zoneR,1.0
10088274,Team Buster,0.6666666666666666
10088274,Team CS2NEWS,0.3333333333333333
10088275,Team StRoGo,0.5
10088275,Team zoneR,1.0
10088276,Team CS2NEWS,0.6666666666666666
10088276,Team StRoGo,0.6666666666666666
10088337,Team CS2NEWS,1.0
10088337,Team Shadowkek,1.0
10088338,Team zoneR,0.6666666666666666
10088338,КиберДинамо,0.6666666666666666
10088339,Team Shadowkek,0.6666666666666666
10088339,Team magixx,0.6666666666666666
10088340,Team Buster,0.3333333333333333
10088340,Team zoneR,0.3333333333333333
10088343,Team CS2NEWS,1.0
10088343,КиберДинамо,0.6666666666666666
10088344,Team Buster,0.3333333333333333
10088344,Team Shadowkek,0.6666666666666666
10088345,Team Buster,0.6666666666666666
10088345,Team CS2NEWS,0.6666666666666666
10088346,Team CS2NEWS,0.6666666666666666
10088346,КиберДинамо,0.6666666666666666
10088352,Team chopper,0.5
10088352,Team magixx,0.6666666666666666
10088431,Friendly Campers,0.0
10088431,MOUZ NXT,0.6666666666666666
10088432,AaB Esport,0.0
10088432,hypewrld,0.5
10088433,ASTRAL Esports,0.5
10088433,MOUZ NXT,0.6666666666666666
10088434,ALGO Esports,0.0
10088434,hypewrld,1.0
10088436,ASTRAL Esports,0.0
10088436,hypewrld,0.5
10088495,9INE,0.6666666666666666
10088495,NRG Esports,0.6666666666666666
10088496,GamerLegion,0.3333333333333333
10088496,M80,0.3333333333333333
10088588,SkinRave Esports,0.5
10088588,Team Voca,0.0
10088589,NRG Esports,1.0
10088589,Phoenix,0.0
10088590,NRG Esports,1.0
10088590,Team Voca,0.5
10088591,Phoenix,0.0
10088591,SkinRave Esports,0.0
10088592,SkinRave Esports,0.5
10088592,Team Voca,0.3333333333333333
10088593,BOSS,0.0
10088593,Marsborne,0.3333333333333333
10088594,M80,0.3333333333333333
10088594,regain,0.0
10088595,Marsborne,0.0
10088595,regain,0.0
10088596,BOSS,0.3333333333333333
10088596,M80,0.3333333333333333
10088597,BOSS,0.3333333333333333
10088597,Marsborne,0.3333333333333333
10088598,M80,0.6666666666666666
10088598,Team Voca,0.6666666666666666
10088599,Marsborne,0.6666666666666666
10088599,NRG Esports,1.0
10088761,Keyd Stars,0.5
10088761,Sharks Esports,0.0
10088762,Fake do Biru,0.5
10088762,Imperial Esports,0.0
10088763,Gaimin Gladiators,0.0
10088763,MIBR,0.0
10088764,Game Hunters,0.5
10088764,Legacy,0.3333333333333333
10088765,Imperial Esports,0.3333333333333333
10088765,Sharks Esports,0.3333333333333333
10088766,Legacy,0.3333333333333333
10088766,MIBR,0.3333333333333333
10088767,Fake do Biru,0.0
10088767,Keyd Stars,0.0
10088768,Gaimin Gladiators,0.0
10088768,Game Hunters,0.0
10088769,Fake do Biru,0.5
10088769,MIBR,0.3333333333333333
10088770,Gaimin Gladiators,0.3333333333333333
10088770,Imperial Esports,0.3333333333333333
10088771,Imperial Esports,0.6666666666666666
10088771,MIBR,0.6666666666666666
10088772,Legacy,0.6666666666666666
10088772,MIBR,0.6666666666666666
10088773,Legacy,0.6666666666666666
10088773,Sharks Esports,0.6666666666666666
10088774,MIBR,1.0
10088774,Sharks Esports,1.0
10088775,FlyQuest,0.0
10088775,Steel Helmet,0.0
10088776,Lynn Vision Gaming,0.0
10088776,Walk The Talk,0.5
10088778,Rare Atom,0.0
10088778,U. Resentment,0.5
10088779,TEAM XDM,0.5
10088779,The Huns Esports,0.3333333333333333
10088780,JiJieHao,0.0
10088780,Just Swing,0.5
10088781,EGG,0.5
10088781,Morningstar,0.5
10088782,Change The Game,0.5
10088782,Chinggis Warriors,0.3333333333333333
10088884,KOLESIE,0.5
10088884,Metizport,0.6666666666666666
10088885,BULGARIAPEEK,0.5
10088885,Sangal Esports,0.3333333333333333
10088886,BIG Academy,0.3333333333333333
10088886,IookingForOrg,0.0
10088887,GenOne,0.3333333333333333
10088887,QWENTRY,0.3333333333333333
10088888,ENCE,0.3333333333333333
10088888,eLITenergy,0.5
10088890,1win Team,0.6666666666666666
10088890,Team Nemesis,0.5
10088891,Leo Team,0.6666666666666666
10088891,Ursa,0.3333333333333333
10088892,Team Nemesis,1.0
10088892,Ursa,0.6666666666666666
10088893,ENCE,0.3333333333333333
10088893,Nuclear TigeRES,0.6666666666666666
10088894,BIG Academy,0.6666666666666666
10088894,GenOne,0.3333333333333333
10088895,KOLESIE,1.0
10088895,Sangal Esports,0.6666666666666666
10088904,FC Famalicão Esports,0.0
10088904,MOUZ NXT,1.0
10088905,Betclic,0.6666666666666666
10088905,Minlate,0.5
10088906,BIG,1.0
10088906,MANA eSports,0.0
10088908,Betclic,0.6666666666666666
10088908,MOUZ NXT,1.0
10088909,BIG,1.0
10088909,Rebels Gaming,0.6666666666666666
10088910,BIG,1.0
10088910,Betclic,1.0
10088943,1win Team,0.3333333333333333
10088943,ex-RUBY,0.5
10088944,Sangal Esports,0.6666666666666666
10088944,illwill,0.0
10088945,Oramond,0.6666666666666666
10088945,Phantom Esports,0.5
10088946,AM Gaming,0.6666666666666666
10088946,UNiTY,0.3333333333333333
10088947,ARCRED,0.3333333333333333
10088947,Nuclear TigeRES,0.6666666666666666
10088948,GenOne,0.3333333333333333
10088948,Nemiga Gaming,0.0
10088949,BET-M 33,0.3333333333333333
10088949,FAVBET Team,1.0
10088950,FORZE Reload,0.3333333333333333
10088950,Team Nemesis,1.0
10089006,9INE,0.6666666666666666
10089006,Gentle Mates,1.0
10089009,ARCRED,0.3333333333333333
10089009,Team Nemesis,1.0
10089010,Nemiga Gaming,0.3333333333333333
10089010,ex-RUBY,1.0
10089011,BET-M 33,0.6666666666666666
10089011,Oramond,0.6666666666666666
10089012,AM Gaming,0.6666666666666666
10089012,illwill,0.5
10089013,Nuclear TigeRES,0.6666666666666666
10089013,UNiTY,0.3333333333333333
10089014,FAVBET Team,0.6666666666666666
10089014,Phantom Esports,0.0
10089015,FORZE Reload,0.3333333333333333
10089015,Sangal Esports,0.6666666666666666
10089016,1win Team,0.0
10089016,GenOne,0.3333333333333333
10089114,Morningstar,1.0
10089114,The Huns Esports,0.6666666666666666
10089115,JiJieHao,0.3333333333333333
10089115,Rare Atom,0.3333333333333333
10089117,FlyQuest,0.6666666666666666
10089117,Morningstar,1.0
10089119,FlyQuest,1.0
10089119,JiJieHao,1.0
10089189,GenOne,0.3333333333333333
10089189,UNiTY,0.0
10089190,FORZE Reload,0.0
10089190,Phantom Esports,0.0
10089191,Nemiga Gaming,0.3333333333333333
10089191,Team Nemesis,0.6666666666666666
10089192,1win Team,0.3333333333333333
10089192,AM Gaming,0.3333333333333333
10089193,Nuclear TigeRES,0.6666666666666666
10089193,Oramond,0.3333333333333333
10089194,BET-M 33,1.0
10089194,illwill,0.6666666666666666
10089196,ARCRED,0.6666666666666666
10089196,ex-RUBY,1.0
10089198,AaB Esport,0.0
10089198,MOUZ NXT,0.6666666666666666
10089199,ALLINNERS,0.6666666666666666
10089199,Nemiga Gaming,0.6666666666666666
10089200,UNiTY,0.0
10089200,kONO,0.3333333333333333
10089201,Betclic,0.6666666666666666
10089201,Fingers Crossed,0.5
10089202,FAVBET Team,0.3333333333333333
10089202,illwill,1.0
10089203,ARCRED,1.0
10089203,GenOne,0.6666666666666666
10089204,AM Gaming,0.3333333333333333
10089204,BRUTE,0.5
10089205,Eternal Fire,0.3333333333333333
10089205,ex-RUBY,0.6666666666666666
10089229,AM Gaming,0.3333333333333333
10089229,Phantom Esports,0.3333333333333333
10089230,FAVBET Team,0.3333333333333333
10089230,Oramond,0.3333333333333333
10089232,Sangal Esports,0.3333333333333333
10089232,ex-RUBY,0.3333333333333333
10089233,BET-M 33,0.6666666666666666
10089233,Nuclear TigeRES,0.6666666666666666
10089234,1win Team,0.6666666666666666
10089234,Nemiga Gaming,0.6666666666666666
10089361,MOUZ NXT,0.6666666666666666
10089361,UNiTY,0.3333333333333333
10089362,AaB Esport,0.0
10089362,kONO,0.3333333333333333
10089363,ALLINNERS,0.3333333333333333
10089363,FAVBET Team,0.3333333333333333
10089364,BRUTE,0.0
10089364,ex-RUBY,0.3333333333333333
10089365,ARCRED,0.6666666666666666
10089365,Fingers Crossed,0.5
10089366,Nemiga Gaming,1.0
10089366,illwill,1.0
10089367,AM Gaming,1.0
10089367,Eternal Fire,0.6666666666666666
10089368,Betclic,0.6666666666666666
10089368,GenOne,0.3333333333333333
10089369,1win Team,0.3333333333333333
10089369,Sangal Esports,0.3333333333333333
10089370,FAVBET Team,0.6666666666666666
10089370,Team Nemesis,0.3333333333333333
10089371,AM Gaming,1.0
10089371,BET-M 33,0.3333333333333333
10089384,1win Team,0.6666666666666666
10089384,Minlate,0.0
10089385,AM Gaming,0.6666666666666666
10089385,Ursa,0.3333333333333333
10089386,FAVBET Team,0.6666666666666666
10089386,Leo Team,0.3333333333333333
10089387,Fingers Crossed,0.0
10089387,Metizport,0.3333333333333333
10089388,Magic,0.5
10089388,SIXSEVEN,0.5
10089389,FORZE Reload,0.0
10089389,Oramond,0.0
10089390,Leo Team,0.3333333333333333
10089390,Oramond,0.3333333333333333
10089391,KOLESIE,0.3333333333333333
10089391,los kogutos,0.5
10089392,Johnny Speeds,0.3333333333333333
10089392,ex-RUBY,0.6666666666666666
10089417,FAVBET Team,0.3333333333333333
10089417,FORZE Reload,0.0
10089418,Johnny Speeds,0.3333333333333333
10089418,los kogutos,0.0
10089419,Metizport,0.0
10089419,SIXSEVEN,0.0
10089420,1win Team,0.3333333333333333
10089420,Ursa,0.0
10089421,KOLESIE,0.6666666666666666
10089421,ex-RUBY,1.0
10089422,AM Gaming,0.0
10089422,Minlate,0.5
10089423,Fingers Crossed,0.3333333333333333
10089423,Magic,1.0
10089424,BET-M 33,0.3333333333333333
10089424,GamerLegion,0.6666666666666666
10089425,ARCRED,0.3333333333333333
10089425,BIG,1.0
10089426,ENCE,0.3333333333333333
10089426,ex-RUBY,0.6666666666666666
10089428,1win Team,0.6666666666666666
10089428,EYEBALLERS,0.3333333333333333
10089429,ECSTATIC,0.0
10089429,illwill,0.6666666666666666
10089430,Inner Circle,0.3333333333333333
10089430,Team Nemesis,0.6666666666666666
10089431,Nuclear TigeRES,0.6666666666666666
10089431,Sinners Esports,0.3333333333333333
10089436,BetBoom Team,0.3333333333333333
10089436,OMEGA,0.3333333333333333
10089437,ALLINNERS,0.0
10089437,GOOD GAME SPOT,0.0
10089438,ALLINNERS,0.3333333333333333
10089438,OMEGA,0.3333333333333333
10089439,HOTU,1.0
10089439,mix52,1.0
10089440,Altay Esports,0.0
10089440,Novaq,0.0
10089441,Novaq,0.3333333333333333
10089441,mix52,0.5
10089442,ALLINNERS,0.6666666666666666
10089442,mix52,0.6666666666666666
10089446,1win Team,1.0
10089446,illwill,0.6666666666666666
10089447,Sinners Esports,0.3333333333333333
10089447,Team Nemesis,1.0
10089448,AM Gaming,0.3333333333333333
10089448,Nemiga Gaming,1.0
10089449,Betclic,0.6666666666666666
10089449,UNiTY,0.6666666666666666
10089450,AaB Esport,0.3333333333333333
10089450,Fingers Crossed,0.6666666666666666
10089451,FAVBET Team,0.0
10089451,MOUZ NXT,0.3333333333333333
10089453,ex-RUBY,0.3333333333333333
10089453,illwill,0.6666666666666666
10089454,ALLINNERS,0.0
10089454,BRUTE,0.0
10089455,ARCRED,0.3333333333333333
10089455,kONO,0.0
10089457,ENCE,0.6666666666666666
10089457,Nemiga Gaming,1.0
10089459,BET-M 33,0.6666666666666666
10089459,BIG,1.0
10089469,Astralis,0.3333333333333333
10089469,GamerLegion,0.3333333333333333
10089471,FUT Esports,0.3333333333333333
10089471,Team Liquid,0.3333333333333333
10089475,BIG,1.0
10089475,Nemiga Gaming,1.0
10089477,Nemiga Gaming,1.0
10089477,Sinners Esports,1.0
10089478,FORZE Reload,0.3333333333333333
10089478,Metizport,0.3333333333333333
10089479,FAVBET Team,0.6666666666666666
10089479,SIXSEVEN,0.0
10089480,Johnny Speeds,0.0
10089480,Ursa,0.0
10089481,1win Team,1.0
10089481,Fingers Crossed,0.3333333333333333
10089482,Leo Team,0.3333333333333333
10089482,ex-RUBY,0.0
10089483,AM Gaming,0.3333333333333333
10089483,los kogutos,0.5
10089484,KOLESIE,1.0
10089484,Minlate,0.6666666666666666
10089485,Magic,1.0
10089485,Oramond,1.0
10089486,ARCRED,0.3333333333333333
10089486,BRUTE,0.3333333333333333
10089487,Fingers Crossed,0.0
10089487,ex-RUBY,0.0
10089488,AM Gaming,0.0
10089488,GenOne,0.3333333333333333
10089489,AaB Esport,0.6666666666666666
10089489,illwill,0.6666666666666666
10089490,Betclic,0.6666666666666666
10089490,FAVBET Team,1.0
10089491,Eternal Fire,0.0
10089491,MOUZ NXT,0.0
10089492,AM Gaming,0.6666666666666666
10089492,ex-RUBY,1.0
10089494,Eternal Fire,0.3333333333333333
10089494,KOLESIE,0.3333333333333333
10089495,Fingers Crossed,0.6666666666666666
10089495,Inner Circle,0.3333333333333333
10089496,FAVBET Team,0.6666666666666666
10089496,Inner Circle,0.3333333333333333
10089497,FAVBET Team,0.3333333333333333
10089497,MOUZ NXT,0.3333333333333333
10089498,1win Team,1.0
10089498,UNiTY,1.0
10089499,Johnny Speeds,0.0
10089499,magic,0.5
10089500,MASONIC,0.6666666666666666
10089500,Sashi Esport,0.3333333333333333
10089501,Bebop,0.5
10089501,Oramond,0.6666666666666666
10089502,1win Team,0.3333333333333333
10089502,magic,1.0
10089503,Oramond,1.0
10089503,Sashi Esport,0.6666666666666666
10089504,FAVBET Team,0.6666666666666666
10089504,ex-RUBY,1.0
10089505,Oramond,1.0
10089505,magic,1.0
10089509,FORZE Reload,0.6666666666666666
10089509,watermelons,0.0
10089511,FORZE Reload,0.6666666666666666
10089511,WHITEBIRD,0.5
10089514,ARCRED,0.6666666666666666
10089514,Rustec,1.0
10089516,Rustec,0.6666666666666666
10089516,WW Team,0.3333333333333333
10089517,MUERTA,0.5
10089517,Team Nemesis,0.6666666666666666
10089519,Nemiga Gaming,0.6666666666666666
10089519,Team Nemesis,0.6666666666666666
10089520,MUERTA,0.0
10089520,Oxuji Esports,0.3333333333333333
10089521,Oxuji Esports,0.3333333333333333
10089521,Team Nemesis,0.3333333333333333
10089522,Gluck,0.5
10089522,Nuclear TigeRES,0.6666666666666666
10089523,BET-M 33,0.6666666666666666
10089523,JUMBO,0.0
10089524,BET-M 33,0.6666666666666666
10089524,Nuclear TigeRES,0.6666666666666666
10089525,Gluck,0.0
10089525,JUMBO,0.0
10089526,BET-M 33,0.3333333333333333
10089526,JUMBO,0.3333333333333333
10089593,ARCRED,0.6666666666666666
10089593,MOUZ NXT,0.3333333333333333
10089594,AaB Esport,0.6666666666666666
10089594,GenOne,0.3333333333333333
10089595,FAVBET Team,0.6666666666666666
10089595,Fingers Crossed,0.6666666666666666
10089612,Johnny Speeds,0.3333333333333333
10089612,Metizport,0.3333333333333333
10089613,1win Team,0.3333333333333333
10089613,Leo Team,0.3333333333333333
10089614,AM Gaming,0.3333333333333333
10089614,FAVBET Team,0.3333333333333333
10089615,Magic,0.6666666666666666
10089615,Minlate,0.6666666666666666
10089616,FORZE Reload,0.3333333333333333
10089616,ex-RUBY,0.6666666666666666
10089617,Fingers Crossed,1.0
10089617,los kogutos,0.6666666666666666
10089618,9INE,0.3333333333333333
10089618,MOUZ NXT,0.6666666666666666
10089619,Nuclear TigeRES,0.6666666666666666
10089619,UNiTY,0.6666666666666666
10089620,Betclic,0.6666666666666666
10089620,Inner Circle,0.3333333333333333
10089621,Team Nemesis,0.6666666666666666
10089621,illwill,0.6666666666666666
10089622,ECSTATIC,0.3333333333333333
10089622,Fingers Crossed,0.3333333333333333
10089623,Nemiga Gaming,1.0
10089623,Sangal Esports,0.3333333333333333
10089624,GenOne,0.6666666666666666
10089624,Sinners Esports,1.0
10089640,K27,0.6666666666666666
10089640,Rustec,0.6666666666666666
10089641,ARCRED,0.6666666666666666
10089641,WHITEBIRD,0.6666666666666666
10089642,BET-M 33,0.6666666666666666
10089642,Nemiga Gaming,0.6666666666666666
10089643,Nuclear TigeRES,1.0
10089643,Team Nemesis,0.6666666666666666
10089644,Rustec,0.3333333333333333
10089644,WHITEBIRD,0.3333333333333333
10089645,ARCRED,1.0
10089645,K27,1.0
10089646,Nemiga Gaming,0.6666666666666666
10089646,Nuclear TigeRES,1.0
10089647,BET-M 33,0.3333333333333333
10089647,Team Nemesis,0.3333333333333333
10089648,Nuclear TigeRES,0.6666666666666666
10089648,WHITEBIRD,0.6666666666666666
10089649,K27,0.6666666666666666
10089649,Team Nemesis,0.3333333333333333
10089650,K27,0.6666666666666666
10089650,Nuclear TigeRES,0.6666666666666666
10089653,K27,1.0
10089653,Nemiga Gaming,0.6666666666666666
10089720,9INE,0.6666666666666666
10089720,Nuclear TigeRES,0.3333333333333333
10089723,1win Team,0.3333333333333333
10089723,Johnny Speeds,0.6666666666666666
10089724,FAVBET Team,0.6666666666666666
10089724,Fingers Crossed,0.6666666666666666
10089725,FORZE Reload,0.3333333333333333
10089725,Minlate,0.3333333333333333
10089726,ECSTATIC,0.6666666666666666
10089726,Sangal Esports,0.3333333333333333
10089727,Betclic,0.6666666666666666
10089727,illwill,0.6666666666666666
10089728,BetBoom Team,1.0
10089728,FORZE Reload,0.3333333333333333
10089729,KOLESIE,0.6666666666666666
10089729,Nuclear TigeRES,0.3333333333333333
10089730,9INE,0.3333333333333333
10089730,los kogutos,1.0
10089731,ENCE,0.3333333333333333
10089731,ex-RUBY,0.6666666666666666
10089732,FAVBET Team,1.0
10089732,HOTU,0.3333333333333333
10089733,ECSTATIC,0.0
10089733,Oramond,1.0
10089734,1win Team,0.6666666666666666
10089734,EYEBALLERS,0.3333333333333333
10089735,Magic,0.6666666666666666
10089735,Sinners Esports,0.6666666666666666
10089736,EYEBALLERS,0.3333333333333333
10089736,Magic,0.6666666666666666
10089737,ECSTATIC,0.6666666666666666
10089737,FAVBET Team,0.6666666666666666
10089738,AM Gaming,0.3333333333333333
10089738,GenOne,0.6666666666666666
10089745,ECSTATIC,1.0
10089745,GenOne,1.0
10089746,BetBoom Team,1.0
10089746,KOLESIE,0.6666666666666666
10089747,9INE,0.6666666666666666
10089747,ex-RUBY,0.6666666666666666
10089764,BetBoom Team,1.0
10089764,ex-RUBY,1.0
10089765,FAVBET Team,0.6666666666666666
10089765,Magic,1.0
10089767,ECSTATIC,1.0
10089767,illwill,1.0
10089782,M1X,0.0
10089782,Team 3DMAX,0.3333333333333333
10089783,GamerLegion,0.3333333333333333
10089783,ex-RUBY,0.6666666666666666
10089786,M1X,0.3333333333333333
10089786,Ninjas in Pyjamas,0.6666666666666666
10089824,L00m1,0.5
10089824,watermelons,0.0
10089825,BET-M 33,0.3333333333333333
10089825,QWENTRY,0.3333333333333333
10089826,Lazer Cats,0.3333333333333333
10089826,Phantom Esports,0.3333333333333333
10089827,Metizport,0.3333333333333333
10089827,OG,0.0
10089828,HAVU Gaming,0.0
10089828,Nuclear TigeRES,0.3333333333333333
10089829,AY4S,0.5
10089829,MOUZ NXT,0.6666666666666666
10089830,ARCRED,0.3333333333333333
10089830,VODKA,0.5
10089831,BASEMENT BOYS,0.0
10089831,brazylijski luz,0.3333333333333333
10089832,BET-M 33,0.3333333333333333
10089832,L00m1,1.0
10089833,OG,0.3333333333333333
10089833,Phantom Esports,0.6666666666666666
10089834,MOUZ NXT,0.6666666666666666
10089834,Nuclear TigeRES,0.6666666666666666
10089835,ARCRED,0.3333333333333333
10089835,BASEMENT BOYS,0.3333333333333333
10089836,Acend,0.6666666666666666
10089836,kONO,0.0
10089837,FAVBET Team,0.3333333333333333
10089837,Nexus Gaming,0.0
10089838,GenOne,0.6666666666666666
10089838,VP.Prodigy,0.3333333333333333
10089839,ASTRAL Esports,0.0
10089839,ex-Zero Tenacity,0.5
10089840,ALGO Esports,0.3333333333333333
10089840,Metizport,0.0
10089841,Phantom Esports,0.3333333333333333
10089841,WHITEBIRD,0.3333333333333333
10089842,Lazer Cats,0.3333333333333333
10089842,Leo Team,0.0
10089843,BIG EQUIPA,0.6666666666666666
10089843,los kogutos,0.6666666666666666
10089920,Alliance,0.3333333333333333
10089920,Sinners Esports,0.3333333333333333
10089925,BET-M 33,1.0
10089925,Inner Circle,0.3333333333333333
10089927,BET-M 33,1.0
10089927,Fnatic,0.6666666666666666
10089929,BASEMENT BOYS,0.6666666666666666
10089929,CYBERSHOKE Esports,0.3333333333333333
10089930,Johnny Speeds,0.3333333333333333
10089930,Nuclear TigeRES,0.6666666666666666
10089932,EYEBALLERS,0.3333333333333333
10089932,Tricked Esport,0.3333333333333333
10089937,Inner Circle,0.6666666666666666
10089937,Johnny Speeds,0.6666666666666666
10089938,Alliance,0.6666666666666666
10089938,ENCE,0.6666666666666666
10089939,Johnny Speeds,1.0
10089939,Sinners Esports,0.6666666666666666
10089940,ENCE,0.6666666666666666
10089940,Fnatic,0.6666666666666666
10089941,Fnatic,0.6666666666666666
10089941,Sinners Esports,0.6666666666666666
10089942,BET-M 33,0.6666666666666666
10089942,Sinners Esports,0.6666666666666666
10089944,ASTRAL Esports,0.0
10089944,kONO,0.0
10089945,BIG EQUIPA,0.6666666666666666
10089945,Nexus Gaming,0.0
10089946,ALGO Esports,0.3333333333333333
10089946,Leo Team,0.0
10089947,GenOne,0.3333333333333333
10089947,WHITEBIRD,0.3333333333333333
10089948,Lazer Cats,0.3333333333333333
10089948,Metizport,0.3333333333333333
10089949,Acend,0.6666666666666666
10089949,ex-Zero Tenacity,1.0
10089950,FAVBET Team,0.6666666666666666
10089950,los kogutos,0.6666666666666666
10089951,Phantom Esports,0.6666666666666666
10089951,VP.Prodigy,0.3333333333333333
10090020,Gentle Mates,0.6666666666666666
10090020,Gothboiclique,0.5
10090021,Bushido Wildcats,0.0
10090021,G2 Ares,0.0
10090022,ex-GANK,0.5
10090022,magic,0.3333333333333333
10090023,Inner Circle,0.3333333333333333
10090023,Misa Esports,0.5
10090024,9INE,0.3333333333333333
10090024,WRAITH PCIFIC,0.5
10090025,Eternal Fire,0.0
10090025,JiJieHao,0.6666666666666666
10090026,AaB Esport,0.3333333333333333
10090026,MANA eSports,0.0
10090028,Bushido Wildcats,0.3333333333333333
10090028,Gentle Mates,0.6666666666666666
10090030,9INE,0.6666666666666666
10090030,JiJieHao,0.6666666666666666
10090031,HOTU,0.3333333333333333
10090031,MANA eSports,0.3333333333333333
10090032,Gentle Mates,0.6666666666666666
10090032,magic,0.6666666666666666
10090033,9INE,0.6666666666666666
10090033,HOTU,0.6666666666666666
10090035,ALGO Esports,0.0
10090035,GenOne,0.0
10090036,BIG EQUIPA,0.3333333333333333
10090036,kONO,0.0
10090037,Leo Team,0.3333333333333333
10090037,WHITEBIRD,0.3333333333333333
10090038,ASTRAL Esports,0.3333333333333333
10090038,Nexus Gaming,0.3333333333333333
10090039,Lazer Cats,0.3333333333333333
10090039,ex-Zero Tenacity,0.5
10090040,Acend,0.6666666666666666
10090040,Metizport,0.6666666666666666
10090041,Phantom Esports,0.3333333333333333
10090041,los kogutos,0.3333333333333333
10090042,FAVBET Team,0.6666666666666666
10090042,VP.Prodigy,0.6666666666666666
10090058,BET-M 33,0.6666666666666666
10090058,Team Nemesis,0.0
10090059,DRGN Team,0.5
10090059,Nuclear TigeRES,0.3333333333333333
10090060,1win Team,0.3333333333333333
10090060,Oxuji Esports,0.3333333333333333
10090061,K27,0.3333333333333333
10090061,WHITEBIRD,0.6666666666666666
10090062,BET-M 33,0.3333333333333333
10090062,DRGN Team,0.0
10090063,Oxuji Esports,0.3333333333333333
10090063,WHITEBIRD,0.6666666666666666
10090064,BET-M 33,0.6666666666666666
10090064,K27,0.3333333333333333
10090065,Oxuji Esports,0.3333333333333333
10090065,Team Nemesis,0.3333333333333333
10090066,K27,0.6666666666666666
10090066,Oxuji Esports,0.6666666666666666
10090067,Nuclear TigeRES,0.3333333333333333
10090067,Team Nemesis,0.3333333333333333
10090068,1win Team,0.6666666666666666
10090068,K27,0.3333333333333333
10090069,1win Team,0.6666666666666666
10090069,Nuclear TigeRES,0.6666666666666666
10090070,1win Team,1.0
10090070,Nuclear TigeRES,0.6666666666666666
10090072,Leo Team,0.3333333333333333
10090072,kONO,0.3333333333333333
10090073,ALGO Esports,0.3333333333333333
10090073,ex-Zero Tenacity,0.3333333333333333
10090074,Nexus Gaming,0.3333333333333333
10090074,Phantom Esports,0.3333333333333333
10090075,Metizport,0.6666666666666666
10090075,VP.Prodigy,0.6666666666666666
10090076,ASTRAL Esports,0.6666666666666666
10090076,los kogutos,0.6666666666666666
10090077,Lazer Cats,0.6666666666666666
10090077,WHITEBIRD,0.3333333333333333
10090096,FORZE Reload,0.3333333333333333
10090096,OMEGA,0.3333333333333333
10090097,ASTRAL Esports,0.6666666666666666
10090097,TDK,0.5
10090098,WW Team,0.3333333333333333
10090098,kONO,0.6666666666666666
10090099,QWENTRY,0.0
10090099,ex-RUBY,0.3333333333333333
10090100,ARCRED,0.3333333333333333
10090100,WHITEBIRD,0.3333333333333333
10090102,BRUTE,0.3333333333333333
10090102,MOUZ NXT,0.3333333333333333
10090103,ex-Zero Tenacity,0.0
10090103,los kogutos,0.6666666666666666
10090104,Bebop,0.0
10090104,illwill,1.0
10090105,ALGO Esports,0.6666666666666666
10090105,Phantom Esports,0.3333333333333333
10090106,Lazer Cats,0.3333333333333333
10090106,kONO,0.6666666666666666
10090107,ASTRAL Esports,0.3333333333333333
10090107,VP.Prodigy,0.3333333333333333
10090137,Alliance,0.3333333333333333
10090137,Phantom Esports,0.6666666666666666
10090138,Johnny Speeds,0.6666666666666666
10090138,Metizport,0.6666666666666666
10090141,KOLESIE,0.3333333333333333
10090141,los kogutos,1.0
10090142,Inner Circle,0.3333333333333333
10090142,WHITEBIRD,0.3333333333333333
10090143,FAVBET Team,1.0
10090143,MOUZ NXT,0.6666666666666666
10090144,ECSTATIC,0.3333333333333333
10090144,VP.Prodigy,0.3333333333333333
10090145,Alliance,0.6666666666666666
10090145,Metizport,0.6666666666666666
10090146,WHITEBIRD,0.6666666666666666
10090146,los kogutos,1.0
10090153,Acend,1.0
10090153,Sinners Esports,0.6666666666666666
10090154,BRUTE,0.3333333333333333
10090154,illwill,0.6666666666666666
10090155,FORZE Reload,0.3333333333333333
10090155,kONO,0.3333333333333333
10090156,ASTRAL Esports,0.0
10090156,QWENTRY,0.0
10090157,WHITEBIRD,0.6666666666666666
10090157,ex-Zero Tenacity,0.0
10090158,OMEGA,0.3333333333333333
10090158,WW Team,0.6666666666666666
10090159,MOUZ NXT,0.6666666666666666
10090159,TDK,1.0
10090160,Bebop,0.5
10090160,ex-RUBY,0.3333333333333333
10090161,ARCRED,0.6666666666666666
10090161,los kogutos,1.0
10090162,ECSTATIC,0.3333333333333333
10090162,MOUZ NXT,1.0
10090171,ECSTATIC,0.6666666666666666
10090171,los kogutos,1.0
10090172,Alliance,0.6666666666666666
10090172,Sinners Esports,0.6666666666666666
10090173,Alliance,1.0
10090173,los kogutos,0.6666666666666666
10090175,Betclic,0.6666666666666666
10090175,EYEBALLERS,0.3333333333333333
10090178,Betclic,0.3333333333333333
10090178,EYEBALLERS,0.3333333333333333
10090179,ALGO Esports,0.6666666666666666
10090179,HOTU,0.6666666666666666
10090181,ALGO Esports,0.3333333333333333
10090181,Passion UA,0.0
10090183,Passion UA,0.3333333333333333
10090183,Rebels Gaming,0.3333333333333333
10090187,Oramond,0.3333333333333333
10090187,SAW,0.3333333333333333
10090190,BESTIA,0.6666666666666666
10090190,Monte,0.3333333333333333
10090191,100 Thieves,0.0
10090191,BESTIA,0.3333333333333333
10090192,Monte,0.6666666666666666
10090192,Ninjas in Pyjamas,1.0
10090193,100 Thieves,0.5
10090193,Ninjas in Pyjamas,0.6666666666666666
10090194,ASTRAL Esports,0.0
10090194,BRUTE,0.0
10090195,FORZE Reload,0.0
10090195,ex-Zero Tenacity,0.0
10090196,QWENTRY,0.3333333333333333
10090196,illwill,0.6666666666666666
10090197,OMEGA,0.3333333333333333
10090197,WHITEBIRD,0.6666666666666666
10090198,TDK,0.5
10090198,kONO,0.3333333333333333
10090199,ARCRED,0.3333333333333333
10090199,Bebop,0.3333333333333333
10090200,MOUZ NXT,0.6666666666666666
10090200,los kogutos,1.0
10090201,WW Team,0.6666666666666666
10090201,ex-RUBY,0.6666666666666666
10090231,Avanti Esport,0.5
10090231,GamerLegion,0.6666666666666666
10090232,Minlate,0.0
10090232,Sinners Esports,0.6666666666666666
10090234,ECSTATIC,0.6666666666666666
10090234,Minlate,0.0
10090243,Avanti Esport,0.0
10090243,ECSTATIC,0.3333333333333333
10090245,ECSTATIC,0.3333333333333333
10090245,Phantom Esports,0.6666666666666666
10090247,9INE,0.6666666666666666
10090247,BOSS,0.3333333333333333
10090261,MASONIC,0.3333333333333333
10090261,Sinners Esports,0.6666666666666666
10090263,GamerLegion,1.0
10090263,Sashi Esport,0.3333333333333333
10090264,Phantom Esports,0.3333333333333333
10090264,illwill,1.0
10090266,Phantom Esports,0.3333333333333333
10090266,Sashi Esport,0.3333333333333333
10090267,ECSTATIC,1.0
10090267,Sinners Esports,0.6666666666666666
10090268,GamerLegion,1.0
10090268,illwill,1.0
10090269,GamerLegion,1.0
10090269,Sinners Esports,0.6666666666666666
10090270,GamerLegion,1.0
10090270,illwill,1.0
10090272,ECSTATIC,0.6666666666666666
10090272,Phantom Esports,0.3333333333333333
10090273,ECSTATIC,0.6666666666666666
10090273,illwill,0.6666666666666666
10090274,Sinners Esports,0.6666666666666666
10090274,illwill,0.6666666666666666
10090278,Gentle Mates,1.0
10090278,Passion UA,0.6666666666666666
10090279,100 Thieves,0.6666666666666666
10090279,BetBoom Team,1.0
10090281,Fnatic,0.6666666666666666
10090281,Monte,0.6666666666666666
10090286,OMEGA,0.3333333333333333
10090286,illwill,0.3333333333333333
10090287,Bebop,0.3333333333333333
10090287,FORZE Reload,0.3333333333333333
10090288,ASTRAL Esports,0.3333333333333333
10090288,kONO,0.3333333333333333
10090289,TDK,0.6666666666666666
10090289,ex-RUBY,0.6666666666666666
10090290,ARCRED,0.6666666666666666
10090290,QWENTRY,0.6666666666666666
10090293,ARCRED,0.3333333333333333
10090293,OMEGA,0.3333333333333333
10090294,ex-RUBY,0.3333333333333333
10090294,los kogutos,0.0
10090295,ASTRAL Esports,0.6666666666666666
10090295,Bebop,0.3333333333333333
10090298,Bebop,0.6666666666666666
10090298,K27,0.3333333333333333
10090299,MOUZ NXT,0.6666666666666666
10090299,Nuclear TigeRES,0.6666666666666666
10090301,Inner Circle,0.0
10090301,TDK,0.6666666666666666
10090302,Sinners Esports,0.3333333333333333
10090302,los kogutos,0.3333333333333333
10090304,ARCRED,0.6666666666666666
10090304,Alliance,1.0
10090305,WHITEBIRD,0.6666666666666666
10090305,magic,0.6666666666666666
10090306,9INE,0.3333333333333333
10090306,Tricked Esport,0.0
10090307,EYEBALLERS,0.3333333333333333
10090307,MOUZ NXT,0.6666666666666666
10090308,Fnatic,0.3333333333333333
10090308,Inner Circle,0.0
10090310,9INE,0.6666666666666666
10090310,EYEBALLERS,0.3333333333333333
10090311,FOKUS,1.0
10090311,Inner Circle,0.3333333333333333
10090312,MOUZ NXT,0.3333333333333333
10090312,Tricked Esport,0.0
10090313,BetBoom Team,0.3333333333333333
10090313,Fnatic,0.0
10090314,Inner Circle,0.3333333333333333
10090314,Tricked Esport,0.3333333333333333
10090316,BetBoom Team,0.6666666666666666
10090316,Inner Circle,0.6666666666666666
10090317,EYEBALLERS,0.6666666666666666
10090317,FOKUS,1.0
10090318,EYEBALLERS,0.6666666666666666
10090318,Inner Circle,0.6666666666666666
10090322,Oramond,0.3333333333333333
10090322,TDK,1.0
10090323,Alliance,1.0
10090323,WHITEBIRD,1.0
10090336,K27,0.6666666666666666
10090336,TDK,1.0
10090337,Sinners Esports,0.6666666666666666
10090337,WHITEBIRD,1.0
10090347,Altay Esports,0.0
10090347,HOTU,1.0
10090348,HOTU,1.0
10090348,OMEGA,0.6666666666666666
10090349,OMEGA,0.3333333333333333
10090349,Sangal Esports,0.3333333333333333
10090350,Novaq,0.3333333333333333
10090350,Rune Eaters,0.5
10090351,Novaq,0.6666666666666666
10090351,watermelons,0.3333333333333333
10090352,The Continental,0.0
10090352,watermelons,0.0
10090353,Novaq,0.6666666666666666
10090353,OMEGA,0.6666666666666666
10090354,HOTU,0.6666666666666666
10090354,watermelons,0.3333333333333333
10090358,OMEGA,0.6666666666666666
10090358,ex-RUBY,0.0
10090359,ASTRAL Esports,0.6666666666666666
10090359,ex-Zero Tenacity,0.0
10090360,Phantom Esports,0.3333333333333333
10090360,QWENTRY,0.6666666666666666
10090361,MOUZ NXT,0.0
10090361,Oxuji Esports,0.6666666666666666
10090362,Acend,0.6666666666666666
10090362,Novaq,1.0
10090363,Metizport,0.6666666666666666
10090363,los kogutos,0.3333333333333333
10090364,FAVBET Team,0.6666666666666666
10090364,HAVU Gaming,0.0
10090365,Lazer Cats,0.3333333333333333
10090365,Leo Team,0.3333333333333333
10090386,Passion UA,0.3333333333333333
10090386,paiN Gaming,0.3333333333333333
10090389,Nuclear TigeRES,0.6666666666666666
10090389,Younglings,0.5
10090390,5Actors,0.5
10090390,WHITEBIRD,0.6666666666666666
10090393,WHITEBIRD,0.3333333333333333
10090393,Younglings,0.5
10090394,Nemiga Gaming,0.6666666666666666
10090394,premghouls,0.5
10090395,WW Team,0.3333333333333333
10090395,b52,0.5
10090396,Nemiga Gaming,0.6666666666666666
10090396,WW Team,0.3333333333333333
10090397,b52,0.0
10090397,premghouls,0.0
10090399,1win Team,0.6666666666666666
10090399,eternal premium,0.5
10090400,MUERTA,0.0
10090400,TDK,0.3333333333333333
10090401,1win Team,0.6666666666666666
10090401,TDK,0.3333333333333333
10090402,MUERTA,0.0
10090402,eternal premium,0.0
10090403,1win Team,0.3333333333333333
10090403,MUERTA,0.3333333333333333
10090404,Oxuji Esports,0.0
10090404,VP.Prodigy,0.3333333333333333
10090405,ARCRED,0.3333333333333333
10090405,VP.Prodigy,0.6666666666666666
10090406,ARCRED,0.3333333333333333
10090406,Oxuji Esports,0.0
10090409,Oxuji Esports,0.3333333333333333
10090409,Phantom Esports,0.3333333333333333
10090410,ASTRAL Esports,0.3333333333333333
10090410,HAVU Gaming,0.0
10090411,Novaq,0.6666666666666666
10090411,OMEGA,0.3333333333333333
10090412,Leo Team,0.3333333333333333
10090412,Metizport,0.6666666666666666
10090413,FAVBET Team,0.6666666666666666
10090413,ex-Zero Tenacity,0.3333333333333333
10090414,MOUZ NXT,0.3333333333333333
10090414,QWENTRY,0.6666666666666666
10090415,Acend,0.6666666666666666
10090415,ex-RUBY,0.3333333333333333
10090416,Lazer Cats,0.0
10090416,los kogutos,0.3333333333333333
10090423,HOTU,0.6666666666666666
10090423,WHITEBIRD,1.0
10090424,HOTU,0.6666666666666666
10090424,magic,0.3333333333333333
10090425,TDK,0.6666666666666666
10090425,magic,0.3333333333333333
10090426,CYBERSHOKE Esports,0.3333333333333333
10090426,ex-RUBY,0.3333333333333333
10090428,ECSTATIC,0.3333333333333333
10090428,WW Team,0.6666666666666666
10090429,BIG,0.6666666666666666
10090429,Leo Team,0.3333333333333333
10090430,BIG,0.6666666666666666
10090430,illwill,0.6666666666666666
10090431,Oramond,0.3333333333333333
10090431,illwill,0.6666666666666666
10090432,AM Gaming,0.3333333333333333
10090432,Sinners Esports,0.6666666666666666
10090433,AM Gaming,0.3333333333333333
10090433,Team Nemesis,0.3333333333333333
10090434,Lazer Cats,0.3333333333333333
10090434,Team Nemesis,0.0
10090436,ECSTATIC,0.6666666666666666
10090436,magic,0.6666666666666666
10090446,Novaq,0.3333333333333333
10090446,Oxuji Esports,0.0
10090447,HAVU Gaming,0.0
10090447,los kogutos,0.0
10090448,Leo Team,0.3333333333333333
10090448,ex-Zero Tenacity,0.3333333333333333
10090449,ASTRAL Esports,0.3333333333333333
10090449,Phantom Esports,0.3333333333333333
10090450,Lazer Cats,0.3333333333333333
10090450,QWENTRY,0.3333333333333333
10090451,Acend,0.3333333333333333
10090451,OMEGA,0.3333333333333333
10090452,FAVBET Team,0.6666666666666666
10090452,Metizport,0.6666666666666666
10090453,MOUZ NXT,0.6666666666666666
10090453,ex-RUBY,0.6666666666666666
10090454,ARCRED,0.3333333333333333
10090454,Nuclear TigeRES,0.6666666666666666
10090455,1win Team,0.6666666666666666
10090455,Nemiga Gaming,0.6666666666666666
10090459,VP.Prodigy,1.0
10090459,WW Team,0.6666666666666666
10090461,TDK,0.6666666666666666
10090461,WHITEBIRD,0.3333333333333333
10090462,Nuclear TigeRES,0.6666666666666666
10090462,VP.Prodigy,0.6666666666666666
10090463,1win Team,0.6666666666666666
10090463,WHITEBIRD,0.6666666666666666
10090464,VP.Prodigy,0.6666666666666666
10090464,WHITEBIRD,0.6666666666666666
10090465,ARCRED,1.0
10090465,WW Team,1.0
10090466,WHITEBIRD,1.0
10090466,WW Team,0.6666666666666666
10090643,ASTRAL Esports,0.3333333333333333
10090643,OMEGA,0.3333333333333333
10090644,Lazer Cats,0.3333333333333333
10090644,Novaq,0.3333333333333333
10090645,HAVU Gaming,0.3333333333333333
10090645,ex-Zero Tenacity,0.3333333333333333
10090646,Leo Team,0.3333333333333333
10090646,Phantom Esports,0.6666666666666666
10090647,Metizport,0.6666666666666666
10090647,QWENTRY,0.6666666666666666
10090648,Acend,0.6666666666666666
10090648,MOUZ NXT,0.6666666666666666
10090649,Nuclear TigeRES,0.3333333333333333
10090649,VP.Prodigy,0.3333333333333333
10090650,1win Team,0.3333333333333333
10090650,Donstu Esports,0.6666666666666666
10090651,1win Team,0.3333333333333333
10090651,VP.Prodigy,0.6666666666666666
10090652,Donstu Esports,0.3333333333333333
10090652,Nuclear TigeRES,0.3333333333333333
10090654,K27,0.6666666666666666
10090654,Oxuji Esports,0.0
10090655,MUERTA,0.3333333333333333
10090655,WW Team,0.3333333333333333
10090657,MUERTA,0.3333333333333333
10090657,Oxuji Esports,0.0
10090658,K27,0.3333333333333333
10090658,Oxuji Esports,0.3333333333333333
10090659,Rustec,0.3333333333333333
10090659,Team Nemesis,0.3333333333333333
10090660,BET-M 33,0.3333333333333333
10090660,Team QUAZAR,0.3333333333333333
10090661,Rustec,0.0
10090661,Team QUAZAR,0.3333333333333333
10090662,BET-M 33,0.6666666666666666
10090662,Team Nemesis,0.6666666666666666
10090663,Team Nemesis,0.3333333333333333
10090663,Team QUAZAR,0.3333333333333333
10090664,Nemiga Gaming,0.3333333333333333
10090664,SPARTA Esports,0.3333333333333333
10090665,5Actors,0.0
10090665,ARCRED,1.0
10090666,ARCRED,1.0
10090666,Nemiga Gaming,0.3333333333333333
10090667,5Actors,0.0
10090667,SPARTA Esports,0.3333333333333333
10090683,OMEGA,0.6666666666666666
10090683,Phantom Esports,0.6666666666666666
10090684,Acend,0.3333333333333333
10090684,ex-Zero Tenacity,0.3333333333333333
10090685,Metizport,0.3333333333333333
10090685,Novaq,0.6666666666666666
10090701,QWENTRY,0.6666666666666666
10090701,magic,0.6666666666666666
10090702,MOUZ NXT,0.6666666666666666
10090702,Nuclear TigeRES,0.6666666666666666
10090703,KOLESIE,0.3333333333333333
10090703,Leo Team,0.6666666666666666
10090704,K27,0.6666666666666666
10090704,Metizport,0.3333333333333333
10090705,CYBERSHOKE Esports,0.3333333333333333
10090705,Phantom Esports,0.6666666666666666
10090706,HOTU,0.6666666666666666
10090706,ex-Zero Tenacity,0.6666666666666666
10090708,Johnny Speeds,0.3333333333333333
10090708,ex-RUBY,0.6666666666666666
10090709,M80,0.3333333333333333
10090709,Nebula In Chaox,0.5
10090710,9INE,0.3333333333333333
10090710,JiJieHao,0.3333333333333333
10090711,9INE,0.3333333333333333
10090711,M80,0.3333333333333333
10090712,Nebula In Chaox,0.0
10090712,Rebels Gaming,0.3333333333333333
10090713,9INE,0.3333333333333333
10090713,Nebula In Chaox,0.0
10090714,JiJieHao,0.3333333333333333
10090714,Rebels Gaming,0.3333333333333333
10090715,JiJieHao,0.3333333333333333
10090715,M80,0.6666666666666666
10090716,9INE,0.6666666666666666
10090716,Rebels Gaming,0.3333333333333333
10090719,Iedopieca,0.5
10090719,Ninjas in Pyjamas,0.6666666666666666
10090720,EYEBALLERS,0.3333333333333333
10090720,SAW,0.3333333333333333
10090722,Iedopieca,0.0
10090722,Team Voca,0.3333333333333333
10090723,EYEBALLERS,0.6666666666666666
10090723,Iedopieca,0.0
10090724,SAW,0.3333333333333333
10090724,Team Voca,0.6666666666666666
10090728,Iedopieca,0.0
10090728,SAW,0.0
10090729,Team Liquid,0.6666666666666666
10090729,hypewrld,0.6666666666666666
10090730,BESTIA,0.0
10090730,FC Famalicão Esports,0.0
10090731,BESTIA,0.3333333333333333
10090731,Team Liquid,0.6666666666666666
10090732,Gaimin Gladiators,0.3333333333333333
10090732,hypewrld,0.3333333333333333
10090733,BESTIA,0.3333333333333333
10090733,hypewrld,0.6666666666666666
10090734,FC Famalicão Esports,0.0
10090734,Gaimin Gladiators,0.0
10090735,FC Famalicão Esports,0.0
10090735,Team Liquid,0.6666666666666666
10090736,BESTIA,0.6666666666666666
10090736,Gaimin Gladiators,0.3333333333333333
10090737,Gaimin Gladiators,0.6666666666666666
10090737,Team Liquid,0.6666666666666666
10090738,FC Famalicão Esports,0.3333333333333333
10090738,hypewrld,0.3333333333333333
10090739,BCGame,0.3333333333333333
10090739,GRINGOS,0.5
10090740,Alliance,0.6666666666666666
10090740,Nexus Gaming,0.3333333333333333
10090741,Alliance,0.3333333333333333
10090741,BCGame,0.6666666666666666
10090742,GRINGOS,0.0
10090742,OG,0.3333333333333333
10090743,Alliance,0.3333333333333333
10090743,GRINGOS,0.0
10090745,BCGame,0.3333333333333333
10090745,Nexus Gaming,0.3333333333333333
10090746,Alliance,0.6666666666666666
10090746,OG,0.6666666666666666
10090747,BCGame,0.3333333333333333
10090747,OG,0.6666666666666666
10090748,GRINGOS,0.0
10090748,Nexus Gaming,0.6666666666666666
10090749,Leo Team,1.0
10090749,QWENTRY,1.0
10090763,K27,0.6666666666666666
10090763,VP.Prodigy,0.6666666666666666
10090764,ARCRED,1.0
10090764,Team Nemesis,0.6666666666666666
10090765,Nuclear TigeRES,0.6666666666666666
10090765,WW Team,0.6666666666666666
10090766,BET-M 33,0.6666666666666666
10090766,Nemiga Gaming,0.6666666666666666
10090767,K27,1.0
10090767,Team Nemesis,0.6666666666666666
10090801,Nemiga Gaming,0.6666666666666666
10090801,WW Team,1.0
10090841,K27,0.6666666666666666
10090841,WW Team,1.0
10090842,HOTU,0.6666666666666666
10090842,Leo Team,1.0
10090844,HOTU,1.0
10090844,ex-RUBY,1.0
10090845,EYEBALLERS,1.0
10090845,Team Liquid,0.3333333333333333
10090846,JiJieHao,1.0
10090846,OG,0.6666666666666666
10090847,Gaimin Gladiators,1.0
10090847,Ninjas in Pyjamas,0.6666666666666666
10090848,9INE,0.6666666666666666
10090848,Alliance,1.0
10090849,OG,0.6666666666666666
10090849,Team Liquid,0.3333333333333333
10090850,Alliance,1.0
10090850,Ninjas in Pyjamas,1.0
10090851,Ninjas in Pyjamas,1.0
10090851,OG,1.0
10090852,Alliance,0.6666666666666666
10090852,Team Liquid,0.3333333333333333
10090867,Deko Team,0.3333333333333333
10090867,Team Buster,0.6666666666666666
10090868,Team Evelone,1.0
10090868,Team Skywhywalker,0.3333333333333333
10090869,Deko Team,0.3333333333333333
10090869,Team Skywhywalker,0.3333333333333333
10090870,Team Buster,0.6666666666666666
10090870,Team Evelone,1.0
10090871,Deko Team,0.3333333333333333
10090871,Team Buster,0.3333333333333333
10090872,Team Buster,0.6666666666666666
10090872,Team Evelone,1.0
10091046,Metizport,0.3333333333333333
10091046,UNiTY,0.3333333333333333
10091047,GamerLegion,1.0
10091047,Metizport,0.6666666666666666
10091048,FC Famalicão Esports,0.6666666666666666
10091048,Johnny Speeds,0.0
10091049,Johnny Speeds,0.3333333333333333
10091049,M80,0.3333333333333333
10091050,Betclic,0.6666666666666666
10091050,Heroic Academy,0.0
10091051,Betclic,0.6666666666666666
10091051,Västerås Esport,0.5
10091052,Alliance,0.6666666666666666
10091052,ReThink,0.5
10091053,EYEBALLERS,0.6666666666666666
10091053,Young Ninjas,0.3333333333333333
10091090,Metizport,0.3333333333333333
10091090,UNiTY,0.0
10091093,FC Famalicão Esports,0.6666666666666666
10091093,Johnny Speeds,0.3333333333333333
10091097,Heroic Academy,0.0
10091097,Västerås Esport,0.0
10091102,Aimclub,0.3333333333333333
10091102,G2 Esports,0.0
10091103,G2 Esports,0.3333333333333333
10091103,Sinners Esports,0.3333333333333333
10091104,BESTIA,0.3333333333333333
10091104,Sinners Esports,0.3333333333333333
10091105,BetBoom Team,0.6666666666666666
10091105,Sinners Esports,0.6666666666666666
10091106,BetBoom Team,0.6666666666666666
10091106,Eternal Fire,0.0
10091107,BetBoom Team,0.6666666666666666
10091107,Monte,0.3333333333333333
10091108,9INE,0.6666666666666666
10091108,Monte,0.0
10091109,Heroic,0.0
10091109,Tricked Esport,0.3333333333333333
10091110,HOTU,0.6666666666666666
10091110,Tricked Esport,0.6666666666666666
10091111,HOTU,0.6666666666666666
10091111,Inner Circle,0.6666666666666666
10091112,BIG,1.0
10091112,HOTU,0.6666666666666666
10091113,BIG,1.0
10091113,MOUZ NXT,0.6666666666666666
10091114,BIG,1.0
10091114,Gentle Mates,0.6666666666666666
10091115,Gentle Mates,0.6666666666666666
10091115,HyperSpirit,0.0
10091117,Alliance,0.6666666666666666
10091117,EYEBALLERS,0.6666666666666666
10091118,ReThink,0.0
10091118,Young Ninjas,0.0
10091119,Alliance,0.6666666666666666
10091119,Young Ninjas,0.3333333333333333
10091120,BetBoom Team,0.6666666666666666
10091120,HOTU,0.6666666666666666
10091123,Alliance,0.6666666666666666
10091123,GamerLegion,1.0
10091124,Betclic,0.6666666666666666
10091124,Johnny Speeds,0.6666666666666666
10091125,Heroic Academy,0.3333333333333333
10091125,M80,0.3333333333333333
10091126,EYEBALLERS,0.6666666666666666
10091126,Metizport,0.6666666666666666
10091127,Alliance,0.6666666666666666
10091127,Johnny Speeds,0.6666666666666666
10091128,EYEBALLERS,1.0
10091128,Heroic Academy,0.6666666666666666
10091129,Alliance,1.0
10091129,EYEBALLERS,1.0
10091130,BetBoom Team,0.6666666666666666
10091130,noMERCY,0.5
10091131,BESTIA,0.3333333333333333
10091131,Wildcard Gaming,0.0
10091132,BESTIA,0.3333333333333333
10091132,BetBoom Team,0.6666666666666666
10091133,Sangal Esports,0.3333333333333333
10091133,noMERCY,0.0
10091134,BESTIA,0.6666666666666666
10091134,noMERCY,0.0
10091135,Sangal Esports,0.3333333333333333
10091135,Wildcard Gaming,0.0
10091136,BetBoom Team,0.6666666666666666
10091136,Wildcard Gaming,0.0
10091137,BESTIA,1.0
10091137,Sangal Esports,0.6666666666666666
10091138,BetBoom Team,0.3333333333333333
10091138,Sangal Esports,0.6666666666666666
10091139,Wildcard Gaming,0.3333333333333333
10091139,noMERCY,0.0
10091140,Heroic,0.0
10091140,TEAM ASCEND,0.5
10091141,CYBERSHOKE Esports,0.6666666666666666
10091141,SAW,0.3333333333333333
10091143,Fluxo,0.0
10091143,TEAM ASCEND,0.0
10091144,CYBERSHOKE Esports,0.3333333333333333
10091144,TEAM ASCEND,0.0
10091145,Fluxo,0.3333333333333333
10091145,SAW,0.3333333333333333
10091147,CYBERSHOKE Esports,0.6666666666666666
10091147,Fluxo,0.6666666666666666
10091148,Fluxo,1.0
10091148,Heroic,1.0
10091149,SAW,0.0
10091149,TEAM ASCEND,0.0
10091150,BIG,0.6666666666666666
10091150,JiJieHao,0.6666666666666666
10091151,OG,0.6666666666666666
10091151,Sinners Esports,1.0
10091154,BIG,0.3333333333333333
10091154,OG,0.3333333333333333
10091156,CarritoSpain,0.5
10091156,G2 Esports,0.3333333333333333
10091157,ESC Gaming,0.6666666666666666
10091157,cswalkers,0.5
10091160,CarritoSpain,0.0
10091160,ESC Gaming,0.6666666666666666
10091161,Acend,0.3333333333333333
10091161,cswalkers,0.0
10091171,BetBoom Team,0.3333333333333333
10091171,Sinners Esports,0.6666666666666666
10091172,BESTIA,1.0
10091172,OG,0.6666666666666666
10091445,Alliance,0.6666666666666666
10091445,Inner Circle,0.3333333333333333
10091453,Alliance,1.0
10091453,Passion UA,0.3333333333333333
10091455,Alliance,1.0
10091455,M80,0.6666666666666666
10091552,EYEBALLERS,0.6666666666666666
10091552,FaZe Clan,0.6666666666666666
10091560,G2 Esports,1.0
10091560,Gentle Mates,0.0
10091561,Team Liquid,0.3333333333333333
10091561,Team Spirit,0.3333333333333333
10091567,Békéscsabai E-Sport,0.5
10091567,Drama Esports,0.5
10091598,K27,1.0
10091598,Novaq,0.6666666666666666
10091599,1w Team,0.5
10091599,JUMBO,0.3333333333333333
10091600,1w Team,1.0
10091600,K27,1.0
10091601,JUMBO,0.3333333333333333
10091601,Novaq,0.3333333333333333
10091602,1w Team,0.5
10091602,JUMBO,0.3333333333333333
10091603,HOTU,0.0
10091603,WW Team,0.3333333333333333
10091604,ARCRED,0.6666666666666666
10091604,Younglings,0.3333333333333333
10091605,ARCRED,0.6666666666666666
10091605,HOTU,0.3333333333333333
10091606,WW Team,0.3333333333333333
10091606,Younglings,0.3333333333333333
10091607,ARCRED,0.3333333333333333
10091607,WW Team,0.3333333333333333
10091608,5Actors,0.3333333333333333
10091608,Nemiga Gaming,0.3333333333333333
10091609,BET-M 33,0.6666666666666666
10091609,Void Sentinels,0.5
10091610,BET-M 33,0.6666666666666666
10091610,Nemiga Gaming,0.3333333333333333
10091611,5Actors,0.3333333333333333
10091611,Void Sentinels,0.0
10091612,5Actors,0.3333333333333333
10091612,BET-M 33,0.3333333333333333
10091613,CYBERSHOKE Prospects,0.5
10091613,SPARTA Esports,0.0
10091614,TDK,0.3333333333333333
10091614,eternal premium,0.0
10091615,SPARTA Esports,0.3333333333333333
10091615,TDK,0.3333333333333333
10091616,CYBERSHOKE Prospects,0.0
10091616,eternal premium,0.0
10091617,CYBERSHOKE Prospects,0.5
10091617,SPARTA Esports,0.3333333333333333
10091632,FaZe Clan,0.6666666666666666
10091632,Wildcard Gaming,0.6666666666666666
10091641,illwill,0.6666666666666666
10091641,magic,0.6666666666666666
10092209,Sasavot Team,0.5
10092209,Team Aunkere,0.3333333333333333
10092210,Team Recrent,0.5
10092210,Team StRoGo,0.3333333333333333
10092211,Team Buster,0.3333333333333333
10092211,Team Recrent,1.0
10092212,Mokrivskiy Team,1.0
10092212,Team Buster,0.6666666666666666
10092213,Team Buster,0.6666666666666666
10092213,Team StRoGo,0.0
10092214,Mokrivskiy Team,0.5
10092214,Team Recrent,0.5
10092215,Team Aunkere,0.3333333333333333
10092215,Team By_Owl,0.6666666666666666
10092216,Team Aunkere,0.6666666666666666
10092216,Team Evelone,1.0
10092217,Sasavot Team,1.0
10092217,Team Evelone,0.6666666666666666
10092218,Sasavot Team,0.5
10092218,Team By_Owl,0.3333333333333333
10092219,Team By_Owl,0.3333333333333333
10092219,Team Evelone,0.6666666666666666
10092220,Mokrivskiy Team,0.5
10092220,Team StRoGo,0.3333333333333333
10092279,Mokrivskiy Team,0.6666666666666666
10092279,Team Aunkere,0.6666666666666666
10092280,Team Buster,1.0
10092280,Team Evelone,0.6666666666666666
10092281,Team Buster,0.6666666666666666
10092281,Team By_Owl,0.3333333333333333
10092282,Team Aunkere,0.6666666666666666
10092282,Team Recrent,0.3333333333333333
10092283,Mokrivskiy Team,0.6666666666666666
10092283,Team Evelone,1.0
10092284,Mokrivskiy Team,0.6666666666666666
10092284,Team Aunkere,0.6666666666666666
10092285,Team Aunkere,0.6666666666666666
10092285,Team Buster,0.6666666666666666
10092344,Mokrivskiy Team,0.6666666666666666
10092344,Team Evelone,1.0
10092356,Acend,0.3333333333333333
10092356,BIG,1.0
10092358,BIG,1.0
10092358,SPARTA Esports,1.0
10092359,SPARTA Esports,0.3333333333333333
10092359,TDK,0.6666666666666666
10092360,Nemiga Gaming,0.6666666666666666
10092360,ex-RUBY,0.6666666666666666
10092362,CYBERSHOKE Esports,0.3333333333333333
10092362,EYEBALLERS,0.3333333333333333
10092363,BetBoom Team,0.6666666666666666
10092363,Ursa,0.0
10092364,Ursa,0.3333333333333333
10092364,Walczaki,0.6666666666666666
10092365,ECSTATIC,0.6666666666666666
10092365,Walczaki,0.0
10092366,Alliance,0.6666666666666666
10092366,Oxuji Esports,0.3333333333333333
10092367,Alliance,0.6666666666666666
10092367,Nuclear TigeRES,0.3333333333333333
10092368,Nuclear TigeRES,0.3333333333333333
10092368,magic,0.3333333333333333
10092370,Nuclear TigeRES,0.6666666666666666
10092370,Walczaki,1.0
10092564,Astralis,0.3333333333333333
10092564,FUT Esports,0.6666666666666666
10092568,FaZe Clan,0.3333333333333333
10092568,G2 Esports,0.3333333333333333
10092593,CYBERSHOKE Prospects,0.6666666666666666
10092593,Team Nemesis,0.3333333333333333
10092594,The Last Resort,0.0
10092594,ex-Zero Tenacity,0.3333333333333333
10092595,Atreides,0.3333333333333333
10092595,Phantom Esports,0.3333333333333333
10092596,Hashiras,0.5
10092596,Walczaki,0.5
10092597,Fnatic,0.3333333333333333
10092597,Project 91 Team,0.5
10092598,Rune Eaters,0.0
10092598,TNC Esport,0.3333333333333333
10092599,Aurora Young Blood,0.6666666666666666
10092599,Leo Team,0.6666666666666666
10092600,BIG Academy,0.3333333333333333
10092600,Eternal Fire,0.0
10092601,BET-M 33,0.6666666666666666
10092601,Lilmix,0.3333333333333333
10092602,GenOne,0.0
10092602,bankaPEPSI,0.5
10092603,Lavked,0.0
10092603,OLDBOYS,0.5
10092604,Donstu Esports,0.6666666666666666
10092604,SPARTA Esports,0.3333333333333333
10092605,ex-RUBY,1.0
10092605,playersclub,0.0
10092606,Aimclub,0.3333333333333333
10092606,Rebels Gaming,0.3333333333333333
10092607,Just Players,0.3333333333333333
10092607,against All authority,0.5
10092608,9INE,0.3333333333333333
10092608,Misa Esports,0.5
10092609,Dripmen,0.5
10092609,Just Players,0.3333333333333333
10092610,Aimclub,0.0
10092610,Rustec,0.3333333333333333
10092611,Donstu Esports,0.3333333333333333
10092611,OLDBOYS,0.0
10092612,BET-M 33,0.3333333333333333
10092612,bankaPEPSI,0.0
10092613,Eternal Fire,0.0
10092613,FC Famalicão Esports,0.3333333333333333
10092614,G2 Ares,0.6666666666666666
10092614,MASONIC,0.0
10092615,Atreides,0.3333333333333333
10092615,Walczaki,0.5
10092616,CYBERSHOKE Prospects,0.3333333333333333
10092616,brazylijski luz,0.0
10092617,Team Nemesis,0.3333333333333333
10092617,The Last Resort,0.3333333333333333
10092618,Hashiras,1.0
10092618,Phantom Esports,0.6666666666666666
10092619,Fnatic,0.6666666666666666
10092619,Rune Eaters,0.3333333333333333
10092620,BIG Academy,0.3333333333333333
10092620,Leo Team,0.6666666666666666
10092621,GenOne,0.3333333333333333
10092621,Lilmix,0.3333333333333333
10092622,Lavked,0.3333333333333333
10092622,SPARTA Esports,0.6666666666666666
10092623,Rebels Gaming,0.6666666666666666
10092623,playersclub,0.5
10092624,Misa Esports,0.6666666666666666
10092624,against All authority,1.0
10092626,Just Players,0.3333333333333333
10092626,The Last Resort,0.3333333333333333
10092627,Phantom Esports,0.3333333333333333
10092627,Rustec,0.6666666666666666
10092628,OLDBOYS,0.5
10092628,Rune Eaters,0.3333333333333333
10092629,BET-M 33,0.3333333333333333
10092629,BIG Academy,0.3333333333333333
10092630,Eternal Fire,0.3333333333333333
10092630,Lilmix,0.3333333333333333
10092631,G2 Ares,0.6666666666666666
10092631,Lavked,0.3333333333333333
10092632,Walczaki,1.0
10092632,playersclub,0.3333333333333333
10092633,CYBERSHOKE Prospects,0.3333333333333333
10092633,Misa Esports,0.3333333333333333
10092649,Phantom Esports,0.6666666666666666
10092649,The Last Resort,0.6666666666666666
10092650,BIG Academy,0.6666666666666666
10092650,OLDBOYS,0.6666666666666666
10092651,Lavked,0.6666666666666666
10092651,Lilmix,0.6666666666666666
10092652,CYBERSHOKE Prospects,0.6666666666666666
10092652,Walczaki,0.6666666666666666
10092653,CYBERSHOKE Prospects,1.0
10092653,Hashiras,0.6666666666666666
10092654,Lavked,0.6666666666666666
10092654,Leo Team,0.6666666666666666
10092655,BIG Academy,0.6666666666666666
10092655,GenOne,0.6666666666666666
10092656,Phantom Esports,0.6666666666666666
10092656,against All authority,0.6666666666666666
10092657,GenOne,0.6666666666666666
10092657,Phantom Esports,1.0
10092658,Hashiras,0.6666666666666666
10092658,Lavked,1.0
10092659,Lavked,1.0
10092659,Rebels Gaming,0.6666666666666666
10092660,Fnatic,0.6666666666666666
10092660,Phantom Esports,1.0
10092661,Hashiras,1.0
10092661,Team Nemesis,0.6666666666666666
10092662,Fnatic,0.6666666666666666
10092662,Leo Team,0.6666666666666666
10092663,Fnatic,1.0
10092663,Team Nemesis,1.0
10092664,SPARTA Esports,0.6666666666666666
10092664,Team Nemesis,1.0
10092665,GenOne,0.6666666666666666
10092665,SPARTA Esports,0.6666666666666666
10092666,Rebels Gaming,1.0
10092666,against All authority,1.0
10092667,Rebels Gaming,1.0
10092667,SPARTA Esports,0.6666666666666666
10092668,Lilmix,0.6666666666666666
10092668,yngods,0.5
10092669,NigelM,0.5
10092669,ex-Zero Tenacity,0.6666666666666666
10092670,BIG EQUIPA,0.0
10092670,Grindas,0.0
10092671,CSDIILIT,0.5
10092671,M1X,0.3333333333333333
10092672,Lavked,1.0
10092672,playersclub,0.5
10092673,Donstu Esports,0.0
10092673,brazylijski luz,0.3333333333333333
10092674,Rune Eaters,0.0
10092674,TNT,0.5
10092675,KAJO,0.5
10092675,Team Pigeons,0.5
10092676,8Sins,0.0
10092676,Johnny Speeds,0.6666666666666666
10092677,MANA eSports,0.3333333333333333
10092677,Rustec,0.0
10092678,Atreides,0.5
10092678,UNiTY,0.0
10092679,ENCE,0.6666666666666666
10092679,Team QUAZAR,0.3333333333333333
10092680,G2 Ares,0.0
10092680,eLITenergy,0.0
10092681,QWENTRY,0.6666666666666666
10092681,The Last Resort,0.5
10092682,Just Players,0.5
10092682,Ursa,0.0
10092683,Heroic Academy,0.6666666666666666
10092683,TNC Esport,0.5
10092684,8Sins,0.0
10092684,yngods,1.0
10092685,Rustec,0.0
10092685,ex-Zero Tenacity,0.6666666666666666
10092686,Atreides,0.0
10092686,Grindas,0.3333333333333333
10092687,CSDIILIT,1.0
10092687,Team QUAZAR,0.3333333333333333
10092688,G2 Ares,0.0
10092688,Lavked,0.3333333333333333
10092689,Donstu Esports,0.3333333333333333
10092689,The Last Resort,0.0
10092690,TNT,1.0
10092690,Ursa,0.0
10092691,Heroic Academy,0.3333333333333333
10092691,Team Pigeons,1.0
10092692,Rustec,0.3333333333333333
10092692,yngods,1.0
10092693,Atreides,0.5
10092693,Team QUAZAR,0.3333333333333333
10092694,Donstu Esports,0.6666666666666666
10092694,G2 Ares,0.3333333333333333
10092695,Heroic Academy,0.3333333333333333
10092695,TNT,1.0
10092696,Johnny Speeds,0.6666666666666666
10092696,MANA eSports,0.6666666666666666
10092697,ENCE,0.6666666666666666
10092697,UNiTY,0.3333333333333333
10092698,QWENTRY,0.6666666666666666
10092698,eLITenergy,0.5
10092699,Just Players,1.0
10092699,TNC Esport,1.0
10092700,ENCE,0.6666666666666666
10092700,Johnny Speeds,0.6666666666666666
10092701,QWENTRY,0.6666666666666666
10092701,TNC Esport,1.0
10092702,Just Players,0.5
10092702,yngods,1.0
10092703,Team QUAZAR,0.6666666666666666
10092703,eLITenergy,0.3333333333333333
10092704,G2 Ares,0.6666666666666666
10092704,UNiTY,0.3333333333333333
10092705,Heroic Academy,0.6666666666666666
10092705,MANA eSports,0.3333333333333333
10092706,Johnny Speeds,1.0
10092706,QWENTRY,1.0
10092707,Just Players,0.6666666666666666
10092707,eLITenergy,0.6666666666666666
10092708,MANA eSports,0.6666666666666666
10092708,UNiTY,0.6666666666666666
10092709,Johnny Speeds,1.0
10092709,eLITenergy,1.0
10092710,ENCE,0.6666666666666666
10092710,eLITenergy,0.6666666666666666
10092711,MANA eSports,0.6666666666666666
10092711,TNC Esport,0.6666666666666666
10092712,TNC Esport,0.6666666666666666
10092712,eLITenergy,1.0
10092713,PsychoFace,0.5
10092713,eLITenergy,1.0
10092714,Fnatic,0.6666666666666666
10092714,Lavked,1.0
10092741,SPARTA Esports,0.6666666666666666
10092741,Team Nemesis,1.0
10092831,Lavked,0.6666666666666666
10092831,OMEGA,0.3333333333333333
10092833,HAVU Gaming,0.3333333333333333
10092833,ex-RUBY,0.3333333333333333
10092834,GenOne,0.3333333333333333
10092834,Oxuji Esports,0.3333333333333333
10092835,INOX Division,0.5
10092835,TDK,0.3333333333333333
10092836,Bebop,0.6666666666666666
10092836,FAVBET Team,0.6666666666666666
10092837,TNC Esport,0.3333333333333333
10092837,UNiTY,0.3333333333333333
10092860,Bebop,0.3333333333333333
10092860,MOUZ NXT,0.0
10092861,FC Famalicão Esports,0.0
10092861,TDK,0.0
10092862,GenOne,0.3333333333333333
10092862,HAVU Gaming,0.0
10092863,OMEGA,0.3333333333333333
10092863,UNiTY,0.3333333333333333
10092866,FAVBET Team,0.6666666666666666
10092866,Ursa,0.6666666666666666
10092888,MOUZ,0.3333333333333333
10092888,WW Team,0.6666666666666666
10092908,M80,0.3333333333333333
10092908,paiN Gaming,0.3333333333333333
10092940,GenOne,0.3333333333333333
10092940,Ursa,0.3333333333333333
10092943,Lavked,0.6666666666666666
10092943,TDK,0.6666666666666666
10092990,GamerLegion,0.6666666666666666
10092990,paiN Gaming,0.6666666666666666
10092998,B8 Esports,0.6666666666666666
10092998,Team Vitality,0.6666666666666666
10093010,Fisher College,0.0
10093010,The Huns Esports,0.0
10093027,INOX Division,0.3333333333333333
10093027,MOUZ NXT,0.6666666666666666
10093028,FAVBET Team,0.3333333333333333
10093028,HAVU Gaming,0.6666666666666666
10093029,GenOne,0.6666666666666666
10093029,Lavked,0.3333333333333333
10093061,BET-M 33,0.3333333333333333
10093061,Walczaki,1.0
10093067,KOLESIE,0.0
10093067,TDK,1.0
10093215,Team Buster,0.3333333333333333
10093215,Team StRoGo,0.0
10093381,PsychoFace,0.3333333333333333
10093381,WW Team,0.3333333333333333
10093429,K27,0.6666666666666666
10093429,Oxuji Esports,0.6666666666666666
10093434,K27,0.6666666666666666
10093434,Nuclear TigeRES,0.6666666666666666
10093438,ALGO Esports,0.0
10093438,Gentle Mates,0.3333333333333333
10093439,Eternal Fire,0.3333333333333333
10093439,Fnatic,0.6666666666666666
10093442,WW Team,0.3333333333333333
10093442,ex-RUBY,0.3333333333333333
10093459,Eternal Fire,0.6666666666666666
10093459,Gentle Mates,0.3333333333333333
10093469,GenOne,0.6666666666666666
10093469,Gentle Mates,0.6666666666666666
10093486,Team 3DMAX,0.0
10093486,magic,0.3333333333333333
10093487,Alliance,0.3333333333333333
10093487,FaZe Clan,0.3333333333333333
10093488,Heroic,0.0
10093488,Ninjas in Pyjamas,0.0
10093489,9z Team,0.6666666666666666
10093489,Sharks Esports,1.0
10093490,Alliance,0.3333333333333333
10093490,Team 3DMAX,0.0
10093491,9z Team,0.3333333333333333
10093491,Heroic,0.0
10093496,FaZe Clan,0.6666666666666666
10093496,magic,0.3333333333333333
10093497,Ninjas in Pyjamas,0.3333333333333333
10093497,Sharks Esports,1.0
10093590,Heroic,0.0
10093590,Lynn Vision Gaming,0.3333333333333333
10093592,MIBR,0.0
10093592,TYLOO,0.0
10093662,Legacy,1.0
10093662,MIBR,1.0
10093663,9z Team,0.3333333333333333
10093663,FlyQuest,0.6666666666666666
10093666,9z Team,0.6666666666666666
10093666,Astralis,0.6666666666666666
10093673,B8 Esports,0.6666666666666666
10093673,M80,0.3333333333333333
10093675,BIG,0.6666666666666666
10093675,MIBR,0.6666666666666666
10093794,Bebop,0.0
10093794,INOX Division,0.3333333333333333
10093795,Rustec,0.3333333333333333
10093795,ex-RUBY,0.3333333333333333
10093800,KOLESIE,0.0
10093800,Leo Team,0.3333333333333333
10093937,Bebop,0.0
10093937,Oxuji Esports,0.3333333333333333
10093940,INOX Division,0.3333333333333333
10093940,Virtus.pro,1.0
10093941,GenOne,0.6666666666666666
10093941,SPARTA Esports,0.3333333333333333
10093942,Leo Team,0.3333333333333333
10093942,Ursa,0.3333333333333333
10094046,Oxuji Esports,0.0
10094046,brazylijski luz,0.0
10094047,Heroic Academy,0.0
10094047,Rustec,0.0
10094048,G2 Ares,0.3333333333333333
10094048,PsychoFace,0.3333333333333333
10094051,Leo Team,0.3333333333333333
10094051,SPARTA Esports,0.3333333333333333
10094074,Nuclear TigeRES,0.6666666666666666
10094074,Oxuji Esports,0.0
10094075,TDK,0.6666666666666666
10094075,Young Ninjas,0.3333333333333333
10094076,G2 Ares,0.3333333333333333
10094076,Walczaki,0.6666666666666666
10094077,HyperSpirit,0.0
10094077,Sashi Esport,0.6666666666666666
10094080,INOX Division,1.0
10094080,SPARTA Esports,0.3333333333333333
10094083,KOLESIE,0.3333333333333333
10094083,Sashi Esport,0.6666666666666666
10094145,Leo Team,0.6666666666666666
10094145,PsychoFace,0.6666666666666666
10094146,GenOne,0.6666666666666666
10094146,KOLESIE,1.0
10094149,G2 Ares,0.0
10094149,SPARTA Esports,0.3333333333333333
10094151,Bebop,0.6666666666666666
10094151,SPARTA Esports,0.3333333333333333
10094196,Bebop,0.6666666666666666
10094196,Team Nemesis,0.6666666666666666
10094198,GenOne,0.6666666666666666
10094198,HOTU,0.3333333333333333
10094199,100 Thieves,0.3333333333333333
10094199,Leo Team,0.6666666666666666
10094202,Gentle Mates,1.0
10094202,KOLESIE,0.6666666666666666
10094204,TDK,0.6666666666666666
10094204,Team Nemesis,0.6666666666666666
10094277,Gentle Mates,1.0
10094277,ex-RUBY,0.6666666666666666
10094318,Team Germany,0.5
10094318,Team Poland,0.5
10094491,Acend,0.3333333333333333
10094491,GamerLegion,0.0
10094492,Acend,0.6666666666666666
10094492,Sashi Esport,0.6666666666666666
10094493,9INE,0.3333333333333333
10094493,Sashi Esport,0.3333333333333333
10094494,AM Gaming,0.3333333333333333
10094494,Inner Circle,0.3333333333333333
10094495,Eternal Fire,0.3333333333333333
10094495,Sharks Esports,0.0
10094496,Inner Circle,0.6666666666666666
10094496,Sharks Esports,0.3333333333333333
10094498,AM Gaming,0.3333333333333333
10094498,Eternal Fire,0.3333333333333333
10094499,FOKUS,0.3333333333333333
10094499,OG,0.6666666666666666
10094500,Betclic,0.0
10094500,Echo,0.5
10094501,Esport Academy CPH,0.0
10094501,Infinite Gaming,0.3333333333333333
10094502,K27,0.0
10094502,Walczaki,1.0
10094504,Infinite Gaming,0.3333333333333333
10094504,K27,0.0
10094507,Echo,1.0
10094507,FOKUS,0.6666666666666666
10094508,Esport Academy CPH,0.5
10094508,Walczaki,1.0
10094511,9INE,0.3333333333333333
10094511,Inner Circle,0.3333333333333333
10094514,Acend,0.6666666666666666
10094514,Sharks Esports,0.6666666666666666
